time,entropy
1762478275.777043,0.0
1762478275.877043,2.807354922057605
1762478276.077043,2.807354922057605
1762478276.1770432,1.0
1762478276.277043,2.3219280948873626
1762478276.377043,2.0
1762478276.4770432,1.584962500721156
1762478276.577043,2.584962500721156
1762478276.6770432,0.0
1762478276.877043,1.0
1762478277.277043,2.0
1762478277.377043,1.0
1762478297.377043,2.0
1762478297.4770432,1.584962500721156
1762478297.577043,2.584962500721156
1762478297.6770432,0.0
1762478297.777043,2.584962500721156
1762478297.877043,0.0
1762478297.9770432,2.807354922057605
1762478298.077043,2.584962500721156
1762478298.1770432,0.0
1762478298.277043,2.807354922057605
1762478298.377043,1.0
1762478298.4770432,2.3219280948873626
1762478298.577043,2.807354922057605
1762478298.6770432,2.584962500721156
1762478298.777043,0.0
1762478298.877043,2.584962500721156
1762478298.9770432,0.0
1762478299.077043,2.807354922057605
1762478299.1770432,2.584962500721156
1762478299.277043,0.0
1762478299.377043,2.0
1762478299.4770432,1.584962500721156
1762478299.577043,0.0
1762478299.6770432,2.3219280948873626
1762478299.777043,0.0
1762478299.877043,2.584962500721156
1762478299.9770432,0.0
1762478300.077043,2.807354922057605
1762478300.1770432,2.584962500721156
1762478300.277043,0.0
1762478300.377043,2.584962500721156
1762478300.4770432,0.0
1762478300.577043,2.807354922057605
1762478300.6770432,2.807354922057605
1762478300.777043,2.584962500721156
1762478300.877043,0.0
1762478300.9770432,2.807354922057605
1762478301.077043,2.584962500721156
1762478301.1770432,0.0
1762478301.277043,2.807354922057605
1762478301.377043,2.584962500721156
1762478301.4770432,0.0
1762478301.577043,2.807354922057605
1762478301.6770432,2.584962500721156
1762478301.777043,0.0
1762478301.877043,2.584962500721156
1762478301.9770432,0.0
1762478302.277043,0.0
1762478302.377043,2.584962500721156
1762478302.577043,2.807354922057605
1762478302.6770432,2.0
1762478302.777043,1.584962500721156
1762478302.877043,2.807354922057605
1762478302.9770432,2.721928094887362
1762478303.077043,1.0
1762478303.1770432,2.807354922057605
1762478303.277043,1.0
1762478303.377043,2.3219280948873626
1762478303.4770432,2.807354922057605
1762478303.6770432,2.807354922057605
1762478303.777043,2.584962500721156
1762478303.877043,0.0
1762478303.9770432,2.584962500721156
1762478304.077043,0.0
1762478304.1770432,2.584962500721156
1762478304.277043,0.0
1762478304.377043,2.584962500721156
1762478304.4770432,0.0
1762478304.577043,2.807354922057605
1762478304.6770432,2.0
1762478304.777043,1.584962500721156
1762478304.877043,2.807354922057605
1762478304.9770432,2.584962500721156
1762478305.077043,0.0
1762478305.1770432,2.807354922057605
1762478305.277043,2.584962500721156
1762478305.377043,0.0
1762478305.4770432,2.807354922057605
1762478305.6770432,2.807354922057605
1762478305.777043,1.0
1762478305.877043,2.3219280948873626
1762478305.9770432,2.584962500721156
1762478306.077043,0.0
1762478306.1770432,2.584962500721156
1762478306.277043,0.0
1762478306.377043,2.807354922057605
1762478306.4770432,2.584962500721156
1762478306.577043,0.0
1762478306.6770432,2.807354922057605
1762478306.777043,2.584962500721156
1762478306.877043,0.0
1762478306.9770432,2.807354922057605
1762478307.277043,2.584962500721156
1762478307.377043,0.0
1762478307.4770432,2.584962500721156
1762478307.577043,0.0
1762478307.6770432,2.807354922057605
1762478307.777043,2.584962500721156
1762478307.877043,0.0
1762478307.9770432,2.807354922057605
1762478308.077043,2.584962500721156
1762478308.1770432,0.0
1762478308.277043,2.807354922057605
1762478308.377043,2.0
1762478308.4770432,1.584962500721156
1762478308.577043,2.807354922057605
1762478308.6770432,2.0
1762478308.777043,1.584962500721156
1762478321.9770432,0.0
1762478322.077043,2.584962500721156
1762478322.1770432,0.0
1762478322.277043,2.807354922057605
1762478322.377043,2.584962500721156
1762478322.4770432,2.0
1762478322.577043,2.0
1762478322.6770432,2.807354922057605
1762478322.777043,2.584962500721156
1762478322.877043,0.0
1762478322.9770432,2.807354922057605
1762478323.077043,2.584962500721156
1762478323.1770432,0.0
1762478323.277043,2.807354922057605
1762478325.877043,0.0
1762478325.9770432,2.584962500721156
1762478326.077043,0.0
1762478326.1770432,2.807354922057605
1762478326.277043,2.0
1762478326.377043,1.584962500721156
1762478326.4770432,2.584962500721156
1762478326.577043,0.0
1762478326.6770432,2.807354922057605
1762478326.777043,2.0
1762478326.877043,1.584962500721156
1762478326.9770432,2.3219280948873626
1762478327.077043,0.0
1762478327.377043,2.807354922057605
1762478327.577043,2.807354922057605
1762478327.6770432,2.584962500721156
1762478327.777043,2.3219280948873626
1762478327.877043,1.584962500721156
1762478327.9770432,2.807354922057605
1762478328.077043,2.5219280948873624
1762478328.1770432,2.521640636343319
1762478328.277043,2.0
1762478328.377043,2.584962500721156
1762478328.4770432,0.0
1762478328.577043,2.807354922057605
1762478328.6770432,2.0
1762478328.777043,1.584962500721156
1762478328.877043,2.807354922057605
1762478328.9770432,2.0
1762478329.077043,1.584962500721156
1762478329.1770432,2.584962500721156
1762478329.277043,0.0
1762478329.377043,2.807354922057605
1762478329.577043,2.807354922057605
1762478329.6770432,1.0
1762478329.777043,2.3219280948873626
1762478329.877043,2.807354922057605
1762478329.9770432,2.3219280948873626
1762478330.077043,1.0
1762478330.1770432,2.807354922057605
1762478330.277043,2.584962500721156
1762478330.377043,0.0
1762478330.4770432,2.807354922057605
1762478330.577043,1.584962500721156
1762478330.6770432,2.0
1762478330.777043,2.584962500721156
1762478330.877043,0.0
1762478330.9770432,2.807354922057605
1762478331.077043,1.584962500721156
1762478331.1770432,2.0
1762478331.277043,2.584962500721156
1762478331.377043,0.0
1762478331.4770432,2.584962500721156
1762478331.577043,0.0
1762478331.6770432,2.584962500721156
1762478331.777043,0.0
1762478331.877043,2.807354922057605
1762478332.077043,2.584962500721156
1762478332.377043,2.584962500721156
1762478332.4770432,0.0
1762478332.577043,2.584962500721156
1762478332.6770432,0.0
1762478332.777043,2.807354922057605
1762478332.877043,2.584962500721156
1762478332.9770432,0.0
1762478333.077043,2.584962500721156
1762478333.1770432,0.0
1762478333.277043,2.807354922057605
1762478333.377043,2.584962500721156
1762478333.4770432,0.0
1762478333.577043,2.807354922057605
1762478333.6770432,2.0
1762478333.777043,1.584962500721156
1762478333.877043,2.807354922057605
1762478334.077043,2.584962500721156
1762478334.1770432,0.0
1762478334.277043,2.807354922057605
1762478334.377043,1.584962500721156
1762478334.4770432,2.0
1762478334.577043,2.3219280948873626
1762478334.6770432,1.0
1762478334.777043,2.584962500721156
1762478334.877043,0.0
1762478334.9770432,2.807354922057605
1762478335.077043,2.584962500721156
1762478335.1770432,0.0
1762478335.277043,2.807354922057605
1762478335.377043,2.584962500721156
1762478335.4770432,0.0
1762478335.577043,2.807354922057605
1762478335.6770432,2.0
1762478335.777043,1.584962500721156
1762478335.877043,2.807354922057605
1762478335.9770432,2.584962500721156
1762478336.077043,0.0
1762478336.1770432,2.807354922057605
1762478336.277043,2.0
1762478336.377043,1.584962500721156
1762478336.4770432,2.807354922057605
1762478336.6770432,2.807354922057605
1762478336.877043,2.807354922057605
1762478336.9770432,0.0
1762478337.077043,2.3219280948873626
1762478337.377043,2.807354922057605
1762478337.4770432,2.0
1762478337.577043,1.584962500721156
1762478337.6770432,2.807354922057605
1762478337.777043,2.0
1762478337.877043,1.584962500721156
1762478337.9770432,2.807354922057605
1762478338.077043,2.584962500721156
1762478338.1770432,0.0
1762478338.277043,2.807354922057605
1762478338.377043,2.584962500721156
1762478338.4770432,0.0
1762478338.577043,2.807354922057605
1762478338.6770432,2.584962500721156
1762478338.777043,0.0
1762478338.877043,2.0
1762478338.9770432,1.584962500721156
1762478339.077043,2.584962500721156
1762478339.1770432,0.0
1762478339.277043,2.807354922057605
1762478339.377043,2.0
1762478339.4770432,1.584962500721156
1762478339.577043,2.807354922057605
1762478339.6770432,1.0
1762478339.777043,2.3219280948873626
1762478339.877043,2.807354922057605
1762478339.9770432,2.0
1762478340.077043,1.584962500721156
1762478340.1770432,2.807354922057605
1762478340.277043,2.584962500721156
1762478340.377043,0.0
1762478340.4770432,2.807354922057605
1762478340.577043,2.3219280948873626
1762478340.6770432,1.0
1762478340.777043,2.807354922057605
1762478340.877043,2.0
1762478340.9770432,1.584962500721156
1762478341.077043,2.3219280948873626
1762478341.1770432,1.0
1762478341.277043,2.584962500721156
1762478341.377043,0.0
1762478341.4770432,2.807354922057605
1762478341.577043,2.0
1762478341.6770432,1.584962500721156
1762478341.777043,2.807354922057605
1762478341.877043,2.0
1762478341.9770432,1.584962500721156
1762478342.077043,2.584962500721156
1762478342.377043,2.0
1762478342.4770432,1.584962500721156
1762478342.577043,2.584962500721156
1762478342.6770432,0.0
1762478342.777043,2.584962500721156
1762478342.877043,0.0
1762478342.9770432,2.807354922057605
1762478343.077043,2.0
1762478343.1770432,1.584962500721156
1762478343.277043,2.0
1762478343.377043,1.584962500721156
1762478343.4770432,1.0
1762478343.577043,2.3219280948873626
1762478343.6770432,2.584962500721156
1762478343.777043,0.0
1762478343.877043,2.807354922057605
1762478343.9770432,2.584962500721156
1762478344.077043,0.0
1762478344.1770432,2.807354922057605
1762478344.277043,2.807354922057605
1762478344.377043,0.0
1762478344.4770432,2.584962500721156
1762478344.577043,2.584962500721156
1762478344.6770432,0.0
1762478344.777043,2.807354922057605
1762478344.877043,2.584962500721156
1762478344.9770432,0.0
1762478345.077043,2.807354922057605
1762478345.1770432,0.0
1762478345.277043,2.584962500721156
1762478345.377043,2.584962500721156
1762478345.4770432,0.0
1762478345.577043,2.584962500721156
1762478345.6770432,0.0
1762478345.777043,2.807354922057605
1762478345.9770432,2.807354922057605
1762478346.077043,2.584962500721156
1762478346.1770432,0.0
1762478346.277043,2.807354922057605
1762478346.377043,2.584962500721156
1762478346.4770432,0.0
1762478346.577043,2.807354922057605
1762478346.6770432,2.584962500721156
1762478346.777043,0.0
1762478346.877043,2.807354922057605
1762478346.9770432,1.0
1762478347.077043,2.3219280948873626
1762478347.377043,2.0
1762478347.577043,2.807354922057605
1762478347.6770432,2.0
1762478347.777043,1.584962500721156
1762478347.877043,2.584962500721156
1762478347.9770432,0.0
1762478348.077043,2.807354922057605
1762478348.1770432,2.0
1762478348.277043,1.584962500721156
1762478348.377043,2.807354922057605
1762478348.4770432,2.584962500721156
1762478348.577043,0.0
1762478348.6770432,2.807354922057605
1762478348.777043,2.0
1762478348.877043,1.584962500721156
1762478348.9770432,2.584962500721156
1762478349.077043,0.0
1762478349.1770432,2.807354922057605
1762478349.277043,2.584962500721156
1762478349.377043,0.0
1762478349.4770432,2.807354922057605
1762478349.577043,2.584962500721156
1762478349.6770432,0.0
1762478349.777043,2.584962500721156
1762478349.877043,0.0
1762478349.9770432,2.807354922057605
1762478350.077043,2.584962500721156
1762478350.1770432,0.0
1762478350.277043,2.807354922057605
1762478350.4770432,2.807354922057605
1762478350.577043,2.584962500721156
1762478350.6770432,0.0
1762478350.777043,2.807354922057605
1762478350.9770432,2.807354922057605
1762478351.077043,2.584962500721156
1762478351.1770432,0.0
1762478351.277043,2.807354922057605
1762478351.377043,2.584962500721156
1762478351.4770432,0.0
1762478351.577043,2.807354922057605
1762478351.6770432,2.584962500721156
1762478351.777043,0.0
1762478351.877043,2.584962500721156
1762478351.9770432,0.0
1762478352.077043,2.807354922057605
1762478352.4770432,2.807354922057605
1762478352.6770432,2.807354922057605
1762478352.877043,2.807354922057605
1762478352.9770432,2.3219280948873626
1762478353.077043,0.9182958340544894
1762478353.1770432,2.584962500721156
1762478353.277043,0.0
1762478353.377043,2.807354922057605
1762478353.4770432,2.584962500721156
1762478353.577043,0.0
1762478353.6770432,2.584962500721156
1762478353.777043,1.0
1762478353.877043,2.584962500721156
1762478353.9770432,2.584962500721156
1762478354.077043,0.0
1762478354.1770432,2.807354922057605
1762478354.277043,2.807354922057605
1762478354.4770432,2.807354922057605
1762478354.577043,2.584962500721156
1762478354.6770432,0.0
1762478354.777043,2.807354922057605
1762478354.877043,2.3219280948873626
1762478354.9770432,1.0
1762478355.077043,2.807354922057605
1762478355.1770432,1.584962500721156
1762478355.277043,2.0
1762478355.4770432,2.807354922057605
1762478355.577043,2.3219280948873626
1762478355.6770432,1.0
1762478355.777043,2.584962500721156
1762478355.877043,0.0
1762478355.9770432,2.807354922057605
1762478356.077043,2.584962500721156
1762478356.1770432,0.0
1762478356.277043,2.807354922057605
1762478356.377043,2.584962500721156
1762478356.4770432,0.0
1762478356.577043,2.807354922057605
1762478356.6770432,1.0
1762478356.777043,2.3219280948873626
1762478356.877043,2.584962500721156
1762478356.9770432,0.0
1762478357.077043,2.807354922057605
1762478357.377043,0.0
1762478357.577043,2.807354922057605
1762478357.777043,2.807354922057605
1762478357.877043,2.0
1762478357.9770432,1.584962500721156
1762478358.077043,2.807354922057605
1762478358.1770432,2.807354922057605
1762478358.277043,2.75
1762478358.4770432,2.807354922057605
1762478358.577043,2.0
1762478358.6770432,1.584962500721156
1762478358.777043,2.584962500721156
1762478358.877043,0.0
1762478358.9770432,2.807354922057605
1762478359.077043,2.0
1762478359.1770432,1.584962500721156
1762478359.277043,2.807354922057605
1762478359.4770432,2.807354922057605
1762478359.6770432,2.807354922057605
1762478359.877043,2.807354922057605
1762478360.077043,2.807354922057605
1762478360.277043,2.807354922057605
1762478360.377043,2.0
1762478360.4770432,1.584962500721156
1762478360.577043,0.0
1762478360.6770432,2.584962500721156
1762478360.777043,2.584962500721156
1762478360.877043,0.0
1762478360.9770432,2.584962500721156
1762478361.077043,0.0
1762478361.1770432,2.807354922057605
1762478361.277043,2.3219280948873626
1762478361.377043,1.0
1762478361.4770432,2.807354922057605
1762478361.6770432,2.807354922057605
1762478361.777043,2.584962500721156
1762478361.877043,0.0
1762478361.9770432,2.584962500721156
1762478362.077043,0.0
1762478363.077043,0.0
1762478363.1770432,2.0
1762478363.277043,1.584962500721156
1762478368.077043,0.0
1762478368.1770432,2.0
1762478368.277043,1.584962500721156
1762478373.1770432,2.584962500721156
1762478373.277043,0.0
1762478373.377043,1.584962500721156
1762478378.1770432,2.807354922057605
1762478378.277043,2.0
1762478378.377043,1.584962500721156
1762478383.1770432,2.584962500721156
1762478383.277043,0.0
1762478383.377043,2.584962500721156
1762478388.1770432,2.584962500721156
1762478388.277043,0.0
1762478388.377043,2.584962500721156
1762478388.4770432,0.0
1762478388.577043,2.807354922057605
1762478388.6770432,2.0
1762478388.777043,1.584962500721156
1762478388.877043,2.584962500721156
1762478388.9770432,0.0
1762478389.077043,2.584962500721156
1762478389.1770432,0.0
1762478389.277043,2.807354922057605
1762478389.377043,2.584962500721156
1762478389.4770432,0.0
1762478389.577043,2.807354922057605
1762478389.6770432,2.0
1762478389.777043,1.584962500721156
1762478389.877043,2.584962500721156
1762478389.9770432,0.0
1762478390.077043,2.807354922057605
1762478390.277043,2.807354922057605
1762478390.377043,2.584962500721156
1762478390.4770432,0.0
1762478390.577043,2.584962500721156
1762478390.6770432,0.0
1762478390.777043,2.807354922057605
1762478390.877043,2.3219280948873626
1762478390.9770432,1.0
1762478391.077043,2.807354922057605
1762478391.1770432,2.3219280948873626
1762478391.277043,1.0
1762478391.377043,2.584962500721156
1762478391.4770432,0.0
1762478391.577043,2.807354922057605
1762478391.6770432,2.584962500721156
1762478391.777043,0.0
1762478391.877043,2.584962500721156
1762478391.9770432,0.0
1762478392.077043,2.807354922057605
1762478392.1770432,1.584962500721156
1762478392.277043,2.0
1762478392.377043,2.0
1762478392.4770432,1.0
1762478392.577043,0.0
1762478392.6770432,2.807354922057605
1762478392.877043,2.807354922057605
1762478393.1770432,2.584962500721156
1762478393.377043,0.0
1762478417.777043,0.0
1762478417.9770432,2.807354922057605
1762478418.1770432,2.0
1762478418.277043,1.584962500721156
1762478418.4770432,2.584962500721156
1762478418.577043,0.0
1762478418.6770432,0.0
1762478418.777043,2.584962500721156
1762478418.9770432,2.584962500721156
1762478419.077043,0.0
1762478419.1770432,0.0
1762478419.277043,2.584962500721156
1762478419.4770432,2.3219280948873626
1762478419.577043,1.0
1762478419.777043,2.807354922057605
1762478419.9770432,0.0
1762478420.077043,2.584962500721156
1762478420.277043,2.584962500721156
1762478420.377043,0.0
1762478420.577043,2.807354922057605
1762478420.777043,2.584962500721156
1762478420.877043,0.0
1762478420.9770432,1.0
1762478421.077043,2.3219280948873626
1762478421.277043,2.0
1762478421.377043,1.0
1762478421.4770432,0.0
1762478421.6770432,2.807354922057605
1762478421.877043,2.584962500721156
1762478421.9770432,0.0
1762478422.077043,1.0
1762478422.1770432,2.3219280948873626
1762478422.577043,2.3219280948873626
1762478422.6770432,1.0
1762478422.877043,2.807354922057605
1762478423.077043,2.584962500721156
1762478423.1770432,0.0
1762478423.277043,0.0
1762478423.377043,2.584962500721156
1762478423.577043,0.0
1762478423.6770432,2.584962500721156
1762478423.877043,2.584962500721156
1762478423.9770432,0.0
1762478424.077043,2.0
1762478424.1770432,1.584962500721156
1762478424.377043,2.807354922057605
1762478424.577043,2.584962500721156
1762478424.6770432,0.0
1762478424.877043,2.807354922057605
1762478425.077043,2.807354922057605
1762478425.277043,2.584962500721156
1762478425.377043,0.0
1762478425.4770432,2.3219280948873626
1762478425.577043,1.0
1762478425.777043,2.807354922057605
1762478425.9770432,2.0
1762478426.077043,1.584962500721156
1762478426.277043,2.584962500721156
1762478426.377043,0.0
1762478426.4770432,2.3219280948873626
1762478426.577043,1.0
1762478426.6770432,0.0
1762478426.777043,2.584962500721156
1762478426.9770432,2.584962500721156
1762478427.077043,0.0
1762478427.1770432,2.584962500721156
1762478427.6770432,2.807354922057605
1762478427.877043,2.584962500721156
1762478427.9770432,0.0
1762478428.1770432,1.584962500721156
1762478428.277043,2.0
1762478428.4770432,2.584962500721156
1762478428.577043,0.0
1762478428.777043,2.807354922057605
1762478428.9770432,2.584962500721156
1762478429.077043,0.0
1762478429.1770432,2.584962500721156
1762478429.277043,0.0
1762478429.377043,2.3219280948873626
1762478429.4770432,1.0
1762478429.577043,0.0
1762478429.6770432,2.584962500721156
1762478429.877043,2.584962500721156
1762478429.9770432,0.0
1762478430.077043,2.0
1762478430.1770432,1.584962500721156
1762478430.377043,2.0
1762478430.4770432,1.584962500721156
1762478430.6770432,2.584962500721156
1762478430.777043,0.0
1762478430.877043,2.3219280948873626
1762478430.9770432,1.0
1762478431.077043,0.0
1762478431.1770432,2.584962500721156
1762478431.377043,2.807354922057605
1762478431.577043,2.807354922057605
1762478431.777043,2.807354922057605
1762478431.9770432,2.584962500721156
1762478432.077043,0.0
1762478432.1770432,2.584962500721156
1762478432.4770432,0.0
1762478432.6770432,2.0
1762478432.777043,1.584962500721156
1762478432.9770432,2.584962500721156
1762478433.077043,0.0
1762478433.1770432,2.584962500721156
1762478433.277043,0.0
1762478433.377043,2.584962500721156
1762478433.4770432,0.0
1762478433.577043,2.3219280948873626
1762478433.6770432,1.0
1762478433.777043,2.0
1762478433.877043,1.584962500721156
1762478434.077043,2.584962500721156
1762478434.1770432,0.0
1762478434.277043,2.584962500721156
1762478434.377043,0.0
1762478434.4770432,2.0
1762478434.577043,1.584962500721156
1762478434.777043,2.584962500721156
1762478434.877043,0.0
1762478435.077043,2.807354922057605
1762478435.277043,2.584962500721156
1762478435.377043,0.0
1762478435.4770432,2.584962500721156
1762478435.577043,0.0
1762478435.6770432,2.584962500721156
1762478435.777043,0.0
1762478435.877043,2.584962500721156
1762478435.9770432,0.0
1762478436.077043,2.584962500721156
1762478436.1770432,0.0
1762478436.277043,2.3219280948873626
1762478436.377043,1.0
1762478436.4770432,2.0
1762478436.577043,1.584962500721156
1762478436.777043,2.807354922057605
1762478436.9770432,2.584962500721156
1762478437.077043,0.0
1762478437.277043,2.0
1762478437.577043,0.0
1762478437.6770432,2.584962500721156
1762478437.777043,0.0
1762478437.877043,2.584962500721156
1762478437.9770432,0.0
1762478438.077043,2.584962500721156
1762478438.1770432,0.0
1762478438.277043,2.0
1762478438.377043,1.584962500721156
1762478438.577043,2.807354922057605
1762478438.777043,2.807354922057605
1762478438.9770432,2.584962500721156
1762478439.077043,0.0
1762478439.277043,2.807354922057605
1762478439.4770432,2.584962500721156
1762478439.577043,0.0
1762478439.6770432,2.584962500721156
1762478439.777043,0.0
1762478439.877043,2.584962500721156
1762478439.9770432,0.0
1762478440.077043,2.0
1762478440.1770432,1.584962500721156
1762478440.377043,2.807354922057605
1762478440.577043,2.584962500721156
1762478440.6770432,0.0
1762478440.777043,2.584962500721156
1762478440.877043,0.0
1762478440.9770432,2.0
1762478441.077043,1.584962500721156
1762478441.277043,2.0
1762478441.377043,1.584962500721156
1762478441.577043,2.807354922057605
1762478441.777043,2.584962500721156
1762478441.877043,0.0
1762478441.9770432,2.584962500721156
1762478442.077043,0.0
1762478442.277043,2.3219280948873626
1762478442.577043,0.0
1762478442.777043,2.807354922057605
1762478442.9770432,2.584962500721156
1762478443.077043,0.0
1762478443.1770432,0.0
1762478443.277043,2.584962500721156
1762478443.4770432,0.0
1762478443.577043,2.584962500721156
1762478443.777043,2.584962500721156
1762478443.877043,0.0
1762478443.9770432,2.3219280948873626
1762478444.077043,1.0
1762478444.277043,2.807354922057605
1762478444.4770432,2.584962500721156
1762478444.577043,0.0
1762478444.6770432,1.584962500721156
1762478444.777043,2.0
1762478444.9770432,2.584962500721156
1762478445.077043,0.0
1762478445.1770432,2.0
1762478445.277043,1.584962500721156
1762478445.4770432,2.584962500721156
1762478445.577043,0.0
1762478445.6770432,2.584962500721156
1762478445.777043,0.0
1762478445.877043,2.0
1762478445.9770432,1.584962500721156
1762478446.1770432,2.584962500721156
1762478446.277043,0.0
1762478446.4770432,2.584962500721156
1762478446.577043,0.0
1762478446.6770432,2.0
1762478446.777043,1.584962500721156
1762478446.9770432,2.807354922057605
1762478447.1770432,2.3219280948873626
1762478447.277043,0.0
1762478447.6770432,2.584962500721156
1762478447.777043,0.0
1762478447.877043,2.0
1762478447.9770432,1.584962500721156
1762478448.1770432,2.807354922057605
1762478448.377043,2.5219280948873624
1762478448.4770432,1.5
1762478448.6770432,2.584962500721156
1762478448.777043,0.0
1762478448.877043,0.0
1762478448.9770432,2.584962500721156
1762478449.1770432,2.584962500721156
1762478449.277043,0.0
1762478449.377043,2.3219280948873626
1762478449.4770432,1.0
1762478449.6770432,2.807354922057605
1762478449.877043,2.584962500721156
1762478449.9770432,0.0
1762478450.077043,2.584962500721156
1762478450.1770432,0.0
1762478450.277043,0.0
1762478450.377043,2.584962500721156
1762478450.577043,2.0
1762478450.6770432,1.584962500721156
1762478450.877043,2.584962500721156
1762478450.9770432,0.0
1762478451.077043,2.0
1762478451.1770432,1.584962500721156
1762478451.377043,2.807354922057605
1762478451.577043,2.584962500721156
1762478451.6770432,0.0
1762478451.777043,2.3219280948873626
1762478451.877043,1.0
1762478451.9770432,2.0
1762478452.077043,1.584962500721156
1762478452.277043,2.0
1762478452.577043,1.584962500721156
1762478452.877043,2.584962500721156
1762478452.9770432,0.0
1762478453.1770432,2.0
1762478453.277043,1.5
1762478453.377043,2.0
1762478453.4770432,2.584962500721156
1762478453.577043,2.0
1762478453.777043,2.584962500721156
1762478453.877043,0.0
1762478453.9770432,2.0
1762478454.077043,1.584962500721156
1762478454.1770432,2.0
1762478454.277043,1.584962500721156
1762478454.4770432,2.807354922057605
1762478454.6770432,2.584962500721156
1762478454.777043,0.0
1762478454.9770432,2.584962500721156
1762478455.077043,0.0
1762478455.277043,2.584962500721156
1762478455.377043,0.0
1762478455.4770432,2.0
1762478455.577043,1.584962500721156
1762478455.777043,2.3219280948873626
1762478455.877043,1.0
1762478456.077043,2.584962500721156
1762478456.1770432,0.0
1762478456.277043,1.0
1762478456.377043,2.3219280948873626
1762478456.577043,2.0
1762478456.6770432,1.584962500721156
1762478456.877043,2.584962500721156
1762478456.9770432,0.0
1762478457.1770432,2.0
1762478457.277043,1.0
1762478457.577043,1.584962500721156
1762478457.777043,1.0
1762478457.877043,2.3219280948873626
1762478458.077043,2.584962500721156
1762478458.1770432,0.0
1762478458.277043,1.0
1762478458.377043,2.75
1762478458.4770432,2.0
1762478458.577043,2.584962500721156
1762478458.6770432,0.0
1762478458.877043,2.584962500721156
1762478458.9770432,0.0
1762478459.1770432,2.584962500721156
1762478459.277043,0.0
1762478459.4770432,2.807354922057605
1762478459.6770432,2.0
1762478459.777043,1.584962500721156
1762478459.9770432,2.584962500721156
1762478460.077043,0.0
1762478460.1770432,1.584962500721156
1762478460.277043,2.0
1762478460.4770432,2.584962500721156
1762478460.577043,0.0
1762478460.777043,2.584962500721156
1762478460.877043,0.0
1762478461.077043,2.584962500721156
1762478461.1770432,0.0
1762478461.377043,2.584962500721156
1762478461.4770432,0.0
1762478461.6770432,2.807354922057605
1762478461.877043,2.3219280948873626
1762478461.9770432,1.0
1762478462.1770432,2.584962500721156
1762478462.277043,0.0
1762478462.6770432,2.584962500721156
1762478462.777043,0.0
1762478462.9770432,2.584962500721156
1762478463.077043,0.0
1762478463.277043,2.7254805569978675
1762478463.377043,0.0
1762478463.4770432,2.584962500721156
1762478463.577043,2.807354922057605
1762478463.777043,2.584962500721156
1762478463.877043,0.0
1762478464.077043,2.807354922057605
1762478464.277043,2.584962500721156
1762478464.377043,0.0
1762478464.4770432,1.584962500721156
1762478464.577043,2.0
1762478464.777043,2.584962500721156
1762478464.877043,0.0
1762478465.077043,2.0
1762478465.1770432,1.584962500721156
1762478465.377043,2.584962500721156
1762478465.4770432,0.0
1762478465.6770432,2.584962500721156
1762478465.777043,0.0
1762478465.877043,1.0
1762478465.9770432,2.3219280948873626
1762478466.1770432,2.584962500721156
1762478466.277043,0.0
1762478466.377043,1.584962500721156
1762478466.4770432,2.0
1762478466.6770432,2.584962500721156
1762478466.777043,0.0
1762478466.877043,2.3219280948873626
1762478466.9770432,1.0
1762478467.1770432,2.0
1762478467.277043,1.0
1762478467.577043,0.0
1762478467.777043,2.0
1762478467.877043,1.584962500721156
1762478468.077043,2.584962500721156
1762478468.1770432,0.0
1762478468.277043,2.584962500721156
1762478468.377043,1.584962500721156
1762478468.4770432,2.521640636343319
1762478468.577043,2.584962500721156
1762478468.777043,2.807354922057605
1762478468.9770432,2.584962500721156
1762478469.077043,0.0
1762478469.1770432,2.584962500721156
1762478469.277043,0.0
1762478469.4770432,2.584962500721156
1762478469.577043,0.0
1762478469.6770432,2.0
1762478469.777043,1.584962500721156
1762478469.9770432,2.584962500721156
1762478470.077043,0.0
1762478470.1770432,2.584962500721156
1762478470.277043,0.0
1762478470.377043,2.0
1762478470.4770432,1.584962500721156
1762478470.6770432,2.807354922057605
1762478470.877043,2.807354922057605
1762478471.077043,2.584962500721156
1762478471.1770432,0.0
1762478471.277043,2.584962500721156
1762478471.377043,0.0
1762478471.4770432,2.0
1762478471.577043,1.584962500721156
1762478471.777043,0.0
1762478471.877043,2.584962500721156
1762478472.077043,2.584962500721156
1762478472.1770432,0.0
1762478472.277043,2.0
1762478472.377043,1.0
1762478472.577043,0.0
1762478472.777043,2.807354922057605
1762478472.9770432,2.807354922057605
1762478473.1770432,2.584962500721156
1762478473.277043,0.0
1762478473.377043,2.3219280948873626
1762478473.4770432,2.7254805569978675
1762478473.6770432,2.807354922057605
1762478473.877043,2.0
1762478473.9770432,1.584962500721156
1762478474.1770432,2.584962500721156
1762478474.277043,0.0
1762478474.377043,2.0
1762478474.4770432,1.584962500721156
1762478474.6770432,2.807354922057605
1762478474.877043,2.807354922057605
1762478475.077043,2.807354922057605
1762478475.277043,2.584962500721156
1762478475.377043,0.0
1762478475.4770432,2.0
1762478475.577043,1.584962500721156
1762478475.777043,2.807354922057605
1762478475.9770432,2.584962500721156
1762478476.077043,0.0
1762478476.277043,2.584962500721156
1762478476.377043,0.0
1762478476.4770432,0.0
1762478476.577043,2.584962500721156
1762478476.777043,2.807354922057605
1762478476.9770432,2.584962500721156
1762478477.077043,0.0
1762478477.1770432,2.584962500721156
1762478477.277043,0.0
1762478477.577043,0.0
1762478477.6770432,2.584962500721156
1762478477.877043,2.584962500721156
1762478477.9770432,0.0
1762478478.077043,2.3219280948873626
1762478478.1770432,1.0
1762478478.277043,1.0
1762478478.377043,2.807354922057605
1762478478.4770432,2.3219280948873626
1762478478.577043,1.0
1762478478.6770432,2.3219280948873626
1762478478.877043,2.584962500721156
1762478478.9770432,0.0
1762478479.077043,2.584962500721156
1762478479.1770432,0.0
1762478479.277043,2.584962500721156
1762478479.377043,0.0
1762478479.4770432,2.0
1762478479.577043,1.584962500721156
1762478479.777043,2.807354922057605
1762478479.9770432,2.584962500721156
1762478480.077043,0.0
1762478480.1770432,2.3219280948873626
1762478480.277043,1.0
1762478480.4770432,2.3219280948873626
1762478480.577043,1.0
1762478480.777043,2.584962500721156
1762478480.877043,0.0
1762478480.9770432,2.584962500721156
1762478481.077043,0.0
1762478481.1770432,2.0
1762478481.277043,1.584962500721156
1762478481.377043,2.0
1762478481.4770432,1.584962500721156
1762478481.6770432,2.807354922057605
1762478481.877043,2.584962500721156
1762478481.9770432,0.0
1762478482.077043,2.0
1762478482.1770432,1.584962500721156
1762478482.277043,0.0
1762478482.377043,2.0
1762478482.6770432,0.0
1762478482.877043,2.807354922057605
1762478483.077043,2.584962500721156
1762478483.1770432,0.0
1762478483.277043,2.0
1762478483.377043,1.5
1762478483.4770432,2.0
1762478483.577043,2.807354922057605
1762478483.777043,2.807354922057605
1762478483.9770432,2.584962500721156
1762478484.077043,0.0
1762478484.1770432,2.584962500721156
1762478484.277043,0.0
1762478484.4770432,2.807354922057605
1762478484.6770432,2.584962500721156
1762478484.777043,0.0
1762478484.877043,2.3219280948873626
1762478484.9770432,1.0
1762478485.1770432,2.584962500721156
1762478485.277043,0.0
1762478485.377043,2.0
1762478485.4770432,1.584962500721156
1762478485.577043,2.0
1762478485.6770432,1.584962500721156
1762478485.777043,0.0
1762478485.877043,2.584962500721156
1762478486.077043,2.584962500721156
1762478486.1770432,0.0
1762478486.277043,2.584962500721156
1762478486.377043,0.0
1762478486.4770432,0.0
1762478486.577043,2.584962500721156
1762478486.777043,2.584962500721156
1762478486.877043,0.0
1762478486.9770432,2.584962500721156
1762478487.077043,0.0
1762478487.277043,2.584962500721156
1762478487.377043,0.0
1762478487.6770432,1.0
1762478487.777043,2.3219280948873626
1762478487.9770432,2.807354922057605
1762478488.1770432,2.584962500721156
1762478488.277043,0.0
1762478488.377043,2.0
1762478488.4770432,1.584962500721156
1762478488.6770432,2.807354922057605
1762478488.877043,2.584962500721156
1762478488.9770432,0.0
1762478489.077043,2.3219280948873626
1762478489.1770432,1.0
1762478489.377043,2.584962500721156
1762478489.4770432,0.0
1762478489.577043,2.0
1762478489.6770432,1.584962500721156
1762478489.877043,2.807354922057605
1762478490.077043,2.584962500721156
1762478490.1770432,0.0
1762478490.277043,2.0
1762478490.377043,1.584962500721156
1762478490.577043,2.807354922057605
1762478490.777043,2.584962500721156
1762478490.877043,0.0
1762478490.9770432,2.0
1762478491.077043,1.584962500721156
1762478491.277043,2.807354922057605
1762478491.4770432,2.584962500721156
1762478491.577043,0.0
1762478491.6770432,0.0
1762478491.777043,2.584962500721156
1762478491.9770432,2.807354922057605
1762478492.1770432,2.584962500721156
1762478492.277043,0.0
1762478492.6770432,2.807354922057605
1762478492.877043,2.584962500721156
1762478492.9770432,0.0
1762478493.077043,2.0
1762478493.1770432,1.584962500721156
1762478493.377043,2.75
1762478493.4770432,2.0
1762478493.577043,2.5
1762478493.6770432,0.0
1762478493.777043,2.3219280948873626
1762478493.877043,1.0
1762478494.077043,2.807354922057605
1762478494.277043,2.584962500721156
1762478494.377043,0.0
1762478494.4770432,1.584962500721156
1762478494.577043,2.0
1762478494.777043,2.584962500721156
1762478494.877043,0.0
1762478494.9770432,2.584962500721156
1762478495.077043,0.0
1762478495.277043,2.807354922057605
1762478495.4770432,2.584962500721156
1762478495.577043,0.0
1762478495.6770432,0.0
1762478495.777043,2.584962500721156
1762478495.9770432,2.3219280948873626
1762478496.077043,1.0
1762478496.277043,2.584962500721156
1762478496.377043,0.0
1762478496.577043,2.584962500721156
1762478496.6770432,0.0
1762478496.777043,0.0
1762478496.877043,2.584962500721156
1762478497.077043,2.584962500721156
1762478497.1770432,0.0
1762478497.277043,2.0
1762478497.377043,1.0
1762478497.6770432,0.0
1762478497.777043,2.0
1762478497.877043,1.584962500721156
1762478498.077043,2.807354922057605
1762478498.277043,2.0
1762478498.377043,1.5
1762478498.577043,2.584962500721156
1762478498.6770432,0.0
1762478498.777043,0.0
1762478498.877043,2.584962500721156
1762478499.077043,2.584962500721156
1762478499.1770432,0.0
1762478499.277043,2.0
1762478499.377043,1.584962500721156
1762478499.577043,2.584962500721156
1762478499.6770432,0.0
1762478499.777043,2.0
1762478499.877043,1.584962500721156
1762478500.077043,2.807354922057605
1762478500.277043,2.584962500721156
1762478500.377043,0.0
1762478500.577043,2.584962500721156
1762478500.6770432,0.0
1762478500.777043,2.0
1762478500.877043,1.584962500721156
1762478501.077043,2.584962500721156
1762478501.1770432,0.0
1762478501.277043,2.584962500721156
1762478501.377043,0.0
1762478501.577043,2.807354922057605
1762478501.777043,2.584962500721156
1762478501.877043,0.0
1762478501.9770432,2.3219280948873626
1762478502.077043,1.0
1762478502.1770432,2.0
1762478502.277043,1.584962500721156
1762478502.6770432,2.584962500721156
1762478502.777043,0.0
1762478502.877043,0.0
1762478502.9770432,2.584962500721156
1762478503.277043,2.807354922057605
1762478503.377043,2.3219280948873626
1762478503.4770432,2.807354922057605
1762478503.577043,1.0
1762478503.777043,2.807354922057605
1762478503.9770432,2.584962500721156
1762478504.077043,0.0
1762478504.1770432,2.0
1762478504.277043,1.584962500721156
1762478504.377043,2.0
1762478504.4770432,1.584962500721156
1762478504.6770432,2.584962500721156
1762478504.777043,0.0
1762478504.877043,2.3219280948873626
1762478504.9770432,1.0
1762478505.1770432,2.807354922057605
1762478505.377043,0.0
1762478505.4770432,2.584962500721156
1762478505.6770432,2.584962500721156
1762478505.777043,0.0
1762478505.9770432,2.584962500721156
1762478506.077043,0.0
1762478506.1770432,2.584962500721156
1762478506.277043,0.0
1762478506.377043,2.0
1762478506.4770432,1.584962500721156
1762478506.6770432,2.807354922057605
1762478506.877043,2.584962500721156
1762478506.9770432,0.0
1762478507.077043,2.0
1762478507.1770432,1.584962500721156
1762478507.377043,2.584962500721156
1762478507.6770432,1.584962500721156
1762478507.877043,2.0
1762478507.9770432,1.584962500721156
1762478508.1770432,2.807354922057605
1762478508.377043,2.75
1762478508.4770432,0.0
1762478508.577043,2.584962500721156
1762478508.6770432,0.0
1762478508.777043,2.0
1762478508.877043,1.584962500721156
1762478509.077043,2.807354922057605
1762478509.277043,2.584962500721156
1762478509.377043,0.0
1762478509.4770432,2.0
1762478509.577043,1.584962500721156
1762478509.777043,2.584962500721156
1762478509.877043,0.0
1762478510.077043,2.807354922057605
1762478510.277043,2.584962500721156
1762478510.377043,0.0
1762478510.4770432,2.584962500721156
1762478510.577043,0.0
1762478510.6770432,2.584962500721156
1762478510.777043,0.0
1762478510.877043,2.0
1762478510.9770432,1.584962500721156
1762478511.1770432,2.807354922057605
1762478511.377043,2.584962500721156
1762478511.4770432,0.0
1762478511.577043,2.0
1762478511.6770432,1.584962500721156
1762478511.877043,2.584962500721156
1762478511.9770432,0.0
1762478512.077043,2.0
1762478512.1770432,1.584962500721156
1762478512.377043,2.584962500721156
1762478512.777043,2.584962500721156
1762478512.877043,0.0
1762478512.9770432,2.0
1762478513.077043,1.584962500721156
1762478513.277043,2.807354922057605
1762478513.4770432,2.5219280948873624
1762478513.577043,1.5
1762478513.6770432,2.584962500721156
1762478513.777043,0.0
1762478513.877043,2.0
1762478513.9770432,1.584962500721156
1762478514.1770432,2.584962500721156
1762478514.277043,0.0
1762478514.377043,2.0
1762478514.4770432,1.584962500721156
1762478514.6770432,2.807354922057605
1762478514.777043,0.0
1762478514.877043,2.584962500721156
1762478515.077043,2.807354922057605
1762478515.277043,2.584962500721156
1762478515.377043,0.0
1762478515.4770432,2.584962500721156
1762478515.577043,0.0
1762478515.6770432,2.0
1762478515.777043,1.584962500721156
1762478515.9770432,2.807354922057605
1762478516.1770432,2.584962500721156
1762478516.277043,0.0
1762478516.4770432,2.584962500721156
1762478516.577043,0.0
1762478516.6770432,2.0
1762478516.777043,1.584962500721156
1762478516.9770432,2.807354922057605
1762478517.1770432,2.584962500721156
1762478517.277043,0.0
1762478517.377043,2.0
1762478517.6770432,0.0
1762478517.877043,2.584962500721156
1762478517.9770432,0.0
1762478518.077043,2.3219280948873626
1762478518.1770432,1.0
1762478518.277043,0.0
1762478518.377043,2.721928094887362
1762478518.4770432,1.584962500721156
1762478518.577043,2.3219280948873626
1762478518.6770432,1.0
1762478518.877043,2.807354922057605
1762478519.077043,2.584962500721156
1762478519.1770432,0.0
1762478519.377043,2.584962500721156
1762478519.4770432,0.0
1762478519.577043,2.3219280948873626
1762478519.6770432,1.0
1762478519.877043,2.807354922057605
1762478520.077043,2.807354922057605
1762478520.277043,2.584962500721156
1762478520.377043,0.0
1762478520.4770432,2.584962500721156
1762478520.577043,0.0
1762478520.6770432,2.0
1762478520.777043,1.584962500721156
1762478520.9770432,2.584962500721156
1762478521.077043,0.0
1762478521.1770432,2.584962500721156
1762478521.277043,0.0
1762478521.4770432,2.807354922057605
1762478521.6770432,2.3219280948873626
1762478521.777043,1.0
1762478521.9770432,2.584962500721156
1762478522.077043,0.0
1762478522.277043,2.807354922057605
1762478522.777043,2.584962500721156
1762478522.877043,0.0
1762478523.077043,2.807354922057605
1762478523.277043,2.584962500721156
1762478523.377043,0.0
1762478523.577043,2.584962500721156
1762478523.6770432,0.0
1762478523.777043,0.0
1762478523.877043,2.3219280948873626
1762478523.9770432,0.0
1762478524.1770432,2.807354922057605
1762478524.377043,2.584962500721156
1762478524.4770432,0.0
1762478524.6770432,2.807354922057605
1762478524.9770432,2.584962500721156
1762478525.077043,0.0
1762478525.277043,2.3219280948873626
1762478525.377043,1.0
1762478525.577043,2.584962500721156
1762478525.6770432,0.0
1762478525.777043,0.0
1762478525.877043,2.584962500721156
1762478526.077043,2.584962500721156
1762478526.1770432,0.0
1762478526.377043,2.584962500721156
1762478526.4770432,0.0
1762478526.6770432,2.584962500721156
1762478528.4770432,2.807354922057605
1762478533.4770432,0.0
1762478533.6770432,2.0
1762478538.4770432,0.0
1762478538.577043,2.584962500721156
1762478538.6770432,0.0
1762478543.4770432,1.584962500721156
1762478543.6770432,2.584962500721156
1762478548.4770432,0.0
1762478548.577043,2.584962500721156
1762478713.377043,0.0
1762478713.4770432,2.0
1762478713.577043,1.584962500721156
1762478713.6770432,2.0
1762478713.777043,1.584962500721156
1762478713.9770432,2.807354922057605
1762478714.1770432,2.584962500721156
1762478714.277043,0.0
1762478714.377043,2.0
1762478714.4770432,1.584962500721156
1762478714.6770432,2.807354922057605
1762478714.877043,2.584962500721156
1762478714.9770432,0.0
1762478715.1770432,2.807354922057605
1762478715.377043,2.584962500721156
1762478715.4770432,0.0
1762478715.577043,2.0
1762478715.6770432,1.584962500721156
1762478715.877043,2.807354922057605
1762478716.077043,2.0
1762478716.1770432,1.584962500721156
1762478716.377043,2.807354922057605
1762478716.577043,2.584962500721156
1762478716.6770432,0.0
1762478716.877043,2.584962500721156
1762478716.9770432,0.0
1762478717.077043,0.0
1762478717.1770432,2.584962500721156
1762478717.377043,2.3219280948873626
1762478717.4770432,1.0
1762478717.6770432,2.584962500721156
1762478717.777043,0.0
1762478733.1770432,2.807354922057605
1762478733.377043,2.0
1762478733.4770432,1.584962500721156
1762478733.6770432,2.807354922057605
1762478733.877043,2.584962500721156
1762478733.9770432,0.0
1762478734.1770432,2.807354922057605
1762478734.377043,2.0
1762478734.4770432,1.584962500721156
1762478734.6770432,2.0
1762478734.777043,1.584962500721156
1762478734.9770432,2.0
1762478735.077043,1.584962500721156
1762478735.277043,2.807354922057605
1762478735.4770432,2.584962500721156
1762478735.577043,0.0
1762478735.6770432,2.0
1762478735.777043,1.584962500721156
1762478735.9770432,2.807354922057605
1762478736.1770432,2.584962500721156
1762478736.277043,0.0
1762478736.377043,1.584962500721156
1762478736.4770432,2.0
1762478736.6770432,2.584962500721156
1762478736.777043,0.0
1762478736.9770432,2.584962500721156
1762478737.077043,0.0
1762478737.1770432,2.0
1762478737.277043,1.584962500721156
1762478737.4770432,2.807354922057605
1762478737.6770432,2.584962500721156
1762478737.777043,0.0
1762478738.1770432,2.807354922057605
1762478738.377043,2.584962500721156
1762478738.4770432,0.0
1762478738.577043,1.584962500721156
1762478738.6770432,2.0
1762478738.877043,2.584962500721156
1762478738.9770432,0.0
1762478739.077043,1.584962500721156
1762478739.1770432,2.0
1762478739.377043,2.807354922057605
1762478739.577043,2.584962500721156
1762478739.6770432,0.0
1762478739.777043,2.584962500721156
1762478739.877043,0.0
1762478739.9770432,1.584962500721156
1762478740.077043,2.0
1762478740.277043,2.807354922057605
1762478740.4770432,2.584962500721156
1762478740.577043,0.0
1762478740.6770432,2.0
1762478740.777043,1.584962500721156
1762478740.9770432,2.807354922057605
1762478741.1770432,2.584962500721156
1762478741.277043,0.0
1762478741.377043,1.0
1762478741.4770432,2.3219280948873626
1762478741.6770432,2.584962500721156
1762478741.777043,0.0
1762478741.877043,2.584962500721156
1762478741.9770432,0.0
1762478742.077043,2.0
1762478742.1770432,1.584962500721156
1762478742.377043,2.807354922057605
1762478742.577043,2.584962500721156
1762478742.6770432,0.0
1762478743.077043,1.0
1762478743.1770432,0.0
1762478743.277043,2.584962500721156
1762478743.377043,0.0
1762478743.4770432,0.0
1762478743.577043,2.584962500721156
1762478743.777043,2.584962500721156
1762478743.877043,2.584962500721156
1762478743.9770432,2.584962500721156
1762478744.077043,1.584962500721156
1762478744.1770432,2.584962500721156
1762478744.277043,2.807354922057605
1762478744.377043,2.807354922057605
1762478744.4770432,2.584962500721156
1762478744.577043,2.3219280948873626
1762478744.6770432,2.0
1762478744.777043,2.807354922057605
1762478744.877043,2.807354922057605
1762478744.9770432,2.584962500721156
1762478745.077043,2.807354922057605
1762478745.1770432,2.807354922057605
1762478745.277043,0.0
1762478745.377043,2.7773627950641693
1762478745.4770432,0.0
1762478745.577043,2.2810361125534238
1762478745.6770432,1.5219280948873626
1762478745.877043,2.7773627950641693
1762478745.9770432,0.0
1762478746.077043,2.521640636343319
1762478746.1770432,2.521640636343319
1762478746.277043,2.0
1762478746.377043,2.7254805569978675
1762478746.4770432,0.0
1762478746.577043,2.7773627950641693
1762478746.6770432,0.0
1762478746.777043,2.5219280948873624
1762478746.877043,1.5
1762478746.9770432,2.584962500721156
1762478747.077043,2.75
1762478747.1770432,2.0
1762478747.277043,2.721928094887362
1762478747.4770432,2.5219280948873624
1762478747.577043,1.5
1762478747.6770432,2.584962500721156
1762478747.777043,2.75
1762478747.9770432,2.584962500721156
1762478748.077043,2.3219280948873626
1762478748.1770432,2.807354922057605
1762478748.277043,1.584962500721156
1762478748.377043,2.807354922057605
1762478748.4770432,2.807354922057605
1762478748.577043,2.584962500721156
1762478748.6770432,2.75
1762478748.877043,2.7773627950641693
1762478748.9770432,0.0
1762478749.077043,2.584962500721156
1762478749.1770432,0.0
1762478749.277043,2.5219280948873624
1762478749.377043,1.5
1762478749.4770432,2.0
1762478749.577043,1.584962500721156
1762478749.6770432,2.0
1762478749.777043,2.3219280948873626
1762478749.877043,2.75
1762478749.9770432,2.0
1762478750.077043,2.584962500721156
1762478750.1770432,2.75
1762478750.277043,2.0
1762478750.377043,2.721928094887362
1762478750.577043,2.584962500721156
1762478750.6770432,0.0
1762478750.777043,2.0
1762478750.877043,2.7254805569978675
1762478750.9770432,2.3219280948873626
1762478751.077043,2.807354922057605
1762478751.1770432,1.584962500721156
1762478751.277043,2.807354922057605
1762478751.377043,2.807354922057605
1762478751.4770432,2.584962500721156
1762478751.577043,2.75
1762478751.6770432,2.0
1762478751.777043,2.721928094887362
1762478751.9770432,2.7321588913645707
1762478752.077043,1.584962500721156
1762478752.1770432,2.807354922057605
1762478752.277043,2.584962500721156
1762478752.377043,2.807354922057605
1762478752.4770432,2.3219280948873626
1762478752.577043,2.7254805569978675
1762478752.6770432,0.0
1762478752.777043,2.75
1762478752.9770432,2.584962500721156
1762478753.077043,1.584962500721156
1762478753.1770432,2.807354922057605
1762478753.277043,0.0
1762478753.377043,2.807354922057605
1762478753.4770432,2.807354922057605
1762478753.577043,2.807354922057605
1762478753.6770432,2.584962500721156
1762478753.777043,2.75
1762478753.877043,0.0
1762478753.9770432,2.7516291673878226
1762478754.077043,0.0
1762478754.1770432,2.584962500721156
1762478754.277043,2.807354922057605
1762478754.377043,2.807354922057605
1762478754.4770432,2.3219280948873626
1762478754.577043,2.75
1762478754.6770432,1.0
1762478754.777043,2.7321588913645707
1762478754.877043,1.584962500721156
1762478754.9770432,2.0
1762478755.077043,2.721928094887362
1762478755.277043,2.7321588913645707
1762478755.377043,1.584962500721156
1762478755.4770432,2.521640636343319
1762478755.577043,2.521640636343319
1762478755.6770432,0.0
1762478755.777043,2.584962500721156
1762478755.877043,0.0
1762478755.9770432,2.7516291673878226
1762478756.077043,0.0
1762478756.1770432,2.807354922057605
1762478756.277043,1.0
1762478756.377043,2.5219280948873624
1762478756.4770432,0.0
1762478756.577043,2.584962500721156
1762478756.6770432,2.75
1762478756.777043,2.3219280948873626
1762478756.877043,2.75
1762478756.9770432,2.3219280948873626
1762478757.077043,2.75
1762478757.1770432,1.0
1762478757.277043,2.807354922057605
1762478757.377043,2.584962500721156
1762478757.4770432,2.807354922057605
1762478757.577043,2.3219280948873626
1762478757.6770432,2.807354922057605
1762478757.777043,1.584962500721156
1762478757.877043,2.584962500721156
1762478757.9770432,0.0
1762478758.077043,2.0
1762478758.1770432,1.584962500721156
1762478758.277043,0.0
1762478758.377043,2.721928094887362
1762478758.4770432,1.584962500721156
1762478758.577043,2.807354922057605
1762478758.6770432,2.584962500721156
1762478758.777043,2.75
1762478758.877043,1.0
1762478758.9770432,2.7516291673878226
1762478759.1770432,2.584962500721156
1762478759.277043,0.0
1762478759.377043,2.584962500721156
1762478759.4770432,0.0
1762478759.577043,2.3219280948873626
1762478759.6770432,1.0
1762478759.877043,2.584962500721156
1762478759.9770432,0.0
1762478760.077043,2.584962500721156
1762478760.1770432,0.0
1762478760.277043,2.584962500721156
1762478760.377043,0.0
1762478760.4770432,2.584962500721156
1762478760.577043,0.0
1762478760.6770432,2.0
1762478760.777043,1.584962500721156
1762478760.9770432,2.807354922057605
1762478761.1770432,2.807354922057605
1762478761.377043,2.584962500721156
1762478761.4770432,0.0
1762478761.577043,2.0
1762478761.6770432,1.584962500721156
1762478761.777043,0.0
1762478761.877043,2.3219280948873626
1762478761.9770432,0.0
1762478762.077043,2.0
1762478762.1770432,1.584962500721156
1762478762.377043,2.807354922057605
1762478762.577043,2.584962500721156
1762478762.6770432,0.0
1762478762.777043,2.584962500721156
1762478763.1770432,2.584962500721156
1762478763.277043,0.0
1762478763.377043,2.0
1762478763.4770432,1.584962500721156
1762478763.6770432,2.807354922057605
1762478763.877043,2.5219280948873624
1762478763.9770432,1.5
1762478764.1770432,2.584962500721156
1762478764.277043,0.0
1762478764.377043,2.584962500721156
1762478764.4770432,0.0
1762478764.577043,2.0
1762478764.6770432,1.584962500721156
1762478764.777043,2.0
1762478764.877043,1.584962500721156
1762478764.9770432,2.0
1762478765.077043,1.584962500721156
1762478765.1770432,2.0
1762478765.277043,1.584962500721156
1762478765.377043,2.0
1762478765.4770432,1.584962500721156
1762478765.6770432,2.807354922057605
1762478765.877043,2.807354922057605
1762478765.9770432,2.0
1762478766.077043,1.584962500721156
1762478766.1770432,2.0
1762478766.277043,1.584962500721156
1762478766.4770432,2.584962500721156
1762478766.577043,0.0
1762478766.6770432,2.0
1762478766.777043,1.584962500721156
1762478766.877043,0.0
1762478766.9770432,2.584962500721156
1762478767.1770432,2.807354922057605
1762478767.377043,2.807354922057605
1762478767.577043,2.807354922057605
1762478767.777043,2.807354922057605
1762478768.1770432,2.807354922057605
1762478768.277043,2.0
1762478768.377043,1.584962500721156
1762478768.4770432,0.0
1762478768.577043,2.584962500721156
1762478768.777043,2.7321588913645707
1762478768.877043,1.584962500721156
1762478768.9770432,2.807354922057605
1762478769.077043,2.0
1762478769.1770432,2.584962500721156
1762478769.277043,0.0
1762478769.377043,2.0
1762478769.4770432,1.584962500721156
1762478769.6770432,2.807354922057605
1762478769.877043,2.807354922057605
1762478769.9770432,2.0
1762478770.077043,1.584962500721156
1762478770.1770432,2.3219280948873626
1762478770.277043,1.0
1762478770.377043,2.584962500721156
1762478770.4770432,0.0
1762478770.577043,2.0
1762478770.6770432,1.584962500721156
1762478770.777043,2.0
1762478770.877043,1.584962500721156
1762478770.9770432,1.0
1762478771.077043,2.3219280948873626
1762478771.1770432,0.0
1762478771.277043,2.584962500721156
1762478771.4770432,2.584962500721156
1762478771.577043,0.0
1762478771.6770432,2.584962500721156
1762478771.777043,0.0
1762478771.877043,2.0
1762478771.9770432,1.584962500721156
1762478772.077043,2.584962500721156
1762478772.1770432,0.0
1762478772.277043,2.584962500721156
1762478772.377043,0.0
1762478772.4770432,2.584962500721156
1762478772.577043,0.0
1762478772.6770432,2.584962500721156
1762478772.777043,0.0
1762478773.877043,2.584962500721156
1762478773.9770432,0.0
1762478778.777043,1.584962500721156
1762478778.877043,1.584962500721156
1762478779.077043,2.0
1762478783.877043,2.0
1762478783.9770432,1.584962500721156
1762478788.1770432,2.584962500721156
1762478788.277043,0.0
1762478788.377043,2.584962500721156
1762478788.4770432,0.0
1762478788.577043,2.0
1762478788.6770432,1.584962500721156
1762478788.777043,2.3219280948873626
1762478788.877043,0.9182958340544894
1762478788.9770432,2.5219280948873624
1762478789.077043,1.5
1762478789.1770432,0.0
1762478789.277043,2.584962500721156
1762478789.4770432,2.3219280948873626
1762478789.577043,1.0
1762478789.777043,2.807354922057605
1762478789.9770432,2.807354922057605
1762478790.1770432,2.584962500721156
1762478790.277043,0.0
1762478790.377043,2.584962500721156
1762478790.4770432,0.0
1762478790.577043,2.584962500721156
1762478790.6770432,0.0
1762478790.777043,2.584962500721156
1762478790.877043,0.0
1762478790.9770432,2.3219280948873626
1762478791.077043,1.0
1762478791.1770432,2.0
1762478791.277043,1.584962500721156
1762478791.4770432,2.807354922057605
1762478791.6770432,2.3219280948873626
1762478791.777043,1.0
1762478791.9770432,2.807354922057605
1762478792.1770432,2.807354922057605
1762478792.377043,2.584962500721156
1762478792.4770432,0.0
1762478792.577043,2.584962500721156
1762478792.6770432,0.0
1762478792.777043,2.584962500721156
1762478792.877043,0.0
1762478793.9770432,2.807354922057605
1762478798.877043,2.3219280948873626
1762478798.9770432,1.0
1762478799.077043,2.0
1762478799.1770432,1.584962500721156
1762478799.277043,2.0
1762478799.377043,1.584962500721156
1762478799.577043,2.807354922057605
1762478799.777043,2.584962500721156
1762478799.877043,0.0
1762478799.9770432,2.0
1762478800.077043,1.584962500721156
1762478800.1770432,1.0
1762478800.277043,2.3219280948873626
1762478800.377043,2.0
1762478800.4770432,1.584962500721156
1762478800.577043,2.0
1762478800.6770432,1.584962500721156
1762478800.877043,2.807354922057605
1762478801.077043,2.584962500721156
1762478801.1770432,0.0
1762478801.277043,2.584962500721156
1762478801.377043,0.0
1762478801.4770432,2.3219280948873626
1762478801.577043,1.0
1762478801.6770432,2.0
1762478801.777043,1.584962500721156
1762478801.9770432,2.584962500721156
1762478802.077043,0.0
1762478802.1770432,2.0
1762478802.277043,1.584962500721156
1762478802.4770432,2.807354922057605
1762478802.6770432,2.584962500721156
1762478802.777043,0.0
1762478802.877043,2.584962500721156
1762478802.9770432,0.0
1762478803.1770432,2.807354922057605
1762478803.377043,2.584962500721156
1762478803.4770432,0.0
1762478803.577043,2.584962500721156
1762478803.6770432,0.0
1762478803.777043,1.584962500721156
1762478803.877043,2.0
1762478804.077043,2.584962500721156
1762478804.1770432,0.0
1762478804.277043,1.584962500721156
1762478804.377043,2.0
1762478804.577043,2.807354922057605
1762478804.777043,2.584962500721156
1762478804.877043,0.0
1762478804.9770432,2.0
1762478805.077043,1.584962500721156
1762478805.277043,2.807354922057605
1762478805.4770432,2.584962500721156
1762478805.577043,0.0
1762478805.6770432,2.584962500721156
1762478805.777043,0.0
1762478805.877043,2.0
1762478805.9770432,1.584962500721156
1762478806.1770432,2.807354922057605
1762478806.377043,2.584962500721156
1762478806.4770432,0.0
1762478806.577043,1.584962500721156
1762478806.6770432,2.0
1762478806.877043,2.584962500721156
1762478806.9770432,0.0
1762478807.077043,2.0
1762478807.1770432,1.584962500721156
1762478807.377043,2.807354922057605
1762478807.577043,2.584962500721156
1762478807.6770432,0.0
1762478807.777043,2.3219280948873626
1762478807.877043,1.0
1762478807.9770432,0.0
1762478808.077043,2.584962500721156
1762478808.277043,2.807354922057605
1762478808.377043,2.0
1762478808.4770432,2.7254805569978675
1762478808.577043,0.0
1762478808.6770432,1.584962500721156
1762478808.777043,2.721928094887362
1762478808.877043,0.0
1762478808.9770432,2.584962500721156
1762478809.077043,2.807354922057605
1762478809.1770432,2.807354922057605
1762478809.277043,0.0
1762478809.377043,2.7321588913645707
1762478809.4770432,1.584962500721156
1762478809.577043,1.584962500721156
1762478809.6770432,2.7321588913645707
1762478809.877043,2.521640636343319
1762478809.9770432,2.521640636343319
1762478810.077043,2.584962500721156
1762478810.1770432,0.0
1762478810.277043,2.584962500721156
1762478810.377043,2.75
1762478810.577043,2.7516291673878226
1762478810.6770432,1.0
1762478810.777043,2.807354922057605
1762478810.877043,2.3219280948873626
1762478810.9770432,2.584962500721156
1762478811.077043,1.584962500721156
1762478811.1770432,2.0
1762478811.277043,2.721928094887362
1762478811.4770432,2.5219280948873624
1762478811.577043,1.5
1762478811.6770432,2.584962500721156
1762478811.777043,2.75
1762478811.877043,1.584962500721156
1762478811.9770432,2.584962500721156
1762478812.077043,2.3219280948873626
1762478812.1770432,2.807354922057605
1762478812.277043,2.584962500721156
1762478812.377043,2.807354922057605
1762478812.4770432,0.0
1762478812.577043,2.7773627950641693
1762478812.6770432,0.0
1762478812.777043,2.521640636343319
1762478812.877043,2.521640636343319
1762478812.9770432,2.584962500721156
1762478813.077043,0.0
1762478813.277043,2.5219280948873624
1762478813.377043,1.5
1762478813.4770432,2.0
1762478813.577043,1.584962500721156
1762478813.6770432,2.584962500721156
1762478813.777043,2.75
1762478813.877043,2.3219280948873626
1762478813.9770432,2.7254805569978675
1762478814.077043,2.0
1762478814.1770432,1.584962500721156
1762478814.277043,0.0
1762478814.377043,2.584962500721156
1762478814.577043,2.807354922057605
1762478814.777043,2.584962500721156
1762478814.877043,0.0
1762478815.077043,2.807354922057605
1762478815.277043,2.0
1762478815.377043,1.584962500721156
1762478815.577043,2.584962500721156
1762478815.6770432,0.0
1762478815.777043,2.584962500721156
1762478815.877043,0.0
1762478816.077043,2.807354922057605
1762478816.277043,2.3219280948873626
1762478816.377043,1.0
1762478816.577043,2.584962500721156
1762478816.6770432,0.0
1762478816.777043,2.3219280948873626
1762478816.877043,1.0
1762478817.077043,2.584962500721156
1762478817.1770432,0.0
1762478817.377043,2.584962500721156
1762478817.4770432,0.0
1762478817.577043,2.0
1762478817.6770432,1.584962500721156
1762478817.877043,2.807354922057605
1762478818.377043,2.584962500721156
1762478818.4770432,0.0
1762478818.577043,2.0
1762478818.6770432,1.584962500721156
1762478818.877043,2.584962500721156
1762478818.9770432,2.807354922057605
1762478819.077043,2.0
1762478819.1770432,2.75
1762478819.277043,1.584962500721156
1762478819.377043,2.0
1762478819.4770432,2.721928094887362
1762478819.6770432,2.584962500721156
1762478819.777043,0.0
1762478819.877043,0.0
1762478819.9770432,2.7773627950641693
1762478820.1770432,2.584962500721156
1762478820.277043,0.0
1762478820.377043,2.3219280948873626
1762478820.4770432,2.7254805569978675
1762478820.577043,2.0
1762478820.6770432,2.75
1762478820.777043,2.3219280948873626
1762478820.877043,2.0
1762478820.9770432,2.807354922057605
1762478821.077043,2.807354922057605
1762478821.1770432,2.3219280948873626
1762478821.277043,2.7254805569978675
1762478821.4770432,2.7773627950641693
1762478821.577043,0.0
1762478821.6770432,2.5219280948873624
1762478821.777043,1.5
1762478821.877043,2.0
1762478821.9770432,2.7254805569978675
1762478822.077043,0.0
1762478822.1770432,2.5219280948873624
1762478822.277043,1.5
1762478822.4770432,2.7773627950641693
1762478822.577043,0.0
1762478822.6770432,2.5219280948873624
1762478822.777043,1.5
1762478822.877043,2.0
1762478822.9770432,1.584962500721156
1762478823.1770432,2.7321588913645707
1762478823.277043,1.584962500721156
1762478823.377043,2.584962500721156
1762478823.4770432,2.807354922057605
1762478823.577043,1.0
1762478823.6770432,2.807354922057605
1762478823.777043,2.584962500721156
1762478823.877043,2.584962500721156
1762478823.9770432,2.3219280948873626
1762478824.077043,2.807354922057605
1762478824.1770432,1.584962500721156
1762478824.277043,2.0
1762478824.377043,2.75
1762478824.4770432,1.0
1762478824.577043,2.0
1762478824.6770432,2.7254805569978675
1762478824.777043,0.0
1762478824.877043,2.584962500721156
1762478824.9770432,0.0
1762478825.077043,1.9219280948873625
1762478825.1770432,2.503258334775646
1762478825.377043,2.584962500721156
1762478825.4770432,0.0
1762478825.577043,1.9182958340544896
1762478825.6770432,2.25
1762478825.877043,2.584962500721156
1762478825.9770432,0.0
1762478826.077043,2.5219280948873624
1762478826.1770432,1.5
1762478826.377043,2.7773627950641693
1762478826.4770432,0.0
1762478826.577043,1.584962500721156
1762478826.6770432,2.721928094887362
1762478826.777043,0.0
1762478826.877043,2.0
1762478826.9770432,2.721928094887362
1762478827.1770432,2.584962500721156
1762478827.277043,0.0
1762478827.377043,2.0
1762478827.4770432,1.584962500721156
1762478827.6770432,2.584962500721156
1762478827.777043,0.0
1762478827.877043,2.584962500721156
1762478827.9770432,2.807354922057605
1762478828.1770432,2.0
1762478828.277043,1.584962500721156
1762478828.377043,2.584962500721156
1762478828.4770432,2.584962500721156
1762478828.577043,2.584962500721156
1762478828.6770432,1.584962500721156
1762478828.777043,2.0
1762478828.877043,2.807354922057605
1762478828.9770432,1.584962500721156
1762478829.077043,2.584962500721156
1762478829.1770432,2.807354922057605
1762478829.277043,2.3219280948873626
1762478829.377043,1.584962500721156
1762478829.4770432,2.807354922057605
1762478829.577043,2.584962500721156
1762478829.6770432,2.807354922057605
1762478829.777043,0.0
1762478829.877043,2.5
1762478829.9770432,2.251629167387823
1762478830.1770432,2.7773627950641693
1762478830.277043,0.0
1762478830.377043,2.584962500721156
1762478830.4770432,2.75
1762478830.6770432,2.7773627950641693
1762478830.777043,0.0
1762478830.877043,2.0
1762478830.9770432,2.721928094887362
1762478831.1770432,2.5219280948873624
1762478831.277043,1.5
1762478831.4770432,2.584962500721156
1762478831.577043,0.0
1762478831.777043,2.7321588913645707
1762478831.877043,1.584962500721156
1762478831.9770432,2.584962500721156
1762478832.077043,0.0
1762478832.1770432,2.5503407095463886
1762478832.277043,0.9182958340544894
1762478832.4770432,2.7773627950641693
1762478832.577043,0.0
1762478832.6770432,2.0
1762478832.777043,2.807354922057605
1762478832.877043,1.584962500721156
1762478832.9770432,1.0
1762478833.1770432,2.584962500721156
1762478833.277043,2.807354922057605
1762478833.377043,2.3219280948873626
1762478833.4770432,1.584962500721156
1762478833.577043,2.584962500721156
1762478833.6770432,0.0
1762478833.777043,2.584962500721156
1762478833.877043,2.75
1762478834.077043,2.5503407095463886
1762478834.1770432,0.9182958340544894
1762478834.277043,2.0
1762478834.377043,1.584962500721156
1762478834.577043,2.807354922057605
1762478834.777043,2.3219280948873626
1762478834.877043,1.0
1762478835.077043,2.584962500721156
1762478835.1770432,0.0
1762478835.277043,2.0
1762478835.377043,1.584962500721156
1762478835.577043,2.0
1762478835.6770432,1.584962500721156
1762478835.877043,2.584962500721156
1762478835.9770432,0.0
1762478836.077043,0.0
1762478836.1770432,2.584962500721156
1762478836.377043,2.807354922057605
1762478836.577043,2.584962500721156
1762478836.6770432,0.0
1762478836.777043,2.584962500721156
1762478836.877043,0.0
1762478836.9770432,2.0
1762478837.077043,1.584962500721156
1762478837.1770432,0.0
1762478837.277043,2.584962500721156
1762478837.4770432,2.807354922057605
1762478837.6770432,2.807354922057605
1762478837.877043,2.0
1762478837.9770432,1.0
1762478839.077043,2.584962500721156
1762478839.1770432,0.0
1762478844.077043,2.584962500721156
1762478844.1770432,0.0
1762478848.9770432,2.584962500721156
1762478849.077043,0.0
1762478853.9770432,0.0
1762478854.077043,2.0
1762478854.1770432,1.584962500721156
1762478858.9770432,2.0
1762478859.077043,0.0
1762478863.9770432,0.0
1762478864.1770432,2.807354922057605
1762478864.377043,2.807354922057605
1762478864.577043,2.584962500721156
1762478864.6770432,0.0
1762478864.777043,2.584962500721156
1762478864.877043,0.0
1762478864.9770432,2.0
1762478865.077043,1.584962500721156
1762478865.277043,2.584962500721156
1762478865.377043,0.0
1762478865.4770432,1.0
1762478865.577043,2.3219280948873626
1762478865.777043,2.584962500721156
1762478865.877043,0.0
1762478865.9770432,0.0
1762478866.077043,2.584962500721156
1762478866.277043,2.0
1762478866.377043,1.584962500721156
1762478866.4770432,0.0
1762478866.577043,2.584962500721156
1762478866.777043,2.807354922057605
1762478866.9770432,2.807354922057605
1762478867.1770432,2.584962500721156
1762478867.277043,0.0
1762478867.377043,2.584962500721156
1762478867.4770432,0.0
1762478867.577043,2.584962500721156
1762478867.6770432,0.0
1762478867.777043,2.0
1762478867.877043,1.584962500721156
1762478867.9770432,1.584962500721156
1762478868.077043,2.0
1762478868.277043,2.584962500721156
1762478868.377043,0.0
1762478868.4770432,2.0
1762478868.577043,1.584962500721156
1762478868.777043,2.584962500721156
1762478868.877043,0.0
1762478869.077043,2.807354922057605
1762478869.277043,2.3219280948873626
1762478869.377043,1.0
1762478869.577043,2.584962500721156
1762478869.6770432,0.0
1762478869.777043,2.0
1762478869.877043,1.584962500721156
1762478870.077043,2.584962500721156
1762478870.1770432,0.0
1762478870.277043,1.0
1762478870.377043,2.3219280948873626
1762478870.577043,2.3219280948873626
1762478870.6770432,1.0
1762478870.877043,2.584962500721156
1762478870.9770432,0.0
1762478871.1770432,2.807354922057605
1762478871.377043,2.584962500721156
1762478871.4770432,0.0
1762478871.6770432,2.807354922057605
1762478871.877043,2.584962500721156
1762478871.9770432,0.0
1762478872.1770432,2.807354922057605
1762478872.377043,2.584962500721156
1762478872.4770432,0.0
1762478872.577043,2.0
1762478872.6770432,1.584962500721156
1762478872.877043,0.0
1762478872.9770432,2.584962500721156
1762478873.1770432,2.0
1762478873.277043,1.584962500721156
1762478873.4770432,2.584962500721156
1762478873.577043,0.0
1762478873.777043,2.584962500721156
1762478873.877043,0.0
1762478873.9770432,2.0
1762478874.077043,1.584962500721156
1762478874.277043,2.584962500721156
1762478874.377043,0.0
1762478874.4770432,2.0
1762478874.577043,1.584962500721156
1762478874.777043,2.807354922057605
1762478874.9770432,0.0
1762478875.077043,2.584962500721156
1762478875.277043,2.0
1762478875.377043,1.584962500721156
1762478875.577043,2.584962500721156
1762478875.6770432,0.0
1762478875.777043,0.0
1762478875.877043,2.584962500721156
1762478876.077043,2.584962500721156
1762478876.1770432,0.0
1762478876.377043,2.807354922057605
1762478876.577043,2.584962500721156
1762478876.6770432,0.0
1762478876.777043,2.0
1762478876.877043,1.584962500721156
1762478877.077043,2.0
1762478888.6770432,0.0
1762478888.777043,2.0
1762478888.877043,1.584962500721156
1762478889.077043,2.584962500721156
1762478889.1770432,0.0
1762478889.277043,2.584962500721156
1762478889.377043,0.0
1762478889.577043,2.807354922057605
1762478889.777043,2.0
1762478889.877043,1.584962500721156
1762478890.077043,2.807354922057605
1762478890.277043,2.3219280948873626
1762478890.377043,1.0
1762478890.577043,2.807354922057605
1762478890.777043,2.584962500721156
1762478890.877043,0.0
1762478891.077043,2.584962500721156
1762478891.1770432,0.0
1762478891.277043,2.584962500721156
1762478891.377043,0.0
1762478891.4770432,2.0
1762478891.577043,1.584962500721156
1762478891.777043,2.584962500721156
1762478891.877043,0.0
1762478892.077043,2.584962500721156
1762478892.1770432,0.0
1762478892.277043,0.0
1762478892.377043,2.584962500721156
1762478892.577043,2.3219280948873626
1762478892.6770432,1.0
1762478892.877043,2.807354922057605
1762478893.377043,1.584962500721156
1762478893.4770432,1.584962500721156
1762478893.577043,2.0
1762478893.777043,2.584962500721156
1762478893.877043,0.0
1762478893.9770432,2.3219280948873626
1762478894.077043,1.0
1762478894.277043,2.584962500721156
1762478894.377043,0.0
1762478894.4770432,2.0
1762478894.577043,1.584962500721156
1762478894.777043,2.584962500721156
1762478894.877043,0.0
1762478894.9770432,2.584962500721156
1762478895.077043,0.0
1762478895.1770432,2.3219280948873626
1762478895.277043,1.0
1762478895.377043,2.0
1762478895.4770432,1.584962500721156
1762478895.577043,2.0
1762478895.6770432,1.584962500721156
1762478895.777043,1.0
1762478895.877043,2.3219280948873626
1762478896.077043,2.807354922057605
1762478896.277043,2.584962500721156
1762478896.377043,0.0
1762478896.577043,2.807354922057605
1762478896.777043,2.584962500721156
1762478896.877043,0.0
1762478896.9770432,2.0
1762478897.077043,1.584962500721156
1762478897.1770432,2.0
1762478897.277043,1.584962500721156
1762478897.377043,2.0
1762478897.4770432,1.584962500721156
1762478897.577043,2.0
1762478897.6770432,1.584962500721156
1762478897.777043,2.0
1762478897.877043,1.584962500721156
1762478898.077043,2.584962500721156
1762478898.377043,0.0
1762478898.4770432,1.0
1762478898.577043,2.3219280948873626
1762478898.777043,2.0
1762478898.877043,1.584962500721156
1762478899.077043,2.584962500721156
1762478899.1770432,0.0
1762478899.277043,2.584962500721156
1762478899.377043,0.0
1762478899.4770432,2.584962500721156
1762478899.577043,0.0
1762478899.6770432,2.584962500721156
1762478899.777043,0.0
1762478899.877043,2.584962500721156
1762478899.9770432,0.0
1762478900.077043,2.3219280948873626
1762478900.1770432,1.0
1762478900.277043,1.0
1762478900.377043,2.3219280948873626
1762478900.577043,2.807354922057605
1762478900.777043,2.584962500721156
1762478900.877043,0.0
1762478900.9770432,2.0
1762478901.077043,1.584962500721156
1762478901.277043,2.584962500721156
1762478901.377043,0.0
1762478901.4770432,2.584962500721156
1762478901.577043,0.0
1762478901.6770432,2.807354922057605
1762478901.877043,2.807354922057605
1762478902.077043,2.584962500721156
1762478902.1770432,0.0
1762478902.277043,2.584962500721156
1762478902.377043,0.0
1762478902.4770432,2.0
1762478902.577043,1.584962500721156
1762478902.6770432,2.0
1762478902.777043,1.584962500721156
1762478902.877043,2.0
1762478902.9770432,1.584962500721156
1762478903.4770432,2.807354922057605
1762478903.6770432,2.807354922057605
1762478903.877043,2.807354922057605
1762478904.077043,2.807354922057605
1762478904.277043,2.584962500721156
1762478904.377043,0.0
1762478904.4770432,2.584962500721156
1762478904.577043,0.0
1762478904.6770432,0.0
1762478904.777043,2.584962500721156
1762478904.9770432,2.807354922057605
1762478905.1770432,2.584962500721156
1762478905.277043,0.0
1762478905.4770432,2.584962500721156
1762478905.577043,0.0
1762478905.6770432,2.584962500721156
1762478905.777043,0.0
1762478905.877043,2.3219280948873626
1762478905.9770432,1.0
1762478906.077043,1.584962500721156
1762478906.1770432,2.0
1762478906.377043,2.584962500721156
1762478906.4770432,0.0
1762478906.577043,2.584962500721156
1762478906.6770432,0.0
1762478906.777043,2.0
1762478906.877043,1.584962500721156
1762478907.077043,2.807354922057605
1762478907.277043,2.584962500721156
1762478907.377043,0.0
1762478907.577043,2.584962500721156
1762478907.6770432,0.0
1762478907.777043,2.584962500721156
1762478907.877043,0.0
1762478907.9770432,2.0
1762478908.077043,1.584962500721156
1762478908.4770432,2.584962500721156
1762478908.577043,0.0
1762478908.6770432,2.584962500721156
1762478908.777043,0.0
1762478908.877043,2.0
1762478908.9770432,1.584962500721156
1762478909.1770432,2.807354922057605
1762478909.377043,2.584962500721156
1762478909.4770432,0.0
1762478909.577043,1.0
1762478909.6770432,2.3219280948873626
1762478909.877043,2.584962500721156
1762478909.9770432,0.0
1762478910.077043,2.0
1762478910.1770432,1.584962500721156
1762478910.377043,2.807354922057605
1762478910.577043,2.807354922057605
1762478910.777043,2.584962500721156
1762478910.877043,0.0
1762478910.9770432,2.0
1762478911.077043,1.584962500721156
1762478911.277043,2.807354922057605
1762478911.4770432,2.807354922057605
1762478911.6770432,2.584962500721156
1762478911.777043,0.0
1762478911.9770432,2.807354922057605
1762478912.1770432,2.584962500721156
1762478912.277043,0.0
1762478912.377043,2.584962500721156
1762478912.4770432,0.0
1762478912.577043,2.0
1762478912.6770432,1.584962500721156
1762478912.877043,2.807354922057605
1762478913.077043,2.584962500721156
1762478913.377043,0.0
1762478913.4770432,2.0
1762478913.577043,1.584962500721156
1762478913.6770432,1.584962500721156
1762478913.777043,2.0
1762478913.9770432,2.584962500721156
1762478914.077043,0.0
1762478914.1770432,2.584962500721156
1762478914.277043,0.0
1762478914.377043,0.0
1762478914.4770432,2.584962500721156
1762478914.6770432,2.807354922057605
1762478914.877043,2.584962500721156
1762478914.9770432,0.0
1762478915.077043,2.584962500721156
1762478915.1770432,0.0
1762478915.277043,2.0
1762478915.377043,1.584962500721156
1762478915.4770432,2.0
1762478915.577043,1.584962500721156
1762478915.777043,2.807354922057605
1762478915.9770432,2.807354922057605
1762478916.1770432,2.807354922057605
1762478916.377043,2.807354922057605
1762478916.577043,2.584962500721156
1762478916.6770432,0.0
1762478916.877043,2.807354922057605
1762478917.077043,2.584962500721156
1762478917.1770432,0.0
1762478917.277043,2.0
1762478917.377043,1.584962500721156
1762478917.4770432,2.0
1762478917.577043,1.584962500721156
1762478917.777043,2.807354922057605
1762478917.9770432,2.807354922057605
1762478918.377043,2.0
1762478918.4770432,0.0
1762478918.577043,2.584962500721156
1762478918.6770432,0.0
1762478918.777043,2.0
1762478918.877043,1.584962500721156
1762478919.077043,2.584962500721156
1762478919.1770432,0.0
1762478919.277043,2.0
1762478919.377043,2.807354922057605
1762478919.577043,2.584962500721156
1762478919.6770432,0.0
1762478919.777043,2.584962500721156
1762478919.877043,0.0
1762478919.9770432,2.584962500721156
1762478920.077043,0.0
1762478920.1770432,2.584962500721156
1762478920.277043,0.0
1762478920.377043,2.0
1762478920.4770432,1.584962500721156
1762478920.6770432,2.807354922057605
1762478920.877043,2.584962500721156
1762478920.9770432,0.0
1762478921.077043,2.3219280948873626
1762478921.1770432,1.0
1762478921.377043,2.584962500721156
1762478921.4770432,0.0
1762478921.577043,2.0
1762478921.6770432,1.584962500721156
1762478921.877043,2.807354922057605
1762478922.077043,2.807354922057605
1762478922.277043,2.584962500721156
1762478922.377043,0.0
1762478922.4770432,2.584962500721156
1762478922.577043,0.0
1762478922.6770432,0.0
1762478922.777043,2.584962500721156
1762478922.9770432,2.584962500721156
1762478923.077043,0.0
1762478923.4770432,2.584962500721156
1762478923.577043,0.0
1762478923.777043,2.584962500721156
1762478923.877043,0.0
1762478923.9770432,2.3219280948873626
1762478924.077043,0.9182958340544894
1762478924.1770432,2.0
1762478924.277043,2.7254805569978675
1762478924.4770432,2.807354922057605
1762478924.6770432,2.584962500721156
1762478924.777043,0.0
1762478924.877043,2.0
1762478924.9770432,1.584962500721156
1762478925.1770432,2.584962500721156
1762478925.277043,0.0
1762478925.377043,2.3219280948873626
1762478925.4770432,1.0
1762478925.6770432,2.584962500721156
1762478925.777043,0.0
1762478925.9770432,2.807354922057605
1762478926.1770432,2.584962500721156
1762478926.277043,0.0
1762478926.377043,2.3219280948873626
1762478926.4770432,1.0
1762478926.6770432,2.807354922057605
1762478926.877043,2.584962500721156
1762478926.9770432,0.0
1762478927.077043,2.0
1762478927.1770432,1.584962500721156
1762478927.377043,2.807354922057605
1762478927.577043,2.584962500721156
1762478927.6770432,0.0
1762478927.877043,2.584962500721156
1762478927.9770432,0.0
1762478928.1770432,0.0
1762478928.4770432,0.0
1762478928.577043,2.584962500721156
1762478928.6770432,0.0
1762478928.777043,0.0
1762478928.877043,2.584962500721156
1762478929.077043,2.584962500721156
1762478929.1770432,2.807354922057605
1762478929.277043,2.3219280948873626
1762478929.377043,1.584962500721156
1762478929.577043,2.807354922057605
1762478929.777043,2.584962500721156
1762478929.877043,0.0
1762478930.077043,2.584962500721156
1762478930.1770432,0.0
1762478930.277043,0.0
1762478930.377043,2.584962500721156
1762478930.577043,2.807354922057605
1762478930.777043,2.584962500721156
1762478930.877043,0.0
1762478930.9770432,2.0
1762478931.077043,1.584962500721156
1762478931.277043,2.584962500721156
1762478931.377043,0.0
1762478931.4770432,2.584962500721156
1762478931.577043,0.0
1762478931.777043,2.807354922057605
1762478931.9770432,2.584962500721156
1762478932.077043,0.0
1762478932.277043,2.584962500721156
1762478932.377043,0.0
1762478932.4770432,2.3219280948873626
1762478932.577043,1.0
1762478932.6770432,2.0
1762478932.777043,1.584962500721156
1762478932.9770432,2.807354922057605
1762478933.4770432,2.807354922057605
1762478933.6770432,2.584962500721156
1762478933.777043,0.0
1762478933.877043,2.0
1762478933.9770432,1.584962500721156
1762478934.1770432,2.7321588913645707
1762478934.277043,1.584962500721156
1762478934.377043,2.584962500721156
1762478934.4770432,0.0
1762478934.577043,2.0
1762478934.6770432,1.584962500721156
1762478934.777043,1.584962500721156
1762478934.877043,2.0
1762478935.077043,2.0
1762478935.1770432,1.584962500721156
1762478935.377043,2.584962500721156
1762478935.4770432,0.0
1762478935.577043,2.0
1762478935.6770432,1.584962500721156
1762478935.877043,2.807354922057605
1762478936.077043,2.584962500721156
1762478936.1770432,0.0
1762478936.377043,2.807354922057605
1762478936.577043,2.584962500721156
1762478936.6770432,0.0
1762478936.777043,2.584962500721156
1762478936.877043,0.0
1762478936.9770432,2.0
1762478937.077043,1.584962500721156
1762478937.277043,2.0
1762478937.377043,1.584962500721156
1762478937.577043,2.584962500721156
1762478937.6770432,0.0
1762478937.777043,0.0
1762478937.877043,2.584962500721156
1762478938.077043,2.584962500721156
1762478938.1770432,0.0
1762478938.577043,2.807354922057605
1762478938.777043,2.584962500721156
1762478938.877043,0.0
1762478938.9770432,2.584962500721156
1762478939.077043,0.0
1762478939.1770432,2.0
1762478939.277043,2.7254805569978675
1762478939.4770432,2.0
1762478939.577043,1.584962500721156
1762478939.777043,2.584962500721156
1762478939.877043,0.0
1762478939.9770432,2.0
1762478940.077043,1.584962500721156
1762478940.277043,2.584962500721156
1762478940.377043,0.0
1762478940.4770432,2.3219280948873626
1762478940.577043,1.0
1762478940.777043,2.807354922057605
1762478940.9770432,2.807354922057605
1762478941.1770432,2.584962500721156
1762478941.277043,0.0
1762478941.377043,2.0
1762478941.4770432,1.584962500721156
1762478941.6770432,2.0
1762478941.777043,1.584962500721156
1762478941.9770432,2.584962500721156
1762478942.077043,0.0
1762478942.1770432,2.0
1762478942.277043,1.584962500721156
1762478942.4770432,2.807354922057605
1762478942.6770432,2.584962500721156
1762478942.777043,0.0
1762478942.877043,2.0
1762478942.9770432,1.584962500721156
1762478943.077043,0.0
1762478943.1770432,1.584962500721156
1762478943.4770432,0.0
1762478943.577043,2.0
1762478943.6770432,1.584962500721156
1762478943.9770432,2.584962500721156
1762478944.077043,0.0
1762478944.1770432,2.807354922057605
1762478944.277043,2.584962500721156
1762478944.377043,1.584962500721156
1762478944.4770432,1.584962500721156
1762478944.577043,2.0
1762478944.777043,2.584962500721156
1762478944.877043,0.0
1762478944.9770432,2.584962500721156
1762478945.077043,0.0
1762478945.1770432,2.584962500721156
1762478945.277043,0.0
1762478945.377043,0.0
1762478945.4770432,2.584962500721156
1762478945.6770432,2.584962500721156
1762478945.777043,0.0
1762478945.9770432,2.584962500721156
1762478946.077043,0.0
1762478946.1770432,1.584962500721156
1762478946.277043,2.0
1762478946.4770432,2.584962500721156
1762478946.577043,0.0
1762478946.6770432,0.0
1762478946.777043,2.584962500721156
1762478946.9770432,2.584962500721156
1762478947.077043,0.0
1762478947.1770432,2.584962500721156
1762478947.277043,0.0
1762478947.377043,2.3219280948873626
1762478947.4770432,1.0
1762478947.6770432,2.807354922057605
1762478947.877043,2.584962500721156
1762478947.9770432,0.0
1762478948.077043,2.0
1762478948.1770432,0.0
1762478948.4770432,1.584962500721156
1762478948.6770432,2.584962500721156
1762478948.777043,0.0
1762478948.877043,2.584962500721156
1762478948.9770432,0.0
1762478949.077043,2.0
1762478949.1770432,2.7254805569978675
1762478949.277043,2.0
1762478949.377043,2.0
1762478949.577043,2.807354922057605
1762478949.777043,2.584962500721156
1762478949.877043,0.0
1762478949.9770432,2.0
1762478950.077043,1.584962500721156
1762478950.277043,2.807354922057605
1762478950.4770432,2.0
1762478950.577043,1.584962500721156
1762478950.777043,2.584962500721156
1762478950.877043,0.0
1762478950.9770432,2.0
1762478951.077043,1.584962500721156
1762478951.1770432,2.0
1762478951.277043,1.584962500721156
1762478951.377043,2.0
1762478951.4770432,1.584962500721156
1762478951.6770432,2.807354922057605
1762478951.877043,2.584962500721156
1762478951.9770432,0.0
1762478952.077043,2.0
1762478952.1770432,1.584962500721156
1762478952.377043,2.807354922057605
1762478952.577043,2.3219280948873626
1762478952.6770432,1.0
1762478952.877043,2.584962500721156
1762478952.9770432,0.0
1762478953.077043,2.584962500721156
1762478953.1770432,0.0
1762478953.4770432,2.0
1762478953.577043,1.584962500721156
1762478953.6770432,0.0
1762478953.777043,2.584962500721156
1762478953.9770432,2.807354922057605
1762478954.1770432,2.7516291673878226
1762478954.277043,0.0
1762478954.377043,2.584962500721156
1762478954.4770432,0.0
1762478954.577043,2.0
1762478954.6770432,1.584962500721156
1762478954.877043,2.584962500721156
1762478954.9770432,0.0
1762478955.077043,1.584962500721156
1762478955.1770432,2.0
1762478955.377043,2.807354922057605
1762478955.577043,2.807354922057605
1762478955.777043,2.807354922057605
1762478955.9770432,2.807354922057605
1762478956.1770432,2.584962500721156
1762478956.277043,0.0
1762478956.377043,2.584962500721156
1762478956.4770432,0.0
1762478956.577043,2.0
1762478956.6770432,1.584962500721156
1762478956.777043,1.584962500721156
1762478956.877043,2.0
1762478957.077043,2.584962500721156
1762478957.1770432,0.0
1762478957.277043,2.0
1762478957.377043,1.584962500721156
1762478957.4770432,2.0
1762478957.577043,1.584962500721156
1762478957.6770432,2.0
1762478957.777043,1.584962500721156
1762478957.9770432,2.807354922057605
1762478958.1770432,2.3219280948873626
1762478958.577043,2.584962500721156
1762478958.6770432,0.0
1762478958.777043,2.0
1762478958.877043,1.584962500721156
1762478958.9770432,1.0
1762478959.077043,2.3219280948873626
1762478959.1770432,2.584962500721156
1762478959.277043,2.807354922057605
1762478959.377043,0.0
1762478959.4770432,2.584962500721156
1762478959.577043,0.0
1762478959.6770432,2.0
1762478959.777043,1.584962500721156
1762478959.9770432,2.807354922057605
1762478960.1770432,2.807354922057605
1762478960.377043,2.584962500721156
1762478960.4770432,0.0
1762478960.577043,2.584962500721156
1762478960.6770432,0.0
1762478960.777043,2.0
1762478960.877043,1.584962500721156
1762478961.077043,2.807354922057605
1762478961.277043,2.584962500721156
1762478961.377043,0.0
1762478961.4770432,2.0
1762478961.577043,1.584962500721156
1762478961.777043,2.584962500721156
1762478961.877043,0.0
1762478961.9770432,2.0
1762478962.077043,1.584962500721156
1762478962.277043,2.807354922057605
1762478962.4770432,2.584962500721156
1762478962.577043,0.0
1762478962.6770432,2.0
1762478962.777043,1.584962500721156
1762478962.9770432,2.584962500721156
1762478963.077043,0.0
1762478964.277043,2.3219280948873626
1762478964.377043,1.0
1762478969.1770432,1.584962500721156
1762478969.377043,2.584962500721156
1762478974.1770432,1.0
1762478974.377043,2.0
1762478978.6770432,1.584962500721156
1762478978.777043,2.0
1762478978.9770432,2.584962500721156
1762478979.077043,0.0
1762478979.1770432,2.0
1762478979.277043,2.75
1762478979.377043,1.0
1762478979.4770432,2.584962500721156
1762478979.577043,0.0
1762478979.6770432,2.584962500721156
1762478979.777043,0.0
1762478979.9770432,2.584962500721156
1762478980.077043,0.0
1762478980.277043,2.807354922057605
1762478980.4770432,2.584962500721156
1762478980.577043,0.0
1762478980.6770432,2.0
1762478980.777043,1.584962500721156
1762478980.9770432,2.807354922057605
1762478981.1770432,2.3219280948873626
1762478981.277043,1.0
1762478981.4770432,2.807354922057605
1762478981.6770432,2.584962500721156
1762478981.777043,0.0
1762478981.877043,2.0
1762478981.9770432,1.584962500721156
1762478982.1770432,2.584962500721156
1762478982.277043,0.0
1762478982.377043,0.0
1762478982.4770432,2.584962500721156
1762478982.6770432,2.584962500721156
1762478982.777043,0.0
1762478982.877043,2.0
1762478982.9770432,1.584962500721156
1762478983.1770432,2.584962500721156
1762478983.6770432,2.584962500721156
1762478983.777043,0.0
1762478983.877043,2.0
1762478983.9770432,1.584962500721156
1762478984.1770432,2.75
1762478984.277043,0.0
1762478984.377043,2.584962500721156
1762478984.4770432,2.807354922057605
1762478984.577043,0.0
1762478984.6770432,1.584962500721156
1762478984.777043,2.0
1762478984.9770432,2.584962500721156
1762478985.077043,0.0
1762478985.277043,2.807354922057605
1762478985.4770432,2.584962500721156
1762478985.577043,0.0
1762478985.777043,2.807354922057605
1762478985.9770432,2.584962500721156
1762478986.077043,0.0
1762478986.1770432,1.0
1762478986.277043,2.3219280948873626
1762478986.4770432,2.584962500721156
1762478986.577043,0.0
1762478986.6770432,2.584962500721156
1762478986.777043,0.0
1762478986.9770432,2.584962500721156
1762478987.077043,0.0
1762478987.277043,2.584962500721156
1762478987.377043,0.0
1762478987.4770432,2.0
1762478987.577043,1.584962500721156
1762478987.777043,2.584962500721156
1762478987.877043,0.0
1762478987.9770432,2.0
1762478988.077043,1.584962500721156
1762478988.4770432,2.0
1762478988.577043,0.0
1762478988.6770432,2.0
1762478988.777043,1.584962500721156
1762478988.9770432,2.584962500721156
1762478989.077043,0.0
1762478989.1770432,2.0
1762478989.277043,1.584962500721156
1762478989.4770432,2.807354922057605
1762478989.6770432,2.584962500721156
1762478989.777043,0.0
1762478989.9770432,2.584962500721156
1762478990.077043,0.0
1762478990.1770432,2.3219280948873626
1762478990.277043,2.7254805569978675
1762478990.4770432,2.7773627950641693
1762478990.577043,0.0
1762478990.6770432,2.2810361125534238
1762478990.777043,1.5219280948873626
1762478990.877043,2.0
1762478990.9770432,2.721928094887362
1762478991.1770432,2.7773627950641693
1762478991.277043,0.0
1762478991.377043,2.503258334775646
1762478991.4770432,1.9219280948873625
1762478991.577043,0.0
1762478991.6770432,2.7773627950641693
1762478991.877043,2.584962500721156
1762478991.9770432,0.0
1762478992.077043,2.0
1762478992.1770432,2.721928094887362
1762478992.377043,2.0
1762478992.4770432,1.584962500721156
1762478992.6770432,2.7773627950641693
1762478992.777043,0.0
1762478992.877043,2.7321588913645707
1762478992.9770432,1.584962500721156
1762478993.077043,2.584962500721156
1762478993.1770432,2.807354922057605
1762478993.277043,0.0
1762478993.377043,2.584962500721156
1762478993.4770432,0.0
1762478993.577043,2.584962500721156
1762478993.6770432,2.75
1762478993.777043,2.584962500721156
1762478993.877043,2.75
1762478993.9770432,2.0
1762478994.077043,2.7254805569978675
1762478994.1770432,0.0
1762478994.277043,2.5503407095463886
1762478994.377043,0.9182958340544894
1762478994.577043,2.7773627950641693
1762478994.6770432,0.0
1762478994.777043,2.584962500721156
1762478994.877043,0.0
1762478994.9770432,2.584962500721156
1762478995.077043,2.807354922057605
1762478995.1770432,2.807354922057605
1762478995.277043,0.0
1762478995.377043,2.75
1762478995.4770432,2.584962500721156
1762478995.577043,2.584962500721156
1762478995.6770432,2.807354922057605
1762478995.777043,2.3219280948873626
1762478995.877043,2.7254805569978675
1762478995.9770432,1.0
1762478996.077043,2.721928094887362
1762478996.1770432,1.584962500721156
1762478996.277043,2.807354922057605
1762478996.377043,2.807354922057605
1762478996.4770432,2.584962500721156
1762478996.577043,2.3219280948873626
1762478996.6770432,2.807354922057605
1762478996.777043,1.584962500721156
1762478996.877043,2.807354922057605
1762478996.9770432,2.807354922057605
1762478997.077043,2.807354922057605
1762478997.1770432,2.0
1762478997.277043,2.7254805569978675
1762478997.377043,0.0
1762478997.4770432,2.584962500721156
1762478997.577043,0.0
1762478997.6770432,2.0
1762478997.777043,1.584962500721156
1762478997.877043,2.0
1762478997.9770432,2.721928094887362
1762478998.077043,2.0
1762478998.1770432,2.7254805569978675
1762478998.277043,0.0
1762478998.377043,2.807354922057605
1762478998.577043,2.584962500721156
1762478998.6770432,2.807354922057605
1762478998.777043,2.807354922057605
1762478998.877043,2.807354922057605
1762478998.9770432,2.584962500721156
1762478999.077043,2.807354922057605
1762478999.1770432,2.3219280948873626
1762478999.277043,2.75
1762478999.377043,1.584962500721156
1762478999.4770432,2.503258334775646
1762478999.577043,1.9219280948873625
1762478999.777043,2.807354922057605
1762478999.9770432,2.7773627950641693
1762479000.077043,0.0
1762479000.1770432,2.584962500721156
1762479000.277043,0.0
1762479000.377043,2.5219280948873624
1762479000.4770432,1.5
1762479000.577043,2.0
1762479000.6770432,2.721928094887362
1762479000.877043,2.7516291673878226
1762479000.9770432,1.0
1762479001.077043,2.5219280948873624
1762479001.1770432,1.5
1762479001.277043,2.0
1762479001.377043,2.721928094887362
1762479001.577043,2.7773627950641693
1762479001.6770432,0.0
1762479001.777043,2.503258334775646
1762479001.877043,1.9219280948873625
1762479001.9770432,2.0
1762479002.077043,2.7254805569978675
1762479002.1770432,1.584962500721156
1762479002.277043,2.7321588913645707
1762479002.377043,0.0
1762479002.4770432,2.7773627950641693
1762479002.577043,0.0
1762479002.6770432,2.807354922057605
1762479002.777043,2.807354922057605
1762479002.877043,2.584962500721156
1762479002.9770432,2.807354922057605
1762479003.077043,2.3219280948873626
1762479003.1770432,2.807354922057605
1762479003.277043,1.584962500721156
1762479003.4770432,2.584962500721156
1762479003.577043,2.807354922057605
1762479003.6770432,2.3219280948873626
1762479003.777043,2.7254805569978675
1762479003.877043,0.0
1762479003.9770432,2.5219280948873624
1762479004.077043,1.5
1762479004.1770432,2.0
1762479004.277043,2.7254805569978675
1762479004.377043,1.0
1762479004.4770432,2.7516291673878226
1762479004.577043,0.0
1762479004.6770432,2.807354922057605
1762479004.877043,2.584962500721156
1762479004.9770432,0.0
1762479005.077043,2.807354922057605
1762479005.277043,2.584962500721156
1762479005.377043,0.0
1762479005.4770432,2.0
1762479005.577043,1.584962500721156
1762479005.777043,2.584962500721156
1762479005.877043,0.0
1762479005.9770432,2.584962500721156
1762479006.077043,0.0
1762479006.1770432,2.584962500721156
1762479006.277043,0.0
1762479006.377043,2.0
1762479006.4770432,1.584962500721156
1762479006.6770432,2.807354922057605
1762479006.877043,2.807354922057605
1762479007.077043,2.807354922057605
1762479007.277043,2.584962500721156
1762479007.377043,0.0
1762479007.4770432,2.0
1762479007.577043,1.584962500721156
1762479007.777043,2.584962500721156
1762479007.877043,0.0
1762479008.077043,2.807354922057605
1762479008.4770432,1.584962500721156
1762479008.577043,1.584962500721156
1762479008.777043,2.584962500721156
1762479008.877043,0.0
1762479008.9770432,2.3219280948873626
1762479009.077043,1.0
1762479009.1770432,0.0
1762479009.277043,2.807354922057605
1762479009.377043,2.0
1762479009.4770432,2.721928094887362
1762479009.6770432,2.0
1762479009.777043,1.584962500721156
1762479009.9770432,2.0
1762479010.077043,1.584962500721156
1762479010.277043,2.584962500721156
1762479010.377043,0.0
1762479010.4770432,2.3219280948873626
1762479010.577043,1.0
1762479010.777043,2.807354922057605
1762479010.9770432,2.584962500721156
1762479011.077043,0.0
1762479011.1770432,2.0
1762479011.277043,1.584962500721156
1762479011.4770432,2.584962500721156
1762479011.577043,0.0
1762479011.777043,2.807354922057605
1762479012.077043,2.807354922057605
1762479012.377043,2.584962500721156
1762479012.4770432,0.0
1762479012.777043,2.584962500721156
1762479012.877043,0.0
1762479013.6770432,2.0
1762479013.777043,1.584962500721156
1762479013.9770432,2.3219280948873626
1762479014.077043,0.0
1762479014.1770432,0.0
1762479014.277043,2.807354922057605
1762479014.377043,2.584962500721156
1762479014.4770432,1.584962500721156
1762479014.6770432,2.584962500721156
1762479014.777043,0.0
1762479014.9770432,2.584962500721156
1762479015.077043,0.0
1762479015.377043,2.584962500721156
1762479015.4770432,0.0
1762479015.6770432,2.0
1762479015.777043,1.584962500721156
1762479015.9770432,1.584962500721156
1762479016.077043,1.584962500721156
1762479016.1770432,0.0
1762479016.4770432,2.807354922057605
1762479016.777043,2.584962500721156
1762479016.877043,0.0
1762479017.077043,2.807354922057605
1762479017.277043,2.584962500721156
1762479017.377043,0.0
1762479017.4770432,2.584962500721156
1762479017.577043,0.0
1762479017.6770432,2.584962500721156
1762479017.777043,0.0
1762479017.877043,2.0
1762479017.9770432,1.584962500721156
1762479018.1770432,2.807354922057605
1762479018.6770432,2.584962500721156
1762479018.777043,0.0
1762479018.9770432,2.807354922057605
1762479019.1770432,2.584962500721156
1762479019.277043,2.3219280948873626
1762479019.377043,2.7254805569978675
1762479019.4770432,0.0
1762479019.577043,2.3219280948873626
1762479019.6770432,1.0
1762479019.777043,2.3219280948873626
1762479019.877043,1.0
1762479019.9770432,2.0
1762479020.077043,1.584962500721156
1762479020.277043,2.584962500721156
1762479020.377043,0.0
1762479020.4770432,2.584962500721156
1762479020.577043,0.0
1762479020.777043,2.584962500721156
1762479020.877043,0.0
1762479020.9770432,2.0
1762479021.077043,1.584962500721156
1762479021.277043,2.807354922057605
1762479021.4770432,2.584962500721156
1762479021.577043,0.0
1762479021.6770432,2.584962500721156
1762479021.777043,0.0
1762479021.877043,2.3219280948873626
1762479021.9770432,1.0
1762479022.077043,2.0
1762479022.1770432,1.584962500721156
1762479022.377043,2.807354922057605
1762479022.577043,2.584962500721156
1762479022.6770432,0.0
1762479022.777043,2.0
1762479022.877043,1.584962500721156
1762479023.077043,2.584962500721156
1762479023.1770432,0.0
1762479023.577043,2.584962500721156
1762479023.6770432,0.0
1762479023.777043,2.584962500721156
1762479023.877043,0.0
1762479023.9770432,2.584962500721156
1762479024.077043,0.0
1762479024.1770432,2.0
1762479024.277043,1.584962500721156
1762479024.377043,2.584962500721156
1762479024.4770432,2.75
1762479024.6770432,2.584962500721156
1762479024.777043,0.0
1762479024.877043,2.584962500721156
1762479024.9770432,0.0
1762479025.1770432,2.584962500721156
1762479025.277043,0.0
1762479025.377043,2.0
1762479025.4770432,1.584962500721156
1762479025.6770432,2.584962500721156
1762479025.777043,0.0
1762479025.877043,2.584962500721156
1762479025.9770432,0.0
1762479026.077043,2.584962500721156
1762479026.1770432,0.0
1762479026.277043,2.0
1762479026.377043,1.584962500721156
1762479026.577043,2.807354922057605
1762479026.777043,2.584962500721156
1762479026.877043,0.0
1762479026.9770432,2.584962500721156
1762479027.077043,0.0
1762479027.1770432,2.0
1762479027.277043,1.584962500721156
1762479027.4770432,2.584962500721156
1762479027.577043,0.0
1762479027.777043,2.807354922057605
1762479027.9770432,2.807354922057605
1762479028.1770432,2.807354922057605
1762479028.577043,2.0
1762479028.6770432,1.584962500721156
1762479028.877043,2.584962500721156
1762479028.9770432,0.0
1762479029.077043,2.3219280948873626
1762479029.1770432,1.0
1762479029.277043,0.0
1762479029.377043,2.7773627950641693
1762479029.577043,1.584962500721156
1762479029.6770432,2.0
1762479029.877043,2.0
1762479029.9770432,1.584962500721156
1762479030.1770432,2.807354922057605
1762479030.377043,2.584962500721156
1762479030.4770432,0.0
1762479030.577043,2.0
1762479030.6770432,1.584962500721156
1762479030.877043,2.584962500721156
1762479030.9770432,0.0
1762479031.077043,2.584962500721156
1762479031.1770432,0.0
1762479031.377043,2.807354922057605
1762479031.577043,2.584962500721156
1762479031.6770432,0.0
1762479031.877043,2.584962500721156
1762479031.9770432,0.0
1762479032.077043,0.0
1762479032.1770432,2.584962500721156
1762479032.377043,2.807354922057605
1762479032.577043,2.584962500721156
1762479032.6770432,0.0
1762479032.877043,2.807354922057605
1762479033.077043,2.584962500721156
1762479033.1770432,0.0
1762479033.277043,0.0
1762479033.577043,2.3219280948873626
1762479033.6770432,0.0
1762479033.777043,2.0
1762479033.877043,1.584962500721156
1762479034.077043,2.0
1762479034.1770432,1.584962500721156
1762479034.277043,2.584962500721156
1762479034.377043,2.807354922057605
1762479034.4770432,1.0
1762479034.577043,2.0
1762479034.6770432,1.584962500721156
1762479034.877043,2.807354922057605
1762479035.077043,2.584962500721156
1762479035.1770432,0.0
1762479035.277043,0.0
1762479035.377043,2.584962500721156
1762479035.577043,2.584962500721156
1762479035.6770432,0.0
1762479035.777043,2.0
1762479035.877043,1.584962500721156
1762479036.077043,2.584962500721156
1762479036.1770432,0.0
1762479036.377043,2.584962500721156
1762479036.4770432,0.0
1762479036.577043,2.0
1762479036.6770432,1.584962500721156
1762479036.877043,2.584962500721156
1762479036.9770432,0.0
1762479037.077043,2.0
1762479037.1770432,1.584962500721156
1762479037.377043,2.584962500721156
1762479037.4770432,0.0
1762479037.577043,2.0
1762479037.6770432,1.584962500721156
1762479037.877043,2.584962500721156
1762479037.9770432,0.0
1762479038.077043,2.0
1762479038.1770432,1.584962500721156
1762479038.6770432,2.584962500721156
1762479038.777043,0.0
1762479038.877043,2.0
1762479038.9770432,1.584962500721156
1762479039.1770432,2.807354922057605
1762479039.377043,2.5219280948873624
1762479039.4770432,1.5
1762479039.6770432,2.807354922057605
1762479039.877043,2.584962500721156
1762479039.9770432,0.0
1762479040.1770432,2.807354922057605
1762479040.377043,2.584962500721156
1762479040.4770432,0.0
1762479040.577043,2.0
1762479040.6770432,1.584962500721156
1762479040.877043,2.584962500721156
1762479040.9770432,0.0
1762479041.1770432,2.584962500721156
1762479041.277043,0.0
1762479041.377043,2.0
1762479041.4770432,1.584962500721156
1762479041.6770432,2.807354922057605
1762479041.877043,2.584962500721156
1762479041.9770432,0.0
1762479042.077043,1.0
1762479042.1770432,2.3219280948873626
1762479042.377043,2.584962500721156
1762479042.4770432,0.0
1762479042.577043,2.0
1762479042.6770432,1.584962500721156
1762479042.777043,1.0
1762479042.877043,2.3219280948873626
1762479043.077043,2.584962500721156
1762479043.1770432,0.0
1762479043.6770432,2.807354922057605
1762479043.877043,2.584962500721156
1762479043.9770432,0.0
1762479044.077043,2.0
1762479044.1770432,1.584962500721156
1762479044.377043,2.584962500721156
1762479044.4770432,0.0
1762479044.577043,2.584962500721156
1762479044.6770432,0.0
1762479044.777043,1.584962500721156
1762479044.877043,2.0
1762479045.077043,2.807354922057605
1762479045.277043,2.0
1762479045.377043,1.584962500721156
1762479045.577043,2.584962500721156
1762479045.6770432,0.0
1762479045.777043,2.0
1762479045.877043,1.584962500721156
1762479046.077043,2.807354922057605
1762479046.277043,2.584962500721156
1762479046.377043,0.0
1762479046.4770432,2.0
1762479046.577043,1.584962500721156
1762479046.6770432,2.0
1762479046.777043,1.584962500721156
1762479046.9770432,2.807354922057605
1762479047.1770432,2.807354922057605
1762479047.377043,2.584962500721156
1762479047.4770432,0.0
1762479047.6770432,2.584962500721156
1762479047.777043,0.0
1762479047.9770432,2.807354922057605
1762479048.1770432,2.584962500721156
1762479048.277043,0.0
1762479048.6770432,2.807354922057605
1762479048.877043,2.807354922057605
1762479049.077043,2.584962500721156
1762479049.1770432,0.0
1762479049.277043,2.5
1762479049.377043,2.251629167387823
1762479049.4770432,2.0
1762479049.577043,1.584962500721156
1762479049.777043,2.584962500721156
1762479049.877043,0.0
1762479050.077043,2.807354922057605
1762479050.277043,2.3219280948873626
1762479050.377043,0.0
1762479050.4770432,0.0
1762479050.6770432,2.807354922057605
1762479050.877043,2.807354922057605
1762479051.077043,2.807354922057605
1762479051.277043,2.584962500721156
1762479051.377043,0.0
1762479051.4770432,2.584962500721156
1762479051.577043,0.0
1762479051.6770432,1.584962500721156
1762479051.777043,2.0
1762479051.9770432,2.3219280948873626
1762479052.077043,1.0
1762479052.277043,2.807354922057605
1762479052.4770432,2.584962500721156
1762479052.577043,0.0
1762479052.6770432,2.0
1762479052.777043,1.584962500721156
1762479052.877043,2.0
1762479052.9770432,1.584962500721156
1762479053.077043,1.0
1762479053.1770432,2.3219280948873626
1762479053.377043,2.3219280948873626
1762479053.577043,0.0
1762479053.777043,2.584962500721156
1762479053.877043,0.0
1762479053.9770432,2.0
1762479054.077043,1.584962500721156
1762479054.277043,2.584962500721156
1762479054.377043,2.807354922057605
1762479054.4770432,0.0
1762479054.577043,2.807354922057605
1762479054.777043,2.584962500721156
1762479054.877043,0.0
1762479054.9770432,2.584962500721156
1762479055.077043,0.0
1762479055.1770432,2.584962500721156
1762479055.277043,0.0
1762479055.377043,2.584962500721156
1762479055.4770432,0.0
1762479055.577043,2.0
1762479055.6770432,1.584962500721156
1762479055.877043,2.807354922057605
1762479056.077043,2.584962500721156
1762479056.1770432,0.0
1762479056.277043,2.584962500721156
1762479056.377043,0.0
1762479056.577043,2.584962500721156
1762479056.6770432,0.0
1762479056.777043,2.0
1762479056.877043,1.584962500721156
1762479056.9770432,1.584962500721156
1762479057.077043,2.0
1762479057.1770432,1.584962500721156
1762479057.277043,2.0
1762479057.4770432,2.807354922057605
1762479057.6770432,2.584962500721156
1762479057.777043,0.0
1762479057.877043,2.584962500721156
1762479057.9770432,0.0
1762479058.077043,2.0
1762479058.1770432,1.584962500721156
1762479058.377043,2.0
1762479058.6770432,0.0
1762479058.877043,2.584962500721156
1762479058.9770432,0.0
1762479059.077043,2.584962500721156
1762479059.1770432,0.0
1762479059.277043,2.503258334775646
1762479059.377043,1.5
1762479059.4770432,2.584962500721156
1762479059.577043,1.0
1762479059.6770432,2.0
1762479059.777043,1.584962500721156
1762479059.9770432,2.807354922057605
1762479060.1770432,2.584962500721156
1762479060.277043,0.0
1762479060.377043,2.584962500721156
1762479060.4770432,0.0
1762479060.6770432,2.807354922057605
1762479060.9770432,2.584962500721156
1762479061.077043,0.0
1762479061.1770432,2.0
1762479061.277043,1.584962500721156
1762479061.377043,2.0
1762479061.4770432,1.584962500721156
1762479061.577043,0.0
1762479061.6770432,2.584962500721156
1762479061.877043,2.807354922057605
1762479062.077043,2.584962500721156
1762479062.1770432,0.0
1762479062.277043,2.584962500721156
1762479062.377043,0.0
1762479062.4770432,2.0
1762479062.577043,1.584962500721156
1762479062.777043,2.807354922057605
1762479062.9770432,2.584962500721156
1762479063.077043,0.0
1762479063.277043,2.807354922057605
1762479063.6770432,2.584962500721156
1762479063.777043,0.0
1762479063.877043,2.0
1762479063.9770432,1.584962500721156
1762479064.1770432,2.807354922057605
1762479064.377043,2.5503407095463886
1762479064.4770432,0.9182958340544894
1762479064.577043,2.584962500721156
1762479064.6770432,0.0
1762479064.777043,2.0
1762479064.877043,1.584962500721156
1762479065.077043,2.807354922057605
1762479065.277043,2.584962500721156
1762479065.377043,0.0
1762479065.4770432,2.3219280948873626
1762479065.577043,1.0
1762479065.777043,2.807354922057605
1762479065.9770432,2.584962500721156
1762479066.077043,0.0
1762479066.1770432,2.584962500721156
1762479066.277043,0.0
1762479066.377043,2.0
1762479066.4770432,1.584962500721156
1762479066.6770432,2.807354922057605
1762479066.877043,2.807354922057605
1762479067.077043,2.584962500721156
1762479067.1770432,0.0
1762479067.277043,2.584962500721156
1762479067.377043,0.0
1762479067.577043,2.807354922057605
1762479067.777043,2.584962500721156
1762479067.877043,0.0
1762479067.9770432,2.0
1762479068.077043,1.584962500721156
1762479068.1770432,0.0
1762479068.277043,2.584962500721156
1762479068.6770432,2.584962500721156
1762479068.777043,0.0
1762479068.877043,2.584962500721156
1762479068.9770432,0.0
1762479069.077043,1.0
1762479069.1770432,2.3219280948873626
1762479069.377043,2.7773627950641693
1762479069.4770432,0.0
1762479069.577043,2.807354922057605
1762479069.777043,2.3219280948873626
1762479069.877043,1.0
1762479070.077043,2.807354922057605
1762479070.277043,2.584962500721156
1762479070.377043,0.0
1762479070.4770432,2.584962500721156
1762479070.577043,0.0
1762479070.6770432,2.0
1762479070.777043,1.584962500721156
1762479070.9770432,2.807354922057605
1762479071.1770432,2.807354922057605
1762479071.377043,2.584962500721156
1762479071.4770432,0.0
1762479071.577043,2.584962500721156
1762479071.6770432,0.0
1762479071.777043,2.584962500721156
1762479071.877043,0.0
1762479072.077043,2.584962500721156
1762479072.1770432,0.0
1762479072.377043,2.807354922057605
1762479072.577043,2.3219280948873626
1762479072.6770432,1.0
1762479072.777043,2.0
1762479072.877043,1.584962500721156
1762479073.077043,2.807354922057605
1762479073.277043,2.584962500721156
1762479073.377043,0.0
1762479073.6770432,2.584962500721156
1762479073.777043,0.0
1762479073.877043,2.584962500721156
1762479073.9770432,0.0
1762479074.077043,0.0
1762479074.1770432,2.3219280948873626
1762479074.277043,0.0
1762479074.377043,2.3219280948873626
1762479074.4770432,1.0
1762479074.6770432,2.807354922057605
1762479074.877043,2.584962500721156
1762479074.9770432,0.0
1762479075.077043,2.3219280948873626
1762479075.1770432,1.0
1762479075.377043,2.807354922057605
1762479075.577043,2.807354922057605
1762479075.777043,2.807354922057605
1762479075.9770432,2.584962500721156
1762479076.077043,0.0
1762479076.1770432,2.0
1762479076.277043,1.584962500721156
1762479076.4770432,2.584962500721156
1762479076.577043,0.0
1762479076.6770432,0.0
1762479076.777043,2.584962500721156
1762479076.9770432,2.584962500721156
1762479077.077043,0.0
1762479077.1770432,2.0
1762479077.277043,1.584962500721156
1762479077.4770432,2.807354922057605
1762479077.6770432,2.584962500721156
1762479077.777043,0.0
1762479077.877043,2.584962500721156
1762479077.9770432,0.0
1762479078.077043,0.0
1762479078.1770432,2.584962500721156
1762479078.377043,2.584962500721156
1762479078.6770432,1.0
1762479078.777043,0.0
1762479078.877043,0.0
1762479078.9770432,2.584962500721156
1762479079.1770432,2.0
1762479079.277043,1.584962500721156
1762479079.377043,1.0
1762479079.4770432,2.584962500721156
1762479079.577043,2.807354922057605
1762479079.6770432,2.0
1762479079.777043,1.584962500721156
1762479079.9770432,2.807354922057605
1762479080.1770432,2.584962500721156
1762479080.277043,0.0
1762479080.4770432,2.584962500721156
1762479080.577043,0.0
1762479080.6770432,0.0
1762479080.777043,2.584962500721156
1762479080.9770432,2.584962500721156
1762479081.077043,0.0
1762479081.277043,2.584962500721156
1762479081.377043,0.0
1762479081.577043,2.584962500721156
1762479081.6770432,0.0
1762479081.777043,2.584962500721156
1762479081.877043,0.0
1762479081.9770432,2.0
1762479082.077043,1.584962500721156
1762479082.277043,2.584962500721156
1762479082.377043,0.0
1762479082.4770432,2.0
1762479082.577043,1.584962500721156
1762479082.777043,2.584962500721156
1762479082.877043,0.0
1762479083.077043,2.807354922057605
1762479083.377043,2.584962500721156
1762479083.6770432,0.0
1762479083.877043,2.584962500721156
1762479083.9770432,0.0
1762479084.077043,2.584962500721156
1762479084.1770432,0.0
1762479084.277043,0.0
1762479084.377043,2.503258334775646
1762479084.577043,2.584962500721156
1762479084.6770432,0.0
1762479084.877043,2.584962500721156
1762479084.9770432,0.0
1762479085.077043,2.0
1762479085.1770432,1.584962500721156
1762479085.377043,2.584962500721156
1762479085.4770432,0.0
1762479085.577043,2.0
1762479085.6770432,1.584962500721156
1762479085.877043,2.584962500721156
1762479085.9770432,0.0
1762479086.077043,0.0
1762479086.1770432,2.584962500721156
1762479086.377043,2.0
1762479086.4770432,1.584962500721156
1762479086.6770432,2.584962500721156
1762479086.777043,0.0
1762479086.877043,1.0
1762479086.9770432,2.3219280948873626
1762479087.1770432,2.584962500721156
1762479087.277043,0.0
1762479087.377043,1.584962500721156
1762479087.4770432,2.0
1762479087.6770432,2.584962500721156
1762479087.777043,0.0
1762479087.877043,2.0
1762479087.9770432,1.584962500721156
1762479088.1770432,2.807354922057605
1762479088.377043,0.0
1762479088.4770432,0.0
1762479088.6770432,2.0
1762479088.777043,1.584962500721156
1762479088.9770432,2.807354922057605
1762479089.1770432,2.584962500721156
1762479089.277043,0.0
1762479089.4770432,2.7773627950641693
1762479089.577043,0.0
1762479089.6770432,2.584962500721156
1762479089.777043,0.0
1762479089.877043,1.584962500721156
1762479089.9770432,2.0
1762479090.1770432,2.807354922057605
1762479090.377043,2.0
1762479090.4770432,1.584962500721156
1762479090.6770432,2.0
1762479090.777043,1.584962500721156
1762479090.9770432,2.584962500721156
1762479091.077043,0.0
1762479091.277043,2.807354922057605
1762479091.4770432,2.584962500721156
1762479091.577043,0.0
1762479091.6770432,1.584962500721156
1762479091.777043,2.0
1762479091.9770432,2.807354922057605
1762479092.1770432,2.584962500721156
1762479092.277043,0.0
1762479092.377043,2.584962500721156
1762479092.4770432,0.0
1762479092.6770432,2.584962500721156
1762479092.777043,0.0
1762479092.877043,2.0
1762479092.9770432,1.584962500721156
1762479093.1770432,2.584962500721156
1762479093.277043,0.0
1762479093.377043,2.0
1762479093.6770432,0.0
1762479093.877043,2.584962500721156
1762479093.9770432,0.0
1762479094.077043,2.584962500721156
1762479094.1770432,0.0
1762479094.277043,2.3219280948873626
1762479094.377043,1.0
1762479094.4770432,2.807354922057605
1762479094.577043,2.807354922057605
1762479094.777043,2.584962500721156
1762479094.877043,0.0
1762479095.077043,2.584962500721156
1762479095.1770432,0.0
1762479095.277043,2.0
1762479095.377043,1.584962500721156
1762479095.577043,2.807354922057605
1762479095.777043,2.584962500721156
1762479095.877043,0.0
1762479095.9770432,2.584962500721156
1762479096.077043,0.0
1762479096.1770432,2.584962500721156
1762479096.277043,0.0
1762479096.377043,2.0
1762479096.4770432,1.584962500721156
1762479096.6770432,2.807354922057605
1762479096.877043,2.584962500721156
1762479096.9770432,0.0
1762479097.077043,1.0
1762479097.1770432,2.3219280948873626
1762479097.377043,2.3219280948873626
1762479097.4770432,1.0
1762479097.6770432,2.807354922057605
1762479097.877043,2.584962500721156
1762479097.9770432,0.0
1762479098.077043,2.584962500721156
1762479098.1770432,0.0
1762479098.277043,2.0
1762479098.377043,1.584962500721156
1762479098.777043,2.584962500721156
1762479098.877043,0.0
1762479099.077043,2.584962500721156
1762479099.1770432,0.0
1762479099.377043,2.0
1762479099.4770432,2.7254805569978675
1762479099.577043,0.0
1762479099.777043,2.584962500721156
1762479099.877043,0.0
1762479100.077043,2.584962500721156
1762479100.1770432,0.0
1762479100.377043,2.584962500721156
1762479100.4770432,0.0
1762479100.6770432,2.584962500721156
1762479100.777043,0.0
1762479100.877043,0.0
1762479100.9770432,2.584962500721156
1762479101.1770432,2.0
1762479101.277043,1.584962500721156
1762479101.4770432,2.0
1762479101.577043,1.584962500721156
1762479101.877043,2.584962500721156
1762479101.9770432,0.0
1762479102.1770432,2.807354922057605
1762479102.377043,2.0
1762479102.4770432,1.584962500721156
1762479102.6770432,2.584962500721156
1762479102.777043,0.0
1762479102.9770432,2.584962500721156
1762479103.077043,0.0
1762479103.277043,2.584962500721156
1762479103.377043,0.0
1762479103.877043,2.0
1762479103.9770432,1.584962500721156
1762479104.1770432,2.0
1762479104.277043,1.584962500721156
1762479104.4770432,2.3219280948873626
1762479104.577043,2.0
1762479104.6770432,1.584962500721156
1762479104.777043,2.584962500721156
1762479104.877043,0.0
1762479105.077043,2.0
1762479105.1770432,1.584962500721156
1762479105.377043,2.584962500721156
1762479105.4770432,0.0
1762479105.6770432,2.0
1762479105.777043,1.584962500721156
1762479105.9770432,2.0
1762479106.077043,1.584962500721156
1762479106.277043,2.3219280948873626
1762479106.377043,1.0
1762479106.577043,2.807354922057605
1762479106.777043,2.807354922057605
1762479106.9770432,2.584962500721156
1762479107.077043,0.0
1762479107.1770432,2.3219280948873626
1762479107.277043,1.0
1762479107.377043,1.0
1762479107.4770432,2.3219280948873626
1762479107.6770432,2.584962500721156
1762479107.777043,0.0
1762479107.877043,2.584962500721156
1762479107.9770432,0.0
1762479108.077043,2.0
1762479108.1770432,1.584962500721156
1762479108.377043,2.584962500721156
1762479108.4770432,0.0
1762479108.877043,2.807354922057605
1762479109.077043,2.807354922057605
1762479109.277043,2.584962500721156
1762479109.377043,0.0
1762479109.4770432,2.584962500721156
1762479109.577043,2.3219280948873626
1762479109.6770432,2.584962500721156
1762479109.777043,1.584962500721156
1762479109.9770432,2.807354922057605
1762479110.1770432,2.807354922057605
1762479110.377043,2.584962500721156
1762479110.4770432,0.0
1762479110.6770432,2.807354922057605
1762479110.877043,2.807354922057605
1762479111.077043,2.584962500721156
1762479111.1770432,0.0
1762479111.277043,2.584962500721156
1762479111.377043,0.0
1762479111.4770432,2.0
1762479111.577043,1.584962500721156
1762479111.777043,2.807354922057605
1762479111.9770432,2.584962500721156
1762479112.077043,0.0
1762479112.1770432,2.584962500721156
1762479112.277043,0.0
1762479112.377043,2.3219280948873626
1762479112.4770432,1.0
1762479112.577043,2.0
1762479112.6770432,1.584962500721156
1762479112.877043,2.807354922057605
1762479113.077043,2.584962500721156
1762479113.1770432,0.0
1762479113.277043,2.0
1762479113.377043,1.584962500721156
1762479113.777043,2.584962500721156
1762479113.877043,0.0
1762479113.9770432,2.584962500721156
1762479114.077043,0.0
1762479114.1770432,2.584962500721156
1762479114.277043,0.0
1762479114.377043,2.0
1762479114.4770432,2.25
1762479114.577043,2.0
1762479114.6770432,1.584962500721156
1762479114.777043,2.0
1762479114.877043,1.584962500721156
1762479115.077043,2.584962500721156
1762479115.1770432,0.0
1762479115.277043,2.584962500721156
1762479115.377043,0.0
1762479115.4770432,2.0
1762479115.577043,1.584962500721156
1762479115.777043,2.807354922057605
1762479115.9770432,2.807354922057605
1762479116.1770432,2.807354922057605
1762479116.377043,2.584962500721156
1762479116.4770432,0.0
1762479116.577043,2.584962500721156
1762479116.6770432,0.0
1762479116.777043,2.584962500721156
1762479116.877043,0.0
1762479116.9770432,2.584962500721156
1762479117.077043,0.0
1762479117.1770432,2.0
1762479117.277043,1.584962500721156
1762479117.4770432,2.584962500721156
1762479117.577043,0.0
1762479117.6770432,2.584962500721156
1762479117.777043,0.0
1762479117.877043,2.3219280948873626
1762479117.9770432,1.0
1762479118.077043,2.0
1762479118.1770432,1.584962500721156
1762479118.377043,2.807354922057605
1762479118.777043,2.807354922057605
1762479118.877043,0.0
1762479118.9770432,2.584962500721156
1762479119.1770432,2.807354922057605
1762479119.377043,2.807354922057605
1762479119.4770432,1.584962500721156
1762479119.577043,2.0
1762479119.6770432,2.7254805569978675
1762479119.877043,2.807354922057605
1762479120.077043,2.584962500721156
1762479120.1770432,0.0
1762479120.277043,2.584962500721156
1762479120.377043,0.0
1762479120.4770432,2.584962500721156
1762479120.577043,0.0
1762479120.6770432,2.584962500721156
1762479120.777043,0.0
1762479120.877043,2.584962500721156
1762479120.9770432,0.0
1762479121.077043,2.584962500721156
1762479121.1770432,0.0
1762479121.277043,2.584962500721156
1762479121.377043,0.0
1762479121.4770432,2.3219280948873626
1762479121.577043,1.0
1762479121.777043,2.584962500721156
1762479121.877043,0.0
1762479121.9770432,2.3219280948873626
1762479122.077043,1.0
1762479122.1770432,2.0
1762479122.277043,1.584962500721156
1762479122.377043,0.0
1762479122.4770432,2.584962500721156
1762479122.6770432,2.807354922057605
1762479122.877043,2.807354922057605
1762479122.9770432,1.584962500721156
1762479123.077043,2.0
1762479123.1770432,1.584962500721156
1762479123.277043,2.0
1762479123.4770432,2.584962500721156
1762479123.877043,2.584962500721156
1762479123.9770432,0.0
1762479124.1770432,2.584962500721156
1762479124.277043,0.0
1762479124.377043,2.3219280948873626
1762479124.4770432,1.0
1762479124.577043,2.7321588913645707
1762479124.6770432,1.584962500721156
1762479124.777043,2.0
1762479124.877043,1.584962500721156
1762479124.9770432,2.0
1762479125.077043,1.584962500721156
1762479125.1770432,2.3219280948873626
1762479125.277043,1.0
1762479125.377043,2.0
1762479125.4770432,1.584962500721156
1762479125.6770432,2.807354922057605
1762479125.877043,2.807354922057605
1762479126.077043,2.807354922057605
1762479126.377043,2.807354922057605
1762479126.577043,2.0
1762479126.6770432,1.584962500721156
1762479126.777043,2.0
1762479126.877043,1.584962500721156
1762479126.9770432,2.3219280948873626
1762479127.077043,1.0
1762479127.1770432,2.584962500721156
1762479127.277043,0.0
1762479127.377043,2.0
1762479127.4770432,1.584962500721156
1762479127.577043,2.0
1762479127.6770432,1.584962500721156
1762479127.777043,1.0
1762479127.877043,2.3219280948873626
1762479128.077043,2.807354922057605
1762479128.277043,2.807354922057605
1762479128.4770432,0.0
1762479128.777043,1.584962500721156
1762479128.9770432,2.807354922057605
1762479129.1770432,2.807354922057605
1762479129.377043,2.807354922057605
1762479129.577043,2.7773627950641693
1762479129.6770432,0.0
1762479129.777043,2.807354922057605
1762479129.9770432,2.584962500721156
1762479130.077043,0.0
1762479130.1770432,2.584962500721156
1762479130.277043,0.0
1762479130.377043,2.584962500721156
1762479130.4770432,0.0
1762479130.577043,2.0
1762479130.6770432,1.584962500721156
1762479130.877043,2.584962500721156
1762479130.9770432,0.0
1762479131.077043,2.584962500721156
1762479131.1770432,0.0
1762479131.277043,2.584962500721156
1762479131.377043,0.0
1762479131.4770432,2.584962500721156
1762479131.577043,0.0
1762479131.6770432,2.584962500721156
1762479131.777043,0.0
1762479131.877043,2.3219280948873626
1762479131.9770432,1.0
1762479132.077043,2.0
1762479132.1770432,1.584962500721156
1762479132.277043,0.0
1762479132.377043,2.584962500721156
1762479132.577043,2.807354922057605
1762479132.777043,2.584962500721156
1762479132.877043,0.0
1762479132.9770432,2.584962500721156
1762479133.077043,0.0
1762479133.277043,2.807354922057605
1762479133.4770432,2.584962500721156
1762479133.777043,0.0
1762479133.877043,2.0
1762479133.9770432,1.584962500721156
1762479134.1770432,2.807354922057605
1762479134.377043,2.807354922057605
1762479134.577043,2.5219280948873624
1762479134.6770432,1.5
1762479134.777043,2.584962500721156
1762479134.877043,0.0
1762479134.9770432,2.0
1762479135.077043,1.584962500721156
1762479135.277043,2.584962500721156
1762479135.377043,0.0
1762479135.4770432,2.584962500721156
1762479135.577043,0.0
1762479135.777043,2.584962500721156
1762479135.877043,0.0
1762479135.9770432,2.3219280948873626
1762479136.077043,1.0
1762479136.1770432,1.0
1762479136.277043,2.3219280948873626
1762479136.4770432,2.584962500721156
1762479136.577043,0.0
1762479136.6770432,2.584962500721156
1762479136.777043,0.0
1762479136.877043,1.584962500721156
1762479136.9770432,2.0
1762479137.1770432,2.807354922057605
1762479137.377043,2.584962500721156
1762479137.4770432,0.0
1762479137.577043,2.0
1762479137.6770432,1.584962500721156
1762479137.877043,2.584962500721156
1762479137.9770432,0.0
1762479138.077043,1.584962500721156
1762479138.1770432,2.0
1762479138.377043,2.584962500721156
1762479138.4770432,0.0
1762479138.877043,2.807354922057605
1762479139.077043,2.584962500721156
1762479139.1770432,0.0
1762479139.277043,2.0
1762479139.377043,1.584962500721156
1762479139.577043,2.807354922057605
1762479139.777043,2.807354922057605
1762479139.9770432,2.584962500721156
1762479140.077043,0.0
1762479140.277043,2.584962500721156
1762479140.377043,0.0
1762479140.4770432,2.0
1762479140.577043,1.584962500721156
1762479140.777043,2.584962500721156
1762479140.877043,0.0
1762479140.9770432,2.584962500721156
1762479141.077043,0.0
1762479141.277043,2.807354922057605
1762479141.4770432,2.584962500721156
1762479141.577043,0.0
1762479141.6770432,2.584962500721156
1762479141.777043,0.0
1762479141.877043,2.584962500721156
1762479141.9770432,0.0
1762479142.077043,0.0
1762479142.1770432,2.584962500721156
1762479142.377043,2.3219280948873626
1762479142.4770432,1.0
1762479142.6770432,2.584962500721156
1762479142.777043,0.0
1762479142.877043,2.0
1762479142.9770432,1.584962500721156
1762479143.1770432,2.807354922057605
1762479143.377043,2.584962500721156
1762479143.4770432,0.0
1762479143.877043,2.807354922057605
1762479144.077043,2.584962500721156
1762479144.1770432,0.0
1762479144.277043,2.3219280948873626
1762479144.377043,1.0
1762479144.577043,2.7773627950641693
1762479144.6770432,0.0
1762479144.777043,0.0
1762479144.877043,2.584962500721156
1762479145.077043,2.584962500721156
1762479145.1770432,0.0
1762479145.277043,2.0
1762479145.377043,1.584962500721156
1762479145.577043,2.807354922057605
1762479145.777043,2.584962500721156
1762479145.877043,0.0
1762479145.9770432,2.584962500721156
1762479146.077043,0.0
1762479146.1770432,2.584962500721156
1762479146.277043,0.0
1762479146.377043,1.584962500721156
1762479146.4770432,2.0
1762479146.6770432,2.584962500721156
1762479146.777043,0.0
1762479146.9770432,2.584962500721156
1762479147.077043,0.0
1762479147.277043,2.807354922057605
1762479147.4770432,2.3219280948873626
1762479147.577043,1.0
1762479147.777043,2.807354922057605
1762479147.9770432,2.584962500721156
1762479148.077043,0.0
1762479148.277043,2.807354922057605
1762479148.4770432,2.584962500721156
1762479148.777043,0.0
1762479149.077043,2.584962500721156
1762479149.1770432,0.0
1762479149.377043,2.584962500721156
1762479149.4770432,0.0
1762479149.577043,2.0
1762479149.6770432,2.721928094887362
1762479149.877043,2.584962500721156
1762479149.9770432,0.0
1762479150.077043,2.0
1762479150.1770432,1.584962500721156
1762479150.377043,2.807354922057605
1762479150.577043,2.584962500721156
1762479150.6770432,0.0
1762479150.877043,2.584962500721156
1762479150.9770432,0.0
1762479151.077043,2.0
1762479151.1770432,1.584962500721156
1762479151.377043,2.584962500721156
1762479151.4770432,0.0
1762479151.577043,1.584962500721156
1762479151.6770432,2.0
1762479151.877043,2.584962500721156
1762479151.9770432,0.0
1762479152.1770432,2.584962500721156
1762479152.277043,0.0
1762479152.377043,2.0
1762479152.4770432,1.584962500721156
1762479152.6770432,2.584962500721156
1762479152.777043,0.0
1762479152.877043,2.0
1762479152.9770432,1.584962500721156
1762479153.1770432,2.584962500721156
1762479153.277043,0.0
1762479153.4770432,2.807354922057605
1762479153.9770432,2.807354922057605
1762479154.1770432,2.584962500721156
1762479154.277043,0.0
1762479154.4770432,2.5503407095463886
1762479154.577043,0.0
1762479154.777043,2.7321588913645707
1762479154.9770432,2.584962500721156
1762479155.077043,0.0
1762479155.277043,2.584962500721156
1762479155.377043,0.0
1762479155.4770432,2.0
1762479155.577043,1.584962500721156
1762479155.777043,2.584962500721156
1762479155.877043,0.0
1762479155.9770432,2.0
1762479156.077043,1.584962500721156
1762479156.277043,2.807354922057605
1762479156.4770432,2.584962500721156
1762479156.577043,0.0
1762479156.777043,2.584962500721156
1762479156.877043,0.0
1762479156.9770432,1.584962500721156
1762479157.077043,2.0
1762479157.277043,2.584962500721156
1762479157.377043,0.0
1762479157.577043,2.807354922057605
1762479157.777043,2.584962500721156
1762479157.877043,0.0
1762479158.077043,2.807354922057605
1762479158.277043,2.584962500721156
1762479158.377043,0.0
1762479158.4770432,2.584962500721156
1762479158.777043,0.0
1762479158.9770432,2.0
1762479159.077043,1.584962500721156
1762479159.277043,2.807354922057605
1762479159.4770432,2.0
1762479159.577043,1.5
1762479159.6770432,2.584962500721156
1762479159.777043,2.0
1762479159.877043,1.584962500721156
1762479160.077043,2.584962500721156
1762479160.1770432,0.0
1762479160.277043,2.584962500721156
1762479160.377043,0.0
1762479160.4770432,2.0
1762479160.577043,1.584962500721156
1762479160.777043,2.807354922057605
1762479160.9770432,2.584962500721156
1762479161.077043,0.0
1762479161.277043,2.807354922057605
1762479161.4770432,2.584962500721156
1762479161.577043,0.0
1762479161.777043,2.584962500721156
1762479161.877043,0.0
1762479161.9770432,1.584962500721156
1762479162.077043,2.0
1762479162.277043,2.807354922057605
1762479162.4770432,2.584962500721156
1762479162.577043,0.0
1762479162.6770432,2.0
1762479162.777043,1.584962500721156
1762479162.9770432,2.807354922057605
1762479163.1770432,2.584962500721156
1762479163.277043,0.0
1762479163.377043,2.0
1762479163.4770432,1.584962500721156
1762479163.877043,2.0
1762479163.9770432,1.584962500721156
1762479164.1770432,2.0
1762479164.277043,1.584962500721156
1762479164.4770432,2.807354922057605
1762479164.577043,2.584962500721156
1762479164.6770432,2.75
1762479164.877043,2.584962500721156
1762479164.9770432,0.0
1762479165.077043,2.0
1762479165.1770432,1.584962500721156
1762479165.377043,2.807354922057605
1762479165.577043,2.584962500721156
1762479165.6770432,0.0
1762479165.777043,2.0
1762479165.877043,1.584962500721156
1762479166.077043,2.807354922057605
1762479166.377043,2.807354922057605
1762479166.577043,2.584962500721156
1762479166.6770432,0.0
1762479166.777043,2.584962500721156
1762479166.877043,0.0
1762479166.9770432,2.0
1762479167.077043,1.584962500721156
1762479167.277043,2.807354922057605
1762479167.4770432,2.584962500721156
1762479167.577043,0.0
1762479167.6770432,2.584962500721156
1762479167.777043,0.0
1762479167.877043,0.0
1762479167.9770432,2.584962500721156
1762479168.1770432,2.807354922057605
1762479168.377043,1.584962500721156
1762479168.4770432,2.0
1762479168.877043,2.584962500721156
1762479168.9770432,0.0
1762479169.077043,2.0
1762479169.1770432,1.584962500721156
1762479169.377043,2.807354922057605
1762479169.577043,2.5219280948873624
1762479169.6770432,1.5
1762479169.777043,2.584962500721156
1762479169.877043,0.0
1762479170.077043,2.807354922057605
1762479170.277043,2.807354922057605
1762479170.4770432,2.584962500721156
1762479170.577043,0.0
1762479170.777043,2.807354922057605
1762479170.9770432,2.584962500721156
1762479171.077043,0.0
1762479171.1770432,0.0
1762479171.277043,2.584962500721156
1762479171.4770432,2.807354922057605
1762479171.6770432,2.584962500721156
1762479171.777043,0.0
1762479171.877043,2.0
1762479171.9770432,1.584962500721156
1762479172.1770432,2.807354922057605
1762479172.377043,2.584962500721156
1762479172.4770432,0.0
1762479172.577043,2.584962500721156
1762479172.6770432,0.0
1762479172.777043,2.584962500721156
1762479172.877043,0.0
1762479172.9770432,2.584962500721156
1762479173.077043,0.0
1762479173.277043,2.584962500721156
1762479173.377043,0.0
1762479173.4770432,2.0
1762479173.577043,1.0
1762479173.9770432,2.584962500721156
1762479174.077043,0.0
1762479174.1770432,2.0
1762479174.277043,1.584962500721156
1762479174.4770432,2.807354922057605
1762479174.577043,0.0
1762479174.6770432,2.521640636343319
1762479174.777043,2.584962500721156
1762479174.877043,2.584962500721156
1762479174.9770432,0.0
1762479175.077043,2.584962500721156
1762479175.1770432,0.0
1762479175.277043,2.584962500721156
1762479175.377043,0.0
1762479175.4770432,0.0
1762479175.577043,2.584962500721156
1762479175.777043,2.807354922057605
1762479175.9770432,2.0
1762479176.077043,1.584962500721156
1762479176.277043,2.584962500721156
1762479176.377043,0.0
1762479176.4770432,2.3219280948873626
1762479176.577043,1.0
1762479176.6770432,2.0
1762479176.777043,1.584962500721156
1762479176.877043,1.584962500721156
1762479176.9770432,2.0
1762479177.1770432,2.807354922057605
1762479177.377043,2.807354922057605
1762479177.577043,2.584962500721156
1762479177.6770432,0.0
1762479177.777043,2.584962500721156
1762479177.877043,0.0
1762479177.9770432,2.0
1762479178.077043,1.584962500721156
1762479178.277043,2.584962500721156
1762479178.377043,0.0
1762479178.4770432,1.0
1762479178.577043,2.0
1762479178.9770432,2.584962500721156
1762479179.077043,0.0
1762479179.1770432,2.584962500721156
1762479179.277043,0.0
1762479179.377043,2.0
1762479179.4770432,1.584962500721156
1762479179.577043,1.584962500721156
1762479179.6770432,2.721928094887362
1762479179.777043,0.0
1762479179.877043,2.807354922057605
1762479180.077043,2.584962500721156
1762479180.1770432,0.0
1762479180.277043,2.3219280948873626
1762479180.377043,1.0
1762479180.577043,2.584962500721156
1762479180.6770432,0.0
1762479180.777043,1.584962500721156
1762479180.877043,2.0
1762479181.077043,2.807354922057605
1762479181.277043,2.807354922057605
1762479181.4770432,2.807354922057605
1762479181.6770432,2.584962500721156
1762479181.777043,0.0
1762479181.877043,2.584962500721156
1762479181.9770432,0.0
1762479182.077043,2.0
1762479182.1770432,1.584962500721156
1762479182.377043,2.807354922057605
1762479182.577043,2.584962500721156
1762479182.6770432,0.0
1762479182.877043,2.807354922057605
1762479183.077043,2.807354922057605
1762479183.277043,2.584962500721156
1762479183.377043,0.0
1762479183.4770432,2.584962500721156
1762479183.577043,0.0
1762479183.9770432,2.807354922057605
1762479184.1770432,2.584962500721156
1762479184.277043,0.0
1762479184.377043,2.0
1762479184.4770432,1.584962500721156
1762479184.577043,0.0
1762479184.6770432,2.807354922057605
1762479184.777043,2.584962500721156
1762479184.877043,2.584962500721156
1762479184.9770432,0.0
1762479185.1770432,2.807354922057605
1762479185.377043,2.584962500721156
1762479185.4770432,0.0
1762479185.577043,2.584962500721156
1762479185.6770432,0.0
1762479185.777043,0.0
1762479185.877043,2.584962500721156
1762479186.077043,2.584962500721156
1762479186.1770432,0.0
1762479186.277043,2.0
1762479186.377043,1.584962500721156
1762479186.577043,2.584962500721156
1762479186.6770432,0.0
1762479186.777043,2.584962500721156
1762479186.877043,0.0
1762479187.077043,2.584962500721156
1762479187.1770432,0.0
1762479187.277043,0.0
1762479187.377043,2.584962500721156
1762479187.577043,2.3219280948873626
1762479187.6770432,1.0
1762479187.877043,2.807354922057605
1762479188.077043,2.0
1762479188.1770432,1.584962500721156
1762479188.377043,2.584962500721156
1762479188.4770432,0.0
1762479188.877043,2.0
1762479188.9770432,1.584962500721156
1762479189.1770432,2.584962500721156
1762479189.277043,0.0
1762479189.377043,2.584962500721156
1762479189.4770432,0.0
1762479189.577043,0.0
1762479189.6770432,2.7516291673878226
1762479189.777043,0.0
1762479189.9770432,2.807354922057605
1762479190.1770432,0.0
1762479190.277043,2.584962500721156
1762479190.4770432,2.584962500721156
1762479190.577043,0.0
1762479190.777043,2.807354922057605
1762479190.9770432,2.584962500721156
1762479191.077043,0.0
1762479191.277043,2.807354922057605
1762479191.4770432,2.584962500721156
1762479191.577043,0.0
1762479191.6770432,2.0
1762479191.777043,1.584962500721156
1762479192.077043,2.584962500721156
1762479192.1770432,0.0
1762479192.377043,2.584962500721156
1762479192.4770432,0.0
1762479192.577043,1.0
1762479192.6770432,2.3219280948873626
1762479192.877043,2.584962500721156
1762479192.9770432,0.0
1762479193.077043,2.0
1762479193.1770432,1.584962500721156
1762479193.377043,2.584962500721156
1762479193.4770432,0.0
1762479193.577043,2.0
1762479194.077043,2.807354922057605
1762479194.277043,2.584962500721156
1762479194.377043,0.0
1762479194.4770432,2.584962500721156
1762479194.577043,0.0
1762479194.6770432,2.584962500721156
1762479194.777043,2.75
1762479194.9770432,2.584962500721156
1762479195.077043,0.0
1762479195.1770432,0.0
1762479195.277043,2.584962500721156
1762479195.4770432,2.584962500721156
1762479195.577043,0.0
1762479195.6770432,2.0
1762479195.777043,1.584962500721156
1762479195.877043,2.0
1762479195.9770432,1.584962500721156
1762479196.1770432,2.807354922057605
1762479196.377043,2.584962500721156
1762479196.4770432,0.0
1762479196.577043,2.584962500721156
1762479196.6770432,0.0
1762479196.777043,0.0
1762479196.877043,2.584962500721156
1762479197.077043,2.807354922057605
1762479197.277043,2.584962500721156
1762479197.377043,0.0
1762479197.4770432,2.0
1762479197.577043,1.584962500721156
1762479197.6770432,2.0
1762479197.777043,1.584962500721156
1762479197.9770432,2.584962500721156
1762479198.077043,0.0
1762479198.1770432,2.0
1762479198.277043,1.584962500721156
1762479198.4770432,2.807354922057605
1762479198.877043,2.0
1762479198.9770432,1.584962500721156
1762479199.1770432,2.807354922057605
1762479199.377043,2.584962500721156
1762479199.4770432,0.0
1762479199.577043,2.807354922057605
1762479199.6770432,0.0
1762479199.777043,2.7321588913645707
1762479199.877043,1.584962500721156
1762479199.9770432,2.0
1762479200.077043,1.584962500721156
1762479200.277043,2.584962500721156
1762479200.377043,0.0
1762479200.4770432,1.584962500721156
1762479200.577043,2.0
1762479200.777043,2.584962500721156
1762479200.877043,0.0
1762479200.9770432,2.584962500721156
1762479201.077043,0.0
1762479201.1770432,2.3219280948873626
1762479201.277043,1.0
1762479201.377043,1.0
1762479201.4770432,2.3219280948873626
1762479201.6770432,2.807354922057605
1762479201.877043,2.807354922057605
1762479202.077043,2.807354922057605
1762479202.277043,2.584962500721156
1762479202.377043,0.0
1762479202.577043,2.807354922057605
1762479202.777043,2.584962500721156
1762479202.877043,0.0
1762479202.9770432,0.0
1762479203.077043,2.584962500721156
1762479203.277043,2.807354922057605
1762479203.4770432,2.584962500721156
1762479203.577043,0.0
1762479203.877043,2.3219280948873626
1762479203.9770432,1.0
1762479204.077043,2.0
1762479204.1770432,1.584962500721156
1762479204.277043,1.0
1762479204.377043,2.3219280948873626
1762479204.577043,2.807354922057605
1762479204.6770432,0.0
1762479204.777043,2.7321588913645707
1762479204.877043,1.584962500721156
1762479205.077043,2.584962500721156
1762479205.1770432,0.0
1762479205.277043,2.584962500721156
1762479205.377043,0.0
1762479205.4770432,2.0
1762479205.577043,1.584962500721156
1762479205.777043,2.807354922057605
1762479205.9770432,2.807354922057605
1762479206.1770432,2.807354922057605
1762479206.377043,2.584962500721156
1762479206.4770432,0.0
1762479206.577043,2.584962500721156
1762479206.6770432,0.0
1762479206.777043,0.0
1762479206.877043,2.584962500721156
1762479207.077043,2.0
1762479207.1770432,1.584962500721156
1762479207.377043,2.807354922057605
1762479207.577043,2.584962500721156
1762479207.6770432,0.0
1762479207.777043,2.584962500721156
1762479207.877043,0.0
1762479207.9770432,2.584962500721156
1762479208.077043,0.0
1762479208.1770432,2.584962500721156
1762479208.277043,0.0
1762479208.377043,2.3219280948873626
1762479208.4770432,1.0
1762479208.577043,1.0
1762479208.877043,0.0
1762479209.077043,2.0
1762479209.1770432,1.584962500721156
1762479209.377043,2.3219280948873626
1762479209.4770432,1.0
1762479209.6770432,2.7516291673878226
1762479209.777043,1.0
1762479209.877043,2.807354922057605
1762479210.077043,2.807354922057605
1762479210.277043,2.807354922057605
1762479210.4770432,2.584962500721156
1762479210.577043,0.0
1762479210.6770432,2.3219280948873626
1762479210.777043,1.0
1762479210.877043,1.0
1762479210.9770432,2.3219280948873626
1762479211.1770432,2.584962500721156
1762479211.277043,0.0
1762479211.4770432,2.584962500721156
1762479211.577043,0.0
1762479211.6770432,2.0
1762479211.777043,1.584962500721156
1762479211.9770432,2.807354922057605
1762479212.1770432,2.584962500721156
1762479212.277043,0.0
1762479212.377043,2.584962500721156
1762479212.4770432,0.0
1762479212.577043,2.0
1762479212.6770432,1.584962500721156
1762479212.877043,2.807354922057605
1762479213.077043,2.584962500721156
1762479213.1770432,0.0
1762479213.277043,2.0
1762479213.377043,1.584962500721156
1762479213.577043,2.584962500721156
1762479214.577043,1.0
1762479214.6770432,2.3219280948873626
1762479219.577043,1.0
1762479219.6770432,0.0
1762479219.777043,2.584962500721156
1762479219.877043,0.0
1762479224.6770432,2.584962500721156
1762479224.777043,0.0
1762479229.1770432,2.807354922057605
1762479229.377043,2.584962500721156
1762479229.4770432,0.0
1762479229.577043,2.0
1762479229.6770432,2.7254805569978675
1762479229.777043,0.0
1762479229.877043,2.0
1762479229.9770432,1.584962500721156
1762479230.1770432,2.584962500721156
1762479230.277043,0.0
1762479230.377043,2.0
1762479230.4770432,1.584962500721156
1762479230.6770432,2.807354922057605
1762479230.877043,2.584962500721156
1762479230.9770432,0.0
1762479231.077043,2.584962500721156
1762479231.1770432,0.0
1762479231.277043,2.0
1762479231.377043,1.584962500721156
1762479231.577043,2.807354922057605
1762479231.777043,2.584962500721156
1762479231.877043,0.0
1762479232.077043,2.584962500721156
1762479232.1770432,0.0
1762479232.277043,2.0
1762479232.377043,1.584962500721156
1762479232.577043,2.807354922057605
1762479232.777043,2.584962500721156
1762479232.877043,0.0
1762479232.9770432,2.584962500721156
1762479233.077043,0.0
1762479233.1770432,2.3219280948873626
1762479233.277043,1.0
1762479233.377043,2.0
1762479233.4770432,1.584962500721156
1762479233.6770432,2.0
1762479233.9770432,0.0
1762479234.1770432,2.807354922057605
1762479234.377043,2.584962500721156
1762479234.4770432,0.0
1762479234.577043,1.0
1762479234.6770432,2.721928094887362
1762479234.877043,2.7773627950641693
1762479235.077043,2.584962500721156
1762479235.1770432,0.0
1762479235.277043,2.584962500721156
1762479235.377043,0.0
1762479235.4770432,2.584962500721156
1762479235.577043,0.0
1762479235.6770432,1.584962500721156
1762479235.777043,2.0
1762479235.9770432,2.807354922057605
1762479236.1770432,2.584962500721156
1762479236.277043,0.0
1762479236.4770432,2.584962500721156
1762479236.577043,0.0
1762479236.6770432,2.0
1762479236.777043,1.584962500721156
1762479236.9770432,2.807354922057605
1762479237.1770432,2.807354922057605
1762479237.377043,2.807354922057605
1762479237.577043,2.584962500721156
1762479237.6770432,0.0
1762479237.777043,2.584962500721156
1762479237.877043,0.0
1762479237.9770432,0.0
1762479238.077043,2.584962500721156
1762479238.277043,2.807354922057605
1762479238.4770432,2.0
1762479238.577043,1.584962500721156
1762479239.077043,2.807354922057605
1762479239.277043,2.584962500721156
1762479239.377043,0.0
1762479239.4770432,2.584962500721156
1762479239.577043,0.0
1762479239.6770432,2.807354922057605
1762479239.777043,2.0
1762479239.877043,2.75
1762479239.9770432,1.584962500721156
1762479240.077043,2.584962500721156
1762479240.1770432,2.75
1762479240.277043,2.584962500721156
1762479240.377043,2.807354922057605
1762479240.4770432,2.807354922057605
1762479240.577043,2.584962500721156
1762479240.6770432,2.584962500721156
1762479240.777043,1.584962500721156
1762479240.877043,2.584962500721156
1762479240.9770432,2.75
1762479241.077043,2.0
1762479241.1770432,2.721928094887362
1762479241.377043,2.7773627950641693
1762479241.4770432,0.0
1762479241.577043,2.7321588913645707
1762479241.6770432,1.584962500721156
1762479241.777043,2.584962500721156
1762479241.877043,2.807354922057605
1762479241.9770432,2.807354922057605
1762479242.077043,0.0
1762479242.1770432,2.7321588913645707
1762479242.277043,1.584962500721156
1762479242.377043,2.807354922057605
1762479242.4770432,2.807354922057605
1762479242.577043,2.807354922057605
1762479242.6770432,2.584962500721156
1762479242.777043,2.75
1762479242.877043,2.0
1762479242.9770432,2.7254805569978675
1762479243.077043,0.0
1762479243.1770432,2.584962500721156
1762479243.277043,0.0
1762479243.377043,2.0
1762479243.4770432,1.584962500721156
1762479243.577043,2.0
1762479243.6770432,2.721928094887362
1762479243.877043,2.584962500721156
1762479243.9770432,0.0
1762479244.077043,2.503258334775646
1762479244.1770432,1.9219280948873625
1762479244.277043,2.584962500721156
1762479244.377043,2.807354922057605
1762479244.4770432,2.3219280948873626
1762479244.577043,2.7254805569978675
1762479244.6770432,0.0
1762479244.777043,2.7773627950641693
1762479244.877043,0.0
1762479244.9770432,2.584962500721156
1762479245.077043,0.0
1762479245.1770432,2.0
1762479245.277043,2.721928094887362
1762479245.377043,1.0
1762479245.4770432,2.7321588913645707
1762479245.577043,0.0
1762479245.6770432,2.7773627950641693
1762479245.777043,0.0
1762479245.877043,2.5219280948873624
1762479245.9770432,1.5
1762479246.077043,2.584962500721156
1762479246.1770432,2.75
1762479246.377043,2.7773627950641693
1762479246.4770432,0.0
1762479246.577043,2.75
1762479246.6770432,2.584962500721156
1762479246.777043,2.584962500721156
1762479246.877043,2.807354922057605
1762479246.9770432,2.807354922057605
1762479247.077043,2.3219280948873626
1762479247.1770432,2.807354922057605
1762479247.277043,1.584962500721156
1762479247.377043,1.9182958340544896
1762479247.4770432,2.25
1762479247.6770432,2.7773627950641693
1762479247.777043,0.0
1762479247.877043,2.5219280948873624
1762479247.9770432,1.5
1762479248.077043,2.584962500721156
1762479248.1770432,2.807354922057605
1762479248.277043,2.0
1762479248.377043,2.75
1762479248.4770432,1.584962500721156
1762479248.577043,2.584962500721156
1762479248.6770432,2.807354922057605
1762479248.777043,2.0
1762479248.877043,1.584962500721156
1762479248.9770432,0.0
1762479249.077043,2.807354922057605
1762479249.1770432,2.584962500721156
1762479249.277043,2.807354922057605
1762479249.377043,2.3219280948873626
1762479249.4770432,2.807354922057605
1762479249.577043,1.584962500721156
1762479249.6770432,2.807354922057605
1762479249.777043,2.807354922057605
1762479249.877043,2.0
1762479249.9770432,2.7254805569978675
1762479250.077043,0.0
1762479250.1770432,2.584962500721156
1762479250.277043,2.75
1762479250.4770432,2.7773627950641693
1762479250.577043,0.0
1762479250.6770432,2.584962500721156
1762479250.777043,2.807354922057605
1762479250.877043,0.0
1762479250.9770432,2.7516291673878226
1762479251.077043,1.0
1762479251.1770432,2.584962500721156
1762479251.277043,2.75
1762479251.377043,2.0
1762479251.4770432,2.7254805569978675
1762479251.577043,0.0
1762479251.6770432,2.807354922057605
1762479251.777043,2.807354922057605
1762479251.877043,2.584962500721156
1762479251.9770432,2.807354922057605
1762479252.077043,1.584962500721156
1762479252.1770432,2.7254805569978675
1762479252.277043,1.584962500721156
1762479252.377043,2.584962500721156
1762479252.4770432,2.807354922057605
1762479252.577043,0.0
1762479252.6770432,2.584962500721156
1762479252.777043,0.0
1762479252.877043,2.0
1762479252.9770432,2.7254805569978675
1762479253.077043,0.0
1762479253.1770432,2.5219280948873624
1762479253.277043,1.5
1762479253.377043,2.0
1762479253.4770432,2.7254805569978675
1762479253.577043,0.0
1762479253.6770432,2.2810361125534238
1762479253.777043,1.584962500721156
1762479253.9770432,2.75
1762479254.1770432,2.7773627950641693
1762479254.277043,0.0
1762479254.377043,0.9182958340544894
1762479254.4770432,2.5503407095463886
1762479254.6770432,2.5503407095463886
1762479254.777043,0.9182958340544894
1762479254.877043,2.0
1762479254.9770432,2.721928094887362
1762479255.1770432,2.584962500721156
1762479255.277043,0.0
1762479255.377043,2.0
1762479255.4770432,1.584962500721156
1762479255.6770432,2.807354922057605
1762479255.877043,2.584962500721156
1762479255.9770432,0.0
1762479256.077043,2.0
1762479256.1770432,1.584962500721156
1762479256.377043,2.807354922057605
1762479256.577043,2.0
1762479256.6770432,1.584962500721156
1762479256.877043,2.584962500721156
1762479256.9770432,0.0
1762479257.1770432,2.584962500721156
1762479257.277043,0.0
1762479257.4770432,2.584962500721156
1762479257.577043,0.0
1762479257.777043,2.807354922057605
1762479257.9770432,2.584962500721156
1762479258.077043,0.0
1762479258.1770432,1.0
1762479258.277043,2.3219280948873626
1762479258.4770432,2.584962500721156
1762479258.577043,0.0
1762479258.9770432,2.0
1762479259.077043,1.584962500721156
1762479259.6770432,1.584962500721156
1762479259.877043,2.584962500721156
1762479264.777043,2.584962500721156
1762479264.877043,0.0
1762479269.777043,2.0
1762479269.877043,1.584962500721156
1762479271.877043,0.0
1762479272.077043,2.584962500721156
1762479272.1770432,0.0
1762479272.277043,2.0
1762479272.377043,1.584962500721156
1762479272.577043,2.584962500721156
1762479272.6770432,0.0
1762479272.777043,2.0
1762479272.877043,1.584962500721156
1762479273.077043,2.584962500721156
1762479273.1770432,0.0
1762479273.377043,2.807354922057605
1762479273.577043,2.584962500721156
1762479273.6770432,0.0
1762479274.077043,2.584962500721156
1762479274.1770432,0.0
1762479274.277043,2.584962500721156
1762479274.377043,0.0
1762479274.577043,2.807354922057605
1762479274.777043,2.807354922057605
1762479274.877043,2.584962500721156
1762479274.9770432,0.0
1762479275.077043,2.807354922057605
1762479275.277043,2.0
1762479275.377043,1.584962500721156
1762479275.577043,2.584962500721156
1762479275.6770432,0.0
1762479275.877043,2.807354922057605
1762479276.077043,2.807354922057605
1762479276.277043,2.584962500721156
1762479276.377043,0.0
1762479276.4770432,2.3219280948873626
1762479276.577043,1.0
1762479276.6770432,0.0
1762479276.777043,2.584962500721156
1762479276.9770432,2.807354922057605
1762479277.1770432,2.584962500721156
1762479277.277043,0.0
1762479277.377043,2.3219280948873626
1762479277.4770432,1.0
1762479277.6770432,2.584962500721156
1762479277.777043,0.0
1762479277.877043,2.0
1762479277.9770432,1.584962500721156
1762479278.077043,2.0
1762479278.1770432,1.584962500721156
1762479278.277043,2.0
1762479278.377043,1.584962500721156
1762479278.4770432,2.0
1762479278.577043,1.584962500721156
1762479278.777043,0.0
1762479278.9770432,0.0
1762479279.1770432,2.584962500721156
1762479279.277043,0.0
1762479279.377043,2.584962500721156
1762479279.4770432,0.0
1762479279.577043,2.3219280948873626
1762479279.6770432,0.9182958340544894
1762479279.777043,0.0
1762479279.877043,2.7516291673878226
1762479279.9770432,0.0
1762479280.077043,2.584962500721156
1762479280.1770432,0.0
1762479280.277043,2.584962500721156
1762479280.377043,0.0
1762479280.4770432,2.584962500721156
1762479280.577043,0.0
1762479280.6770432,2.584962500721156
1762479280.777043,0.0
1762479280.877043,2.0
1762479280.9770432,1.584962500721156
1762479281.077043,2.0
1762479281.1770432,1.584962500721156
1762479281.277043,1.584962500721156
1762479281.377043,2.0
1762479281.577043,2.807354922057605
1762479281.777043,2.807354922057605
1762479281.9770432,2.584962500721156
1762479282.077043,0.0
1762479282.1770432,2.0
1762479282.277043,1.584962500721156
1762479282.377043,2.0
1762479282.4770432,1.584962500721156
1762479282.6770432,2.807354922057605
1762479282.877043,2.807354922057605
1762479283.077043,2.807354922057605
1762479283.277043,2.584962500721156
1762479283.377043,0.0
1762479283.4770432,2.584962500721156
1762479283.577043,0.0
1762479283.6770432,2.584962500721156
1762479284.077043,0.0
1762479284.1770432,2.584962500721156
1762479284.377043,2.584962500721156
1762479284.4770432,0.0
1762479284.577043,2.584962500721156
1762479284.6770432,0.0
1762479284.777043,2.7516291673878226
1762479284.877043,1.0
1762479284.9770432,2.0
1762479285.077043,1.584962500721156
1762479285.1770432,2.0
1762479285.277043,1.584962500721156
1762479285.377043,0.0
1762479285.4770432,2.584962500721156
1762479285.6770432,2.807354922057605
1762479285.877043,2.807354922057605
1762479286.077043,2.807354922057605
1762479286.277043,2.584962500721156
1762479286.377043,0.0
1762479286.4770432,2.0
1762479286.577043,1.584962500721156
1762479286.6770432,2.0
1762479286.777043,1.584962500721156
1762479286.9770432,2.807354922057605
1762479287.1770432,2.807354922057605
1762479287.377043,2.807354922057605
1762479287.577043,2.584962500721156
1762479287.6770432,0.0
1762479287.777043,2.584962500721156
1762479287.877043,0.0
1762479287.9770432,2.584962500721156
1762479288.077043,0.0
1762479288.1770432,2.3219280948873626
1762479288.277043,1.0
1762479288.377043,2.0
1762479288.4770432,1.584962500721156
1762479288.577043,2.3219280948873626
1762479288.6770432,1.0
1762479289.077043,2.3219280948873626
1762479289.1770432,1.0
1762479289.277043,2.0
1762479289.377043,1.584962500721156
1762479289.4770432,1.584962500721156
1762479289.577043,2.0
1762479289.777043,2.807354922057605
1762479289.9770432,2.807354922057605
1762479290.1770432,2.807354922057605
1762479290.377043,2.584962500721156
1762479290.4770432,0.0
1762479290.577043,2.807354922057605
1762479290.777043,2.807354922057605
1762479290.9770432,2.0
1762479291.077043,1.584962500721156
1762479291.277043,2.807354922057605
1762479291.4770432,2.584962500721156
1762479291.577043,0.0
1762479291.6770432,2.584962500721156
1762479291.777043,0.0
1762479291.877043,2.584962500721156
1762479291.9770432,0.0
1762479292.077043,2.584962500721156
1762479292.1770432,0.0
1762479292.277043,2.3219280948873626
1762479292.377043,1.0
1762479292.4770432,2.0
1762479292.577043,1.584962500721156
1762479292.6770432,2.584962500721156
1762479292.777043,0.0
1762479292.877043,2.584962500721156
1762479292.9770432,0.0
1762479293.077043,0.0
1762479293.1770432,2.3219280948873626
1762479293.277043,0.0
1762479293.377043,2.584962500721156
1762479293.4770432,0.0
1762479293.577043,2.0
1762479293.6770432,1.584962500721156
1762479294.077043,2.807354922057605
1762479294.277043,2.584962500721156
1762479294.377043,0.0
1762479294.4770432,2.584962500721156
1762479294.577043,0.0
1762479294.6770432,2.584962500721156
1762479294.777043,0.0
1762479294.877043,2.584962500721156
1762479294.9770432,0.0
1762479295.077043,2.584962500721156
1762479295.1770432,0.0
1762479295.277043,1.0
1762479295.377043,2.0
1762479295.4770432,0.0
1762479295.577043,2.584962500721156
1762479295.6770432,0.0
1762479295.777043,1.0
1762479295.877043,2.3219280948873626
1762479296.077043,2.807354922057605
1762479296.277043,2.807354922057605
1762479296.4770432,2.584962500721156
1762479296.577043,0.0
1762479296.6770432,2.584962500721156
1762479296.777043,0.0
1762479296.877043,2.807354922057605
1762479297.077043,2.584962500721156
1762479297.1770432,0.0
1762479297.277043,2.584962500721156
1762479297.377043,0.0
1762479297.4770432,2.0
1762479297.577043,1.584962500721156
1762479297.777043,2.584962500721156
1762479297.877043,0.0
1762479297.9770432,2.584962500721156
1762479298.077043,0.0
1762479298.1770432,2.3219280948873626
1762479298.277043,1.0
1762479298.377043,2.0
1762479298.4770432,1.584962500721156
1762479298.6770432,2.807354922057605
1762479299.077043,1.584962500721156
1762479299.1770432,2.0
1762479299.277043,1.584962500721156
1762479299.4770432,2.807354922057605
1762479299.6770432,2.807354922057605
1762479299.777043,1.584962500721156
1762479299.877043,2.75
1762479299.9770432,1.584962500721156
1762479300.1770432,2.807354922057605
1762479300.377043,2.807354922057605
1762479300.577043,2.584962500721156
1762479300.6770432,0.0
1762479300.777043,2.584962500721156
1762479300.877043,0.0
1762479300.9770432,2.584962500721156
1762479301.077043,0.0
1762479301.1770432,2.584962500721156
1762479301.277043,0.0
1762479301.377043,2.584962500721156
1762479301.4770432,0.0
1762479301.577043,2.0
1762479301.6770432,1.584962500721156
1762479301.777043,1.584962500721156
1762479301.877043,2.0
1762479302.077043,2.584962500721156
1762479302.1770432,0.0
1762479302.277043,1.0
1762479302.377043,2.3219280948873626
1762479302.577043,2.807354922057605
1762479302.777043,2.584962500721156
1762479302.877043,0.0
1762479302.9770432,2.807354922057605
1762479303.1770432,2.807354922057605
1762479303.377043,2.807354922057605
1762479303.577043,2.584962500721156
1762479303.6770432,0.0
1762479304.777043,2.584962500721156
1762479304.9770432,2.584962500721156
1762479309.777043,0.0
1762479309.877043,2.3219280948873626
1762479309.9770432,1.0
1762479314.877043,2.807354922057605
1762479319.1770432,2.584962500721156
1762479319.277043,0.0
1762479319.377043,2.584962500721156
1762479319.4770432,0.0
1762479319.577043,2.0
1762479319.6770432,1.584962500721156
1762479319.777043,2.0
1762479319.877043,1.584962500721156
1762479319.9770432,0.0
1762479320.077043,2.584962500721156
1762479320.277043,2.584962500721156
1762479320.377043,0.0
1762479320.4770432,2.584962500721156
1762479320.577043,0.0
1762479320.777043,2.807354922057605
1762479320.9770432,2.584962500721156
1762479321.077043,0.0
1762479321.277043,2.807354922057605
1762479321.4770432,2.807354922057605
1762479321.6770432,2.807354922057605
1762479321.877043,2.584962500721156
1762479321.9770432,0.0
1762479322.077043,2.584962500721156
1762479322.1770432,0.0
1762479322.277043,2.0
1762479322.377043,1.584962500721156
1762479322.577043,2.807354922057605
1762479322.777043,2.584962500721156
1762479322.877043,0.0
1762479323.077043,2.807354922057605
1762479323.277043,2.584962500721156
1762479323.377043,0.0
1762479323.577043,2.807354922057605
1762479323.777043,2.807354922057605
1762479324.1770432,2.584962500721156
1762479324.277043,0.0
1762479324.377043,2.3219280948873626
1762479324.4770432,1.0
1762479324.6770432,2.807354922057605
1762479324.777043,2.0
1762479324.877043,2.7254805569978675
1762479324.9770432,2.3219280948873626
1762479325.077043,2.3219280948873626
1762479325.1770432,1.0
1762479325.377043,2.584962500721156
1762479325.4770432,0.0
1762479325.577043,2.0
1762479325.6770432,1.584962500721156
1762479325.777043,2.0
1762479325.877043,1.584962500721156
1762479325.9770432,2.0
1762479326.077043,1.584962500721156
1762479326.277043,2.807354922057605
1762479326.4770432,2.807354922057605
1762479326.6770432,2.584962500721156
1762479326.777043,0.0
1762479326.877043,2.584962500721156
1762479326.9770432,0.0
1762479327.077043,2.0
1762479327.1770432,1.584962500721156
1762479327.377043,2.584962500721156
1762479327.4770432,0.0
1762479327.577043,2.0
1762479327.6770432,1.584962500721156
1762479327.877043,2.807354922057605
1762479328.077043,2.807354922057605
1762479328.277043,2.807354922057605
1762479328.4770432,2.584962500721156
1762479328.577043,0.0
1762479328.6770432,2.3219280948873626
1762479328.777043,1.0
1762479329.1770432,2.807354922057605
1762479329.377043,2.584962500721156
1762479329.4770432,0.0
1762479329.6770432,2.807354922057605
1762479329.777043,2.584962500721156
1762479329.877043,2.807354922057605
1762479329.9770432,2.807354922057605
1762479330.077043,2.807354922057605
1762479330.1770432,0.0
1762479330.277043,2.7516291673878226
1762479330.377043,1.0
1762479330.4770432,2.251629167387823
1762479330.577043,2.5
1762479330.6770432,2.0
1762479330.777043,2.7254805569978675
1762479330.877043,1.0
1762479330.9770432,2.7516291673878226
1762479331.077043,2.3219280948873626
1762479331.1770432,2.584962500721156
1762479331.277043,2.807354922057605
1762479331.377043,2.0
1762479331.4770432,2.584962500721156
1762479331.577043,2.807354922057605
1762479331.6770432,2.3219280948873626
1762479331.777043,2.7254805569978675
1762479331.877043,0.0
1762479331.9770432,2.5219280948873624
1762479332.077043,1.5
1762479332.1770432,1.9219280948873625
1762479332.277043,2.503258334775646
1762479332.4770432,2.7773627950641693
1762479332.577043,0.0
1762479332.6770432,2.584962500721156
1762479332.777043,2.75
1762479332.877043,1.0
1762479332.9770432,2.7516291673878226
1762479333.1770432,2.7773627950641693
1762479333.277043,0.0
1762479333.377043,2.5219280948873624
1762479333.4770432,1.5
1762479333.577043,2.584962500721156
1762479333.6770432,2.75
1762479333.777043,2.0
1762479333.877043,1.584962500721156
1762479334.077043,2.807354922057605
1762479334.1770432,2.3219280948873626
1762479334.277043,2.75
1762479334.377043,0.0
1762479334.4770432,2.7321588913645707
1762479334.577043,1.584962500721156
1762479334.6770432,2.584962500721156
1762479334.777043,2.3219280948873626
1762479334.877043,2.0
1762479334.9770432,2.584962500721156
1762479335.077043,2.807354922057605
1762479335.1770432,2.584962500721156
1762479335.277043,2.75
1762479335.377043,2.0
1762479335.4770432,2.7254805569978675
1762479335.577043,0.0
1762479335.6770432,2.584962500721156
1762479335.777043,2.75
1762479335.877043,2.0
1762479335.9770432,2.7254805569978675
1762479336.077043,0.0
1762479336.1770432,2.7321588913645707
1762479336.277043,1.584962500721156
1762479336.377043,2.807354922057605
1762479336.4770432,2.584962500721156
1762479336.577043,2.807354922057605
1762479336.6770432,2.3219280948873626
1762479336.777043,1.584962500721156
1762479336.877043,2.584962500721156
1762479336.9770432,2.807354922057605
1762479337.077043,0.0
1762479337.1770432,2.807354922057605
1762479337.277043,2.807354922057605
1762479337.377043,2.584962500721156
1762479337.4770432,2.807354922057605
1762479337.577043,1.584962500721156
1762479337.6770432,2.7254805569978675
1762479337.777043,1.584962500721156
1762479337.877043,2.584962500721156
1762479337.9770432,2.807354922057605
1762479338.077043,2.3219280948873626
1762479338.1770432,2.7254805569978675
1762479338.277043,0.0
1762479338.377043,2.807354922057605
1762479338.4770432,2.807354922057605
1762479338.577043,2.807354922057605
1762479338.6770432,2.584962500721156
1762479338.777043,2.807354922057605
1762479338.9770432,2.584962500721156
1762479339.077043,0.0
1762479339.1770432,2.584962500721156
1762479339.277043,2.0
1762479339.377043,2.584962500721156
1762479339.4770432,2.807354922057605
1762479339.577043,2.3219280948873626
1762479339.6770432,2.75
1762479339.777043,1.0
1762479339.877043,2.584962500721156
1762479339.9770432,2.75
1762479340.077043,2.0
1762479340.1770432,2.7254805569978675
1762479340.277043,2.3219280948873626
1762479340.377043,2.807354922057605
1762479340.4770432,1.584962500721156
1762479340.577043,2.807354922057605
1762479340.6770432,2.807354922057605
1762479340.777043,2.584962500721156
1762479340.877043,2.807354922057605
1762479340.9770432,1.0
1762479341.077043,2.503258334775646
1762479341.1770432,1.5
1762479341.277043,2.0
1762479341.377043,2.721928094887362
1762479341.577043,2.7773627950641693
1762479341.6770432,0.0
1762479341.777043,0.0
1762479341.877043,2.7773627950641693
1762479342.077043,2.584962500721156
1762479342.1770432,0.0
1762479342.277043,2.0
1762479342.377043,1.584962500721156
1762479342.4770432,2.0
1762479342.577043,2.721928094887362
1762479342.777043,2.584962500721156
1762479342.877043,0.0
1762479342.9770432,2.5219280948873624
1762479343.077043,1.5
1762479343.277043,2.7773627950641693
1762479343.377043,0.0
1762479343.4770432,2.584962500721156
1762479343.577043,2.75
1762479343.6770432,2.584962500721156
1762479343.777043,2.807354922057605
1762479343.877043,2.3219280948873626
1762479343.9770432,1.584962500721156
1762479344.1770432,2.807354922057605
1762479344.277043,2.584962500721156
1762479344.377043,2.807354922057605
1762479344.4770432,2.807354922057605
1762479344.577043,0.0
1762479344.6770432,2.584962500721156
1762479344.777043,0.0
1762479344.877043,2.0
1762479344.9770432,2.721928094887362
1762479345.1770432,2.584962500721156
1762479345.277043,0.0
1762479345.4770432,2.584962500721156
1762479345.577043,0.0
1762479345.6770432,1.0
1762479345.777043,2.3219280948873626
1762479345.9770432,2.584962500721156
1762479346.077043,0.0
1762479346.1770432,2.0
1762479346.277043,1.584962500721156
1762479346.4770432,2.807354922057605
1762479346.6770432,2.584962500721156
1762479346.777043,0.0
1762479346.877043,2.584962500721156
1762479346.9770432,0.0
1762479347.1770432,2.807354922057605
1762479347.377043,2.584962500721156
1762479347.4770432,0.0
1762479347.577043,0.0
1762479347.6770432,2.584962500721156
1762479347.877043,2.0
1762479347.9770432,1.584962500721156
1762479348.1770432,2.584962500721156
1762479348.277043,0.0
1762479348.377043,2.0
1762479348.4770432,1.584962500721156
1762479348.577043,0.0
1762479348.6770432,2.584962500721156
1762479348.877043,2.584962500721156
1762479349.1770432,0.0
1762479349.377043,2.807354922057605
1762479349.577043,2.584962500721156
1762479349.6770432,0.0
1762479349.877043,2.584962500721156
1762479349.9770432,2.75
1762479350.1770432,2.807354922057605
1762479350.377043,2.584962500721156
1762479350.4770432,0.0
1762479350.577043,2.0
1762479350.6770432,1.584962500721156
1762479350.777043,0.0
1762479350.877043,2.584962500721156
1762479351.077043,2.584962500721156
1762479351.1770432,0.0
1762479351.277043,2.0
1762479351.377043,1.584962500721156
1762479351.577043,2.584962500721156
1762479351.6770432,0.0
1762479351.777043,2.584962500721156
1762479351.877043,0.0
1762479352.077043,2.584962500721156
1762479352.1770432,0.0
1762479352.377043,2.584962500721156
1762479352.4770432,0.0
1762479352.577043,2.3219280948873626
1762479352.6770432,1.0
1762479352.777043,2.0
1762479352.877043,1.584962500721156
1762479353.077043,2.807354922057605
1762479353.277043,2.584962500721156
1762479353.377043,0.0
1762479353.4770432,2.0
1762479353.577043,1.584962500721156
1762479353.777043,2.807354922057605
1762479354.277043,2.584962500721156
1762479354.377043,0.0
1762479354.577043,2.807354922057605
1762479354.777043,2.584962500721156
1762479354.877043,2.3219280948873626
1762479354.9770432,2.807354922057605
1762479355.077043,1.584962500721156
1762479355.277043,2.807354922057605
1762479355.4770432,2.584962500721156
1762479355.577043,0.0
1762479355.6770432,2.0
1762479355.777043,1.584962500721156
1762479355.9770432,2.807354922057605
1762479356.1770432,2.584962500721156
1762479356.277043,0.0
1762479356.377043,1.0
1762479356.4770432,2.3219280948873626
1762479356.6770432,2.0
1762479356.777043,1.584962500721156
1762479356.9770432,2.807354922057605
1762479357.1770432,2.584962500721156
1762479357.277043,0.0
1762479357.377043,2.584962500721156
1762479357.4770432,0.0
1762479357.6770432,2.807354922057605
1762479357.877043,2.584962500721156
1762479357.9770432,0.0
1762479358.077043,2.3219280948873626
1762479358.1770432,1.0
1762479358.277043,0.0
1762479358.377043,2.584962500721156
1762479358.577043,2.584962500721156
1762479358.6770432,0.0
1762479358.877043,2.584962500721156
1762479359.877043,2.0
1762479359.9770432,1.584962500721156
1762479364.877043,0.0
1762479365.077043,2.0
1762479369.9770432,2.0
1762479370.077043,1.584962500721156
1762479374.377043,0.0
1762479374.4770432,2.584962500721156
1762479374.6770432,2.584962500721156
1762479374.777043,0.0
1762479374.877043,2.807354922057605
1762479374.9770432,0.0
1762479375.077043,2.5219280948873624
1762479375.1770432,1.584962500721156
1762479375.377043,2.807354922057605
1762479375.577043,2.584962500721156
1762479375.6770432,0.0
1762479375.777043,2.584962500721156
1762479375.877043,0.0
1762479375.9770432,2.0
1762479376.077043,1.584962500721156
1762479376.277043,2.807354922057605
1762479376.4770432,2.0
1762479376.577043,1.584962500721156
1762479376.777043,2.584962500721156
1762479376.877043,0.0
1762479376.9770432,2.0
1762479377.077043,1.584962500721156
1762479377.277043,2.807354922057605
1762479377.4770432,2.584962500721156
1762479377.577043,0.0
1762479377.6770432,2.584962500721156
1762479377.777043,0.0
1762479377.877043,2.584962500721156
1762479377.9770432,0.0
1762479378.1770432,2.807354922057605
1762479378.377043,2.584962500721156
1762479378.4770432,0.0
1762479378.577043,2.0
1762479378.6770432,1.584962500721156
1762479378.877043,2.584962500721156
1762479379.1770432,0.0
1762479379.377043,2.584962500721156
1762479379.4770432,0.0
1762479379.577043,2.0
1762479379.6770432,1.584962500721156
1762479379.777043,2.0
1762479379.877043,1.584962500721156
1762479379.9770432,2.5
1762479380.077043,2.251629167387823
1762479380.277043,2.807354922057605
1762479380.4770432,2.584962500721156
1762479380.577043,0.0
1762479380.6770432,2.0
1762479380.777043,1.584962500721156
1762479380.9770432,2.584962500721156
1762479381.077043,0.0
1762479381.277043,2.807354922057605
1762479381.4770432,2.584962500721156
1762479381.577043,0.0
1762479381.6770432,2.0
1762479381.777043,1.584962500721156
1762479381.877043,1.0
1762479381.9770432,2.3219280948873626
1762479382.1770432,2.807354922057605
1762479382.377043,2.807354922057605
1762479382.577043,2.584962500721156
1762479382.6770432,0.0
1762479382.777043,2.0
1762479382.877043,1.584962500721156
1762479383.077043,2.584962500721156
1762479383.1770432,0.0
1762479383.277043,2.0
1762479383.377043,1.584962500721156
1762479383.577043,2.584962500721156
1762479383.6770432,0.0
1762479383.777043,2.0
1762479383.877043,1.584962500721156
1762479384.277043,2.807354922057605
1762479384.4770432,2.807354922057605
1762479384.6770432,2.584962500721156
1762479384.777043,0.0
1762479384.877043,2.3219280948873626
1762479384.9770432,1.584962500721156
1762479385.077043,2.584962500721156
1762479385.1770432,2.75
1762479385.277043,2.584962500721156
1762479385.377043,0.0
1762479385.4770432,2.7321588913645707
1762479385.577043,1.584962500721156
1762479385.6770432,2.584962500721156
1762479385.777043,2.75
1762479385.877043,2.0
1762479385.9770432,2.7254805569978675
1762479386.077043,2.3219280948873626
1762479386.1770432,2.807354922057605
1762479386.277043,1.584962500721156
1762479386.377043,2.807354922057605
1762479386.4770432,2.584962500721156
1762479386.577043,2.75
1762479386.6770432,2.0
1762479386.777043,2.7254805569978675
1762479386.877043,0.0
1762479386.9770432,2.0
1762479387.077043,1.584962500721156
1762479387.277043,2.7773627950641693
1762479387.377043,0.0
1762479387.4770432,2.5219280948873624
1762479387.577043,1.5
1762479387.777043,2.584962500721156
1762479387.877043,0.0
1762479387.9770432,2.0
1762479388.077043,2.721928094887362
1762479388.1770432,2.0
1762479388.277043,2.75
1762479388.377043,2.0
1762479388.4770432,2.3219280948873626
1762479388.577043,2.584962500721156
1762479388.6770432,2.75
1762479388.777043,2.0
1762479388.877043,2.7254805569978675
1762479388.9770432,0.0
1762479389.077043,2.584962500721156
1762479389.1770432,0.0
1762479389.377043,2.7773627950641693
1762479389.4770432,0.0
1762479389.577043,2.503258334775646
1762479389.6770432,1.9219280948873625
1762479389.877043,2.584962500721156
1762479389.9770432,0.0
1762479390.077043,2.0
1762479390.1770432,2.721928094887362
1762479390.277043,0.0
1762479390.377043,2.7516291673878226
1762479390.4770432,0.0
1762479390.577043,2.807354922057605
1762479390.6770432,2.584962500721156
1762479390.777043,2.807354922057605
1762479390.877043,2.3219280948873626
1762479390.9770432,2.7254805569978675
1762479391.077043,0.0
1762479391.1770432,2.5219280948873624
1762479391.277043,1.5
1762479391.377043,2.3219280948873626
1762479391.4770432,2.7254805569978675
1762479391.6770432,2.7773627950641693
1762479391.777043,0.0
1762479391.877043,2.0
1762479391.9770432,2.721928094887362
1762479392.1770432,2.0
1762479392.277043,1.584962500721156
1762479392.4770432,2.7773627950641693
1762479392.577043,0.0
1762479392.6770432,2.503258334775646
1762479392.777043,1.9219280948873625
1762479392.877043,2.584962500721156
1762479392.9770432,2.807354922057605
1762479393.077043,2.3219280948873626
1762479393.1770432,2.584962500721156
1762479393.277043,2.0
1762479393.377043,2.807354922057605
1762479393.4770432,2.584962500721156
1762479393.577043,2.807354922057605
1762479393.6770432,2.807354922057605
1762479393.777043,2.3219280948873626
1762479393.877043,1.584962500721156
1762479393.9770432,2.584962500721156
1762479394.077043,0.0
1762479394.277043,2.584962500721156
1762479394.377043,2.75
1762479394.4770432,2.0
1762479394.577043,2.7254805569978675
1762479394.6770432,0.0
1762479394.777043,2.584962500721156
1762479394.877043,0.0
1762479394.9770432,2.25
1762479395.077043,1.9182958340544896
1762479395.1770432,1.0
1762479395.277043,2.7321588913645707
1762479395.377043,0.0
1762479395.4770432,2.5219280948873624
1762479395.577043,1.5
1762479395.6770432,2.521640636343319
1762479395.777043,2.521640636343319
1762479395.877043,1.0
1762479395.9770432,2.7321588913645707
1762479396.077043,0.0
1762479396.1770432,2.7321588913645707
1762479396.277043,1.584962500721156
1762479396.377043,2.3219280948873626
1762479396.4770432,2.75
1762479396.577043,0.0
1762479396.6770432,2.5219280948873624
1762479396.777043,1.5
1762479396.877043,2.584962500721156
1762479396.9770432,2.3219280948873626
1762479397.077043,2.807354922057605
1762479397.1770432,1.584962500721156
1762479397.277043,2.584962500721156
1762479397.377043,2.75
1762479397.4770432,2.0
1762479397.577043,2.7254805569978675
1762479397.6770432,1.0
1762479397.777043,2.7321588913645707
1762479397.877043,1.0
1762479397.9770432,2.5
1762479398.077043,2.251629167387823
1762479398.1770432,2.0
1762479398.277043,2.721928094887362
1762479398.4770432,2.584962500721156
1762479398.577043,0.0
1762479398.6770432,2.0
1762479398.777043,2.721928094887362
1762479398.9770432,2.807354922057605
1762479399.1770432,2.0
1762479399.277043,2.721928094887362
1762479399.4770432,2.584962500721156
1762479399.577043,0.0
1762479399.6770432,2.3219280948873626
1762479399.777043,2.7254805569978675
1762479399.9770432,2.7773627950641693
1762479400.077043,0.0
1762479400.1770432,2.584962500721156
1762479400.277043,2.75
1762479400.4770432,2.584962500721156
1762479400.577043,0.0
1762479400.6770432,2.0
1762479400.777043,1.584962500721156
1762479400.9770432,2.584962500721156
1762479401.077043,0.0
1762479401.277043,2.584962500721156
1762479401.377043,0.0
1762479401.4770432,1.584962500721156
1762479401.577043,2.0
1762479401.777043,2.584962500721156
1762479401.877043,0.0
1762479401.9770432,2.0
1762479402.077043,1.584962500721156
1762479402.277043,2.584962500721156
1762479402.377043,0.0
1762479402.4770432,2.3219280948873626
1762479402.577043,1.0
1762479402.777043,2.807354922057605
1762479402.9770432,2.584962500721156
1762479403.077043,0.0
1762479403.1770432,2.0
1762479403.277043,1.584962500721156
1762479403.4770432,2.807354922057605
1762479403.6770432,2.584962500721156
1762479403.777043,0.0
1762479404.277043,2.584962500721156
1762479404.377043,0.0
1762479404.4770432,2.0
1762479404.577043,1.584962500721156
1762479404.777043,2.807354922057605
1762479404.9770432,2.807354922057605
1762479405.077043,1.584962500721156
1762479405.1770432,2.5219280948873624
1762479405.277043,0.0
1762479405.4770432,2.807354922057605
1762479405.6770432,2.584962500721156
1762479405.777043,0.0
1762479405.877043,2.0
1762479405.9770432,1.584962500721156
1762479406.1770432,0.0
1762479406.277043,2.584962500721156
1762479406.4770432,2.584962500721156
1762479406.577043,0.0
1762479406.6770432,2.0
1762479406.777043,1.584962500721156
1762479406.9770432,2.807354922057605
1762479407.1770432,2.584962500721156
1762479407.277043,0.0
1762479407.377043,2.3219280948873626
1762479407.4770432,1.0
1762479407.6770432,2.807354922057605
1762479407.877043,2.584962500721156
1762479407.9770432,0.0
1762479408.077043,2.0
1762479408.1770432,1.584962500721156
1762479408.377043,1.0
1762479408.4770432,2.3219280948873626
1762479408.6770432,2.584962500721156
1762479408.777043,0.0
1762479408.877043,2.0
1762479408.9770432,1.584962500721156
1762479409.377043,2.584962500721156
1762479409.4770432,0.0
1762479409.577043,2.0
1762479409.6770432,1.584962500721156
1762479409.877043,2.584962500721156
1762479409.9770432,2.3219280948873626
1762479410.077043,2.807354922057605
1762479410.1770432,1.584962500721156
1762479410.377043,2.584962500721156
1762479410.4770432,0.0
1762479410.6770432,2.584962500721156
1762479410.777043,0.0
1762479410.877043,2.0
1762479410.9770432,1.584962500721156
1762479411.1770432,2.807354922057605
1762479411.377043,2.584962500721156
1762479411.4770432,0.0
1762479411.577043,2.0
1762479411.6770432,1.584962500721156
1762479411.877043,2.807354922057605
1762479412.077043,2.584962500721156
1762479412.1770432,0.0
1762479412.277043,2.0
1762479412.377043,1.584962500721156
1762479412.577043,2.584962500721156
1762479412.6770432,0.0
1762479412.877043,2.807354922057605
1762479413.077043,2.584962500721156
1762479413.1770432,0.0
1762479413.277043,2.584962500721156
1762479413.377043,0.0
1762479413.4770432,2.0
1762479413.577043,1.584962500721156
1762479413.777043,2.807354922057605
1762479413.9770432,2.0
1762479414.277043,0.0
1762479414.4770432,2.584962500721156
1762479414.577043,0.0
1762479414.6770432,2.584962500721156
1762479414.777043,0.0
1762479414.9770432,2.584962500721156
1762479415.077043,2.807354922057605
1762479415.1770432,2.3219280948873626
1762479415.277043,1.584962500721156
1762479415.377043,1.584962500721156
1762479415.4770432,2.0
1762479415.6770432,2.807354922057605
1762479415.877043,2.584962500721156
1762479415.9770432,0.0
1762479416.077043,2.0
1762479416.1770432,1.584962500721156
1762479416.377043,2.807354922057605
1762479416.577043,2.0
1762479416.6770432,1.584962500721156
1762479416.877043,2.807354922057605
1762479417.077043,0.0
1762479417.1770432,2.584962500721156
1762479417.377043,2.584962500721156
1762479417.4770432,0.0
1762479417.577043,2.0
1762479417.6770432,1.584962500721156
1762479417.877043,2.807354922057605
1762479418.077043,2.3219280948873626
1762479418.1770432,1.0
1762479418.377043,2.807354922057605
1762479418.577043,2.584962500721156
1762479418.6770432,0.0
1762479418.777043,2.0
1762479418.877043,1.584962500721156
1762479419.377043,2.807354922057605
1762479419.577043,2.584962500721156
1762479419.6770432,0.0
1762479419.777043,1.584962500721156
1762479419.877043,2.0
1762479420.077043,2.7773627950641693
1762479420.1770432,0.0
1762479420.277043,0.0
1762479420.377043,2.584962500721156
1762479420.577043,2.584962500721156
1762479420.6770432,0.0
1762479424.9770432,2.584962500721156
1762479425.077043,0.0
1762479429.9770432,2.584962500721156
1762479430.077043,0.0
1762479435.077043,2.0
1762479435.1770432,1.584962500721156
1762479439.9770432,1.0
1762479440.077043,0.0
1762479440.1770432,2.0
1762479440.277043,1.0
1762479444.377043,0.0
1762479444.577043,2.584962500721156
1762479444.6770432,0.0
1762479444.777043,1.584962500721156
1762479444.877043,1.584962500721156
1762479444.9770432,0.0
1762479445.077043,2.7321588913645707
1762479445.1770432,1.584962500721156
1762479445.377043,2.584962500721156
1762479445.4770432,0.0
1762479445.577043,1.584962500721156
1762479445.6770432,2.0
1762479445.877043,2.584962500721156
1762479445.9770432,0.0
1762479446.077043,2.0
1762479446.1770432,1.584962500721156
1762479446.277043,1.584962500721156
1762479446.377043,2.0
1762479446.577043,2.584962500721156
1762479446.6770432,0.0
1762479446.777043,2.0
1762479446.877043,1.584962500721156
1762479447.077043,2.3219280948873626
1762479447.1770432,1.0
1762479447.377043,2.584962500721156
1762479447.4770432,0.0
1762479447.577043,2.0
1762479447.6770432,1.584962500721156
1762479447.877043,2.807354922057605
1762479448.077043,2.584962500721156
1762479448.1770432,0.0
1762479448.277043,2.3219280948873626
1762479448.377043,1.0
1762479448.577043,2.807354922057605
1762479448.777043,2.584962500721156
1762479448.877043,0.0
1762479448.9770432,1.584962500721156
1762479449.077043,1.584962500721156
1762479449.377043,0.0
1762479449.577043,2.584962500721156
1762479449.6770432,0.0
1762479449.777043,2.0
1762479449.877043,1.584962500721156
1762479450.077043,2.807354922057605
1762479450.277043,2.807354922057605
1762479450.4770432,2.584962500721156
1762479450.577043,0.0
1762479450.6770432,2.584962500721156
1762479450.777043,0.0
1762479450.9770432,2.807354922057605
1762479451.1770432,2.584962500721156
1762479451.277043,0.0
1762479451.377043,2.3219280948873626
1762479451.4770432,1.0
1762479451.6770432,2.584962500721156
1762479451.777043,0.0
1762479451.9770432,2.807354922057605
1762479452.1770432,2.584962500721156
1762479452.277043,0.0
1762479452.377043,2.584962500721156
1762479452.4770432,0.0
1762479452.577043,2.584962500721156
1762479452.6770432,0.0
1762479452.777043,2.0
1762479452.877043,1.584962500721156
1762479453.077043,2.807354922057605
1762479453.277043,2.584962500721156
1762479453.377043,0.0
1762479453.4770432,2.0
1762479453.577043,1.584962500721156
1762479453.777043,2.3219280948873626
1762479453.877043,1.0
1762479454.077043,2.3219280948873626
1762479454.377043,0.0
1762479454.4770432,2.0
1762479454.577043,1.584962500721156
1762479454.6770432,0.0
1762479454.777043,2.584962500721156
1762479454.9770432,2.584962500721156
1762479455.077043,0.0
1762479455.1770432,2.584962500721156
1762479455.277043,0.0
1762479455.4770432,2.807354922057605
1762479455.6770432,2.807354922057605
1762479455.777043,2.3219280948873626
1762479455.877043,1.584962500721156
1762479455.9770432,2.5219280948873624
1762479456.077043,1.5
1762479456.1770432,2.0
1762479456.277043,2.721928094887362
1762479456.4770432,2.584962500721156
1762479456.577043,0.0
1762479456.6770432,2.5219280948873624
1762479456.777043,1.5
1762479456.877043,2.584962500721156
1762479456.9770432,2.807354922057605
1762479457.077043,2.0
1762479457.1770432,2.721928094887362
1762479457.277043,0.0
1762479457.377043,2.807354922057605
1762479457.4770432,2.807354922057605
1762479457.577043,2.0
1762479457.6770432,2.7254805569978675
1762479457.777043,0.0
1762479457.877043,2.7321588913645707
1762479457.9770432,1.584962500721156
1762479458.077043,2.584962500721156
1762479458.1770432,2.75
1762479458.377043,2.5219280948873624
1762479458.4770432,1.5
1762479458.577043,1.584962500721156
1762479458.6770432,2.721928094887362
1762479458.777043,0.0
1762479458.877043,2.7321588913645707
1762479458.9770432,1.584962500721156
1762479459.077043,2.584962500721156
1762479459.1770432,2.807354922057605
1762479459.377043,1.584962500721156
1762479459.4770432,2.7254805569978675
1762479459.577043,1.584962500721156
1762479459.6770432,2.584962500721156
1762479459.777043,2.75
1762479459.877043,2.584962500721156
1762479459.9770432,2.807354922057605
1762479460.077043,2.807354922057605
1762479460.1770432,2.3219280948873626
1762479460.277043,2.7254805569978675
1762479460.377043,0.0
1762479460.4770432,2.5219280948873624
1762479460.577043,1.5
1762479460.777043,2.7773627950641693
1762479460.877043,0.0
1762479460.9770432,2.584962500721156
1762479461.077043,0.0
1762479461.1770432,2.584962500721156
1762479461.277043,0.0
1762479461.377043,2.0
1762479461.4770432,1.584962500721156
1762479461.577043,0.0
1762479461.6770432,2.7773627950641693
1762479461.877043,2.7773627950641693
1762479461.9770432,0.0
1762479462.077043,2.2810361125534238
1762479462.1770432,1.5219280948873626
1762479462.377043,2.7773627950641693
1762479462.4770432,0.0
1762479462.577043,2.503258334775646
1762479462.6770432,1.9219280948873625
1762479462.877043,2.7773627950641693
1762479462.9770432,0.0
1762479463.077043,2.584962500721156
1762479463.1770432,2.75
1762479463.277043,2.584962500721156
1762479463.377043,2.584962500721156
1762479463.4770432,2.75
1762479463.577043,0.0
1762479463.6770432,2.5219280948873624
1762479463.777043,1.5
1762479463.877043,2.0
1762479463.9770432,2.721928094887362
1762479464.1770432,2.584962500721156
1762479464.277043,0.0
1762479464.377043,2.3219280948873626
1762479464.4770432,2.75
1762479464.577043,1.584962500721156
1762479464.6770432,2.75
1762479464.777043,2.0
1762479464.877043,2.584962500721156
1762479464.9770432,2.807354922057605
1762479465.077043,2.3219280948873626
1762479465.1770432,2.807354922057605
1762479465.277043,2.807354922057605
1762479465.377043,1.584962500721156
1762479465.4770432,2.521640636343319
1762479465.577043,2.521640636343319
1762479465.6770432,2.0
1762479465.777043,2.721928094887362
1762479465.9770432,2.7773627950641693
1762479466.077043,0.0
1762479466.1770432,2.584962500721156
1762479466.277043,0.0
1762479466.377043,2.0
1762479466.4770432,2.807354922057605
1762479466.577043,2.0
1762479466.6770432,2.584962500721156
1762479466.777043,2.584962500721156
1762479466.877043,2.807354922057605
1762479466.9770432,0.0
1762479467.077043,2.807354922057605
1762479467.1770432,2.807354922057605
1762479467.277043,2.584962500721156
1762479467.377043,2.75
1762479467.577043,2.7773627950641693
1762479467.6770432,0.0
1762479467.777043,2.584962500721156
1762479467.877043,0.0
1762479467.9770432,2.0
1762479468.077043,2.721928094887362
1762479468.277043,2.807354922057605
1762479468.4770432,2.7773627950641693
1762479468.577043,0.0
1762479468.6770432,2.584962500721156
1762479468.777043,2.3219280948873626
1762479468.877043,2.807354922057605
1762479468.9770432,1.584962500721156
1762479469.077043,2.584962500721156
1762479469.1770432,0.0
1762479469.377043,2.7321588913645707
1762479469.4770432,1.584962500721156
1762479469.577043,2.584962500721156
1762479469.6770432,2.75
1762479469.877043,2.807354922057605
1762479470.077043,2.5219280948873624
1762479470.1770432,1.5
1762479470.277043,2.584962500721156
1762479470.377043,2.807354922057605
1762479470.577043,2.584962500721156
1762479470.6770432,0.0
1762479470.777043,2.584962500721156
1762479470.877043,0.0
1762479470.9770432,2.0
1762479471.077043,1.584962500721156
1762479471.277043,2.584962500721156
1762479471.377043,0.0
1762479471.577043,2.584962500721156
1762479471.6770432,0.0
1762479471.777043,2.0
1762479471.877043,1.584962500721156
1762479472.077043,2.584962500721156
1762479472.1770432,0.0
1762479472.277043,2.0
1762479472.377043,1.584962500721156
1762479472.577043,2.584962500721156
1762479472.6770432,0.0
1762479475.077043,0.0
1762479475.277043,2.584962500721156
1762479480.077043,1.0
1762479480.277043,2.584962500721156
1762479483.777043,0.0
1762479483.9770432,2.807354922057605
1762479484.377043,0.0
1762479484.4770432,2.584962500721156
1762479484.6770432,2.584962500721156
1762479484.777043,0.0
1762479484.877043,2.3219280948873626
1762479484.9770432,1.0
1762479485.077043,0.0
1762479485.1770432,2.807354922057605
1762479485.277043,2.584962500721156
1762479485.377043,2.0
1762479485.4770432,1.584962500721156
1762479485.6770432,2.807354922057605
1762479485.877043,2.584962500721156
1762479485.9770432,0.0
1762479486.077043,1.584962500721156
1762479486.1770432,2.0
1762479486.377043,2.807354922057605
1762479486.577043,2.807354922057605
1762479486.777043,2.584962500721156
1762479486.877043,0.0
1762479486.9770432,1.0
1762479487.077043,2.3219280948873626
1762479487.277043,2.807354922057605
1762479487.4770432,2.584962500721156
1762479487.577043,0.0
1762479487.777043,2.584962500721156
1762479487.877043,0.0
1762479487.9770432,1.584962500721156
1762479488.077043,2.0
1762479488.277043,2.807354922057605
1762479488.4770432,2.807354922057605
1762479488.6770432,2.807354922057605
1762479488.877043,2.584962500721156
1762479488.9770432,0.0
1762479489.077043,2.584962500721156
1762479489.1770432,0.0
1762479489.4770432,2.0
1762479489.577043,1.584962500721156
1762479489.777043,2.584962500721156
1762479489.877043,0.0
1762479490.077043,2.807354922057605
1762479490.1770432,2.584962500721156
1762479490.277043,2.807354922057605
1762479490.377043,0.0
1762479490.4770432,2.584962500721156
1762479490.577043,0.0
1762479490.6770432,2.584962500721156
1762479490.777043,0.0
1762479490.877043,2.584962500721156
1762479490.9770432,0.0
1762479491.077043,2.584962500721156
1762479491.1770432,0.0
1762479491.277043,2.584962500721156
1762479491.377043,0.0
1762479491.4770432,2.0
1762479491.577043,1.584962500721156
1762479491.6770432,2.0
1762479491.777043,1.584962500721156
1762479491.9770432,2.807354922057605
1762479492.1770432,2.0
1762479492.277043,1.584962500721156
1762479492.4770432,2.807354922057605
1762479492.6770432,2.807354922057605
1762479492.877043,2.807354922057605
1762479493.077043,2.807354922057605
1762479493.277043,2.807354922057605
1762479493.4770432,2.584962500721156
1762479493.577043,0.0
1762479493.6770432,2.584962500721156
1762479493.777043,0.0
1762479493.877043,2.584962500721156
1762479493.9770432,0.0
1762479494.077043,2.0
1762479494.1770432,1.0
1762479494.4770432,0.0
1762479494.577043,2.0
1762479494.6770432,1.584962500721156
1762479494.777043,2.0
1762479494.877043,1.584962500721156
1762479495.077043,2.721928094887362
1762479495.1770432,2.0
1762479495.277043,2.807354922057605
1762479495.4770432,2.584962500721156
1762479495.577043,0.0
1762479495.6770432,2.584962500721156
1762479495.777043,0.0
1762479495.877043,2.584962500721156
1762479495.9770432,0.0
1762479496.077043,2.0
1762479496.1770432,1.584962500721156
1762479496.277043,1.0
1762479496.377043,2.3219280948873626
1762479496.577043,2.584962500721156
1762479496.6770432,0.0
1762479496.777043,2.3219280948873626
1762479496.877043,1.0
1762479497.077043,2.584962500721156
1762479497.1770432,0.0
1762479497.277043,2.584962500721156
1762479497.377043,0.0
1762479497.4770432,2.584962500721156
1762479497.577043,0.0
1762479497.6770432,2.0
1762479497.777043,1.584962500721156
1762479497.9770432,2.807354922057605
1762479498.1770432,2.807354922057605
1762479498.377043,2.584962500721156
1762479498.4770432,0.0
1762479498.577043,2.584962500721156
1762479498.6770432,0.0
1762479498.777043,2.584962500721156
1762479498.877043,0.0
1762479499.077043,2.584962500721156
1762479499.1770432,0.0
1762479499.4770432,1.584962500721156
1762479499.577043,2.0
1762479499.777043,2.807354922057605
1762479499.9770432,2.807354922057605
1762479500.1770432,2.584962500721156
1762479500.277043,0.0
1762479500.377043,2.584962500721156
1762479500.4770432,0.0
1762479500.577043,2.584962500721156
1762479500.6770432,0.0
1762479500.777043,2.584962500721156
1762479500.877043,0.0
1762479500.9770432,1.584962500721156
1762479501.077043,2.0
1762479501.277043,2.584962500721156
1762479501.377043,0.0
1762479501.577043,2.807354922057605
1762479501.777043,2.807354922057605
1762479501.9770432,2.584962500721156
1762479502.077043,0.0
1762479502.1770432,2.584962500721156
1762479502.277043,0.0
1762479502.377043,2.0
1762479502.4770432,1.584962500721156
1762479502.6770432,2.807354922057605
1762479502.877043,2.807354922057605
1762479503.077043,2.807354922057605
1762479503.277043,1.584962500721156
1762479503.377043,2.0
1762479503.577043,2.584962500721156
1762479503.6770432,0.0
1762479503.777043,2.0
1762479503.877043,1.584962500721156
1762479504.077043,2.807354922057605
1762479504.4770432,2.0
1762479504.577043,1.584962500721156
1762479504.777043,2.807354922057605
1762479504.9770432,2.807354922057605
1762479505.1770432,2.584962500721156
1762479505.277043,0.0
1762479505.4770432,2.584962500721156
1762479505.577043,0.0
1762479505.777043,2.807354922057605
1762479505.9770432,2.0
1762479506.077043,1.584962500721156
1762479506.277043,2.807354922057605
1762479506.4770432,2.584962500721156
1762479506.577043,0.0
1762479506.6770432,2.0
1762479506.777043,1.584962500721156
1762479506.9770432,2.807354922057605
1762479507.1770432,2.584962500721156
1762479507.277043,0.0
1762479507.377043,2.0
1762479507.4770432,1.584962500721156
1762479507.6770432,2.584962500721156
1762479507.777043,0.0
1762479507.9770432,2.584962500721156
1762479508.077043,0.0
1762479508.1770432,2.0
1762479508.277043,1.584962500721156
1762479508.4770432,2.807354922057605
1762479508.6770432,2.584962500721156
1762479508.777043,0.0
1762479508.877043,2.0
1762479508.9770432,1.584962500721156
1762479509.1770432,2.807354922057605
1762479509.577043,2.0
1762479509.6770432,1.584962500721156
1762479509.877043,2.584962500721156
1762479509.9770432,0.0
1762479510.1770432,2.584962500721156
1762479510.277043,0.0
1762479510.377043,0.0
1762479510.4770432,2.584962500721156
1762479510.6770432,2.584962500721156
1762479510.777043,0.0
1762479510.877043,2.3219280948873626
1762479510.9770432,1.0
1762479511.077043,2.0
1762479511.1770432,1.584962500721156
1762479511.377043,2.807354922057605
1762479511.577043,2.584962500721156
1762479511.6770432,0.0
1762479511.877043,2.807354922057605
1762479512.077043,2.584962500721156
1762479512.1770432,0.0
1762479512.377043,2.584962500721156
1762479512.4770432,0.0
1762479512.6770432,2.807354922057605
1762479512.877043,2.584962500721156
1762479512.9770432,0.0
1762479513.077043,2.584962500721156
1762479513.1770432,0.0
1762479513.277043,2.0
1762479513.377043,1.584962500721156
1762479513.577043,2.807354922057605
1762479513.777043,2.584962500721156
1762479513.877043,0.0
1762479513.9770432,0.0
1762479514.077043,2.584962500721156
1762479514.577043,2.584962500721156
1762479514.6770432,0.0
1762479514.877043,2.584962500721156
1762479514.9770432,0.0
1762479515.077043,2.584962500721156
1762479515.1770432,0.0
1762479515.277043,2.584962500721156
1762479515.377043,0.0
1762479515.577043,2.807354922057605
1762479515.777043,2.584962500721156
1762479515.877043,0.0
1762479515.9770432,2.0
1762479516.077043,1.584962500721156
1762479516.277043,2.807354922057605
1762479516.4770432,2.0
1762479516.577043,1.584962500721156
1762479516.777043,2.3219280948873626
1762479516.877043,1.0
1762479517.077043,2.584962500721156
1762479517.1770432,0.0
1762479517.277043,2.584962500721156
1762479517.377043,0.0
1762479517.4770432,2.584962500721156
1762479517.577043,0.0
1762479517.777043,2.807354922057605
1762479517.9770432,2.584962500721156
1762479518.077043,0.0
1762479518.1770432,2.0
1762479518.277043,1.584962500721156
1762479518.4770432,2.807354922057605
1762479518.6770432,2.3219280948873626
1762479518.777043,1.0
1762479518.9770432,2.584962500721156
1762479519.077043,0.0
1762479519.4770432,2.0
1762479519.577043,0.0
1762479519.6770432,2.0
1762479519.777043,1.584962500721156
1762479519.9770432,2.807354922057605
1762479520.1770432,2.807354922057605
1762479520.277043,2.0
1762479520.377043,2.0
1762479520.4770432,2.584962500721156
1762479520.6770432,2.584962500721156
1762479520.777043,0.0
1762479520.877043,2.0
1762479520.9770432,1.584962500721156
1762479521.1770432,2.0
1762479521.277043,1.584962500721156
1762479521.4770432,2.807354922057605
1762479521.6770432,2.584962500721156
1762479521.777043,0.0
1762479521.877043,2.3219280948873626
1762479521.9770432,1.0
1762479522.1770432,2.807354922057605
1762479522.377043,2.584962500721156
1762479522.4770432,0.0
1762479522.577043,1.584962500721156
1762479522.6770432,2.0
1762479522.877043,2.584962500721156
1762479522.9770432,0.0
1762479523.077043,2.0
1762479523.1770432,1.584962500721156
1762479523.377043,2.0
1762479523.4770432,1.584962500721156
1762479523.6770432,2.807354922057605
1762479523.877043,2.584962500721156
1762479523.9770432,0.0
1762479524.077043,2.0
1762479524.1770432,1.584962500721156
1762479524.577043,2.584962500721156
1762479524.6770432,0.0
1762479524.777043,1.584962500721156
1762479524.877043,2.0
1762479525.077043,2.584962500721156
1762479525.1770432,0.0
1762479525.277043,2.503258334775646
1762479525.377043,1.9219280948873625
1762479525.577043,2.0
1762479525.6770432,1.584962500721156
1762479525.877043,2.584962500721156
1762479525.9770432,0.0
1762479526.077043,1.0
1762479526.1770432,2.3219280948873626
1762479526.377043,2.584962500721156
1762479526.4770432,0.0
1762479526.6770432,2.807354922057605
1762479526.877043,2.584962500721156
1762479526.9770432,0.0
1762479527.1770432,2.807354922057605
1762479527.377043,2.584962500721156
1762479527.4770432,0.0
1762479527.6770432,2.584962500721156
1762479527.777043,0.0
1762479527.877043,0.0
1762479527.9770432,2.3219280948873626
1762479528.077043,0.0
1762479528.277043,2.807354922057605
1762479528.4770432,2.584962500721156
1762479528.577043,0.0
1762479528.777043,2.584962500721156
1762479528.877043,0.0
1762479528.9770432,2.0
1762479529.077043,1.584962500721156
1762479529.577043,2.807354922057605
1762479529.777043,2.584962500721156
1762479529.877043,0.0
1762479530.077043,2.584962500721156
1762479530.1770432,0.0
1762479530.277043,2.584962500721156
1762479530.377043,2.807354922057605
1762479530.4770432,0.0
1762479530.577043,1.584962500721156
1762479530.6770432,2.0
1762479530.877043,2.584962500721156
1762479530.9770432,0.0
1762479531.077043,2.0
1762479531.1770432,1.584962500721156
1762479531.377043,2.807354922057605
1762479531.577043,2.0
1762479531.6770432,1.584962500721156
1762479531.777043,0.0
1762479531.877043,2.584962500721156
1762479532.077043,2.584962500721156
1762479532.1770432,0.0
1762479532.377043,2.584962500721156
1762479532.4770432,0.0
1762479532.6770432,2.807354922057605
1762479532.877043,2.584962500721156
1762479532.9770432,0.0
1762479533.077043,1.0
1762479533.1770432,2.3219280948873626
1762479533.377043,2.584962500721156
1762479533.4770432,0.0
1762479533.577043,1.0
1762479533.6770432,2.3219280948873626
1762479533.877043,2.584962500721156
1762479533.9770432,0.0
1762479534.077043,2.584962500721156
1762479534.1770432,0.0
1762479534.6770432,2.807354922057605
1762479534.877043,2.0
1762479534.9770432,1.584962500721156
1762479535.1770432,2.807354922057605
1762479535.377043,2.5503407095463886
1762479535.4770432,0.9182958340544894
1762479535.6770432,2.584962500721156
1762479535.777043,0.0
1762479535.877043,2.584962500721156
1762479535.9770432,0.0
1762479536.077043,2.0
1762479536.1770432,1.584962500721156
1762479536.377043,2.584962500721156
1762479536.4770432,0.0
1762479536.6770432,2.584962500721156
1762479536.777043,0.0
1762479536.9770432,2.807354922057605
1762479537.1770432,2.584962500721156
1762479537.277043,0.0
1762479537.4770432,2.807354922057605
1762479537.6770432,2.584962500721156
1762479537.777043,0.0
1762479537.877043,1.584962500721156
1762479537.9770432,2.0
1762479538.1770432,2.584962500721156
1762479538.277043,0.0
1762479538.377043,2.3219280948873626
1762479538.4770432,1.0
1762479538.6770432,2.584962500721156
1762479538.777043,0.0
1762479538.9770432,2.584962500721156
1762479539.077043,0.0
1762479539.1770432,0.0
1762479539.277043,1.584962500721156
1762479539.4770432,2.0
1762479539.577043,0.0
1762479539.777043,2.584962500721156
1762479539.877043,0.0
1762479539.9770432,2.584962500721156
1762479540.077043,0.0
1762479540.1770432,2.0
1762479540.277043,2.7254805569978675
1762479540.377043,0.0
1762479540.4770432,2.584962500721156
1762479540.577043,0.0
1762479540.6770432,2.0
1762479540.777043,1.584962500721156
1762479540.9770432,2.584962500721156
1762479541.077043,0.0
1762479541.277043,2.584962500721156
1762479541.377043,0.0
1762479541.577043,2.807354922057605
1762479541.777043,2.584962500721156
1762479541.877043,0.0
1762479541.9770432,2.0
1762479542.077043,1.584962500721156
1762479542.277043,2.807354922057605
1762479542.4770432,2.584962500721156
1762479542.577043,0.0
1762479542.6770432,1.0
1762479542.777043,2.3219280948873626
1762479542.9770432,2.584962500721156
1762479543.077043,0.0
1762479543.1770432,1.0
1762479543.277043,2.3219280948873626
1762479543.4770432,2.0
1762479543.577043,1.584962500721156
1762479543.777043,2.584962500721156
1762479543.877043,0.0
1762479543.9770432,2.584962500721156
1762479544.077043,0.0
1762479544.1770432,2.0
1762479544.277043,1.0
1762479544.4770432,0.0
1762479544.6770432,2.584962500721156
1762479544.777043,0.0
1762479544.9770432,2.807354922057605
1762479545.1770432,2.584962500721156
1762479545.277043,2.75
1762479545.4770432,2.5
1762479545.577043,0.0
1762479545.777043,2.584962500721156
1762479545.877043,0.0
1762479545.9770432,2.0
1762479546.077043,1.584962500721156
1762479546.1770432,2.0
1762479546.277043,1.584962500721156
1762479546.4770432,2.807354922057605
1762479546.6770432,2.584962500721156
1762479546.777043,0.0
1762479546.877043,2.0
1762479546.9770432,1.584962500721156
1762479547.1770432,2.584962500721156
1762479547.277043,0.0
1762479547.377043,2.3219280948873626
1762479547.4770432,1.0
1762479547.6770432,2.584962500721156
1762479547.777043,0.0
1762479547.9770432,2.807354922057605
1762479548.1770432,2.584962500721156
1762479548.277043,0.0
1762479548.377043,2.584962500721156
1762479548.4770432,0.0
1762479548.577043,2.0
1762479548.6770432,1.584962500721156
1762479548.877043,2.807354922057605
1762479549.077043,2.584962500721156
1762479549.1770432,0.0
1762479549.577043,2.584962500721156
1762479549.6770432,0.0
1762479549.777043,2.584962500721156
1762479549.877043,0.0
1762479550.077043,2.584962500721156
1762479550.1770432,0.0
1762479550.277043,2.584962500721156
1762479550.377043,2.75
1762479550.4770432,2.0
1762479550.577043,1.584962500721156
1762479550.6770432,0.0
1762479550.777043,2.584962500721156
1762479550.9770432,2.584962500721156
1762479551.077043,0.0
1762479551.1770432,2.584962500721156
1762479551.277043,0.0
1762479551.377043,1.584962500721156
1762479551.4770432,2.0
1762479551.6770432,2.807354922057605
1762479551.877043,2.584962500721156
1762479551.9770432,0.0
1762479552.1770432,2.584962500721156
1762479552.277043,0.0
1762479552.377043,2.584962500721156
1762479552.4770432,0.0
1762479552.577043,2.584962500721156
1762479552.6770432,0.0
1762479552.877043,2.807354922057605
1762479553.077043,2.807354922057605
1762479553.277043,2.584962500721156
1762479553.377043,0.0
1762479553.4770432,2.0
1762479553.577043,1.584962500721156
1762479553.777043,2.807354922057605
1762479553.9770432,2.584962500721156
1762479554.077043,0.0
1762479554.1770432,2.584962500721156
1762479554.277043,0.0
1762479554.6770432,2.584962500721156
1762479554.777043,0.0
1762479554.877043,2.0
1762479554.9770432,1.584962500721156
1762479555.077043,0.0
1762479555.1770432,2.584962500721156
1762479555.277043,2.584962500721156
1762479555.377043,2.807354922057605
1762479555.4770432,0.0
1762479555.577043,2.584962500721156
1762479555.6770432,0.0
1762479555.777043,2.0
1762479555.877043,1.584962500721156
1762479556.077043,2.807354922057605
1762479556.277043,2.807354922057605
1762479556.4770432,2.807354922057605
1762479556.6770432,2.807354922057605
1762479556.877043,2.0
1762479556.9770432,1.584962500721156
1762479557.1770432,2.584962500721156
1762479557.277043,0.0
1762479557.377043,2.3219280948873626
1762479557.4770432,1.0
1762479557.577043,2.0
1762479557.6770432,1.584962500721156
1762479557.877043,2.807354922057605
1762479558.077043,2.807354922057605
1762479558.277043,2.584962500721156
1762479558.377043,0.0
1762479558.4770432,2.584962500721156
1762479558.577043,0.0
1762479558.6770432,2.584962500721156
1762479558.777043,0.0
1762479558.877043,2.3219280948873626
1762479558.9770432,1.0
1762479559.1770432,2.807354922057605
1762479559.577043,2.584962500721156
1762479559.6770432,0.0
1762479559.877043,2.584962500721156
1762479559.9770432,0.0
1762479560.077043,2.0
1762479560.1770432,1.584962500721156
1762479560.277043,0.0
1762479560.377043,2.5503407095463886
1762479560.4770432,0.0
1762479560.577043,2.807354922057605
1762479560.777043,2.807354922057605
1762479560.9770432,2.807354922057605
1762479561.1770432,2.584962500721156
1762479561.277043,0.0
1762479561.377043,2.584962500721156
1762479561.4770432,0.0
1762479561.577043,2.0
1762479561.6770432,1.584962500721156
1762479561.877043,2.584962500721156
1762479561.9770432,0.0
1762479562.077043,2.0
1762479562.1770432,1.584962500721156
1762479562.377043,2.807354922057605
1762479562.577043,2.807354922057605
1762479562.777043,2.807354922057605
1762479562.9770432,2.584962500721156
1762479563.077043,0.0
1762479563.1770432,2.584962500721156
1762479563.277043,0.0
1762479563.377043,2.3219280948873626
1762479563.4770432,1.0
1762479563.577043,1.0
1762479563.6770432,2.3219280948873626
1762479563.877043,2.807354922057605
1762479564.077043,2.3219280948873626
1762479564.1770432,1.0
1762479564.577043,2.584962500721156
1762479564.6770432,0.0
1762479564.777043,2.584962500721156
1762479564.877043,0.0
1762479564.9770432,2.584962500721156
1762479565.077043,0.0
1762479565.1770432,2.0
1762479565.277043,1.584962500721156
1762479565.4770432,2.7254805569978675
1762479565.6770432,2.807354922057605
1762479565.877043,2.584962500721156
1762479565.9770432,0.0
1762479566.077043,2.584962500721156
1762479566.1770432,0.0
1762479566.377043,2.584962500721156
1762479566.4770432,0.0
1762479566.577043,2.584962500721156
1762479566.6770432,0.0
1762479566.777043,2.584962500721156
1762479566.877043,0.0
1762479566.9770432,2.0
1762479567.077043,1.584962500721156
1762479567.1770432,2.0
1762479567.277043,1.584962500721156
1762479567.4770432,2.807354922057605
1762479567.6770432,2.807354922057605
1762479567.877043,2.584962500721156
1762479567.9770432,0.0
1762479568.077043,2.584962500721156
1762479568.1770432,0.0
1762479568.277043,2.0
1762479568.377043,1.584962500721156
1762479568.577043,2.807354922057605
1762479568.777043,2.584962500721156
1762479568.877043,0.0
1762479568.9770432,2.0
1762479569.077043,1.584962500721156
1762479569.1770432,2.0
1762479569.277043,1.584962500721156
1762479569.6770432,2.584962500721156
1762479569.777043,0.0
1762479569.877043,2.584962500721156
1762479569.9770432,0.0
1762479570.077043,2.3219280948873626
1762479570.1770432,1.0
1762479570.277043,2.3219280948873626
1762479570.377043,1.584962500721156
1762479570.4770432,2.584962500721156
1762479570.577043,2.807354922057605
1762479570.777043,2.584962500721156
1762479570.877043,0.0
1762479570.9770432,2.584962500721156
1762479571.077043,0.0
1762479571.1770432,2.0
1762479571.277043,1.584962500721156
1762479571.377043,1.0
1762479571.4770432,2.3219280948873626
1762479571.6770432,2.807354922057605
1762479571.877043,2.807354922057605
1762479572.077043,2.584962500721156
1762479572.1770432,0.0
1762479572.277043,2.584962500721156
1762479572.377043,0.0
1762479572.4770432,2.584962500721156
1762479572.577043,0.0
1762479572.6770432,2.584962500721156
1762479572.777043,0.0
1762479572.877043,2.584962500721156
1762479572.9770432,0.0
1762479573.1770432,2.807354922057605
1762479573.377043,2.584962500721156
1762479573.4770432,0.0
1762479573.577043,2.3219280948873626
1762479573.6770432,1.0
1762479573.777043,2.0
1762479573.877043,1.584962500721156
1762479574.077043,2.807354922057605
1762479574.277043,2.807354922057605
1762479574.6770432,2.584962500721156
1762479574.777043,0.0
1762479574.877043,2.584962500721156
1762479574.9770432,0.0
1762479575.077043,2.584962500721156
1762479575.1770432,0.0
1762479575.277043,2.3219280948873626
1762479575.377043,2.75
1762479575.4770432,0.0
1762479575.577043,2.0
1762479575.6770432,1.584962500721156
1762479575.877043,2.807354922057605
1762479576.077043,2.584962500721156
1762479576.1770432,0.0
1762479576.277043,2.584962500721156
1762479576.377043,0.0
1762479576.4770432,2.0
1762479576.577043,1.584962500721156
1762479576.777043,2.807354922057605
1762479576.9770432,2.807354922057605
1762479577.1770432,2.584962500721156
1762479577.277043,0.0
1762479577.377043,1.584962500721156
1762479577.4770432,1.584962500721156
1762479577.577043,0.0
1762479577.6770432,2.3219280948873626
1762479577.777043,1.0
1762479577.9770432,2.807354922057605
1762479578.1770432,2.584962500721156
1762479578.277043,0.0
1762479578.377043,2.584962500721156
1762479578.4770432,0.0
1762479578.6770432,2.807354922057605
1762479578.877043,2.807354922057605
1762479579.077043,2.807354922057605
1762479579.277043,2.584962500721156
1762479579.577043,0.0
1762479579.777043,2.0
1762479579.877043,1.584962500721156
1762479580.077043,2.584962500721156
1762479580.1770432,0.0
1762479580.277043,2.0
1762479580.377043,2.0
1762479580.4770432,2.584962500721156
1762479580.577043,2.807354922057605
1762479580.777043,2.584962500721156
1762479580.877043,0.0
1762479580.9770432,2.584962500721156
1762479581.077043,0.0
1762479581.1770432,2.0
1762479581.277043,1.584962500721156
1762479581.4770432,2.807354922057605
1762479581.6770432,2.584962500721156
1762479581.777043,0.0
1762479581.9770432,2.584962500721156
1762479582.077043,0.0
1762479582.277043,2.807354922057605
1762479582.4770432,2.584962500721156
1762479582.577043,0.0
1762479582.777043,2.807354922057605
1762479582.9770432,2.584962500721156
1762479583.077043,0.0
1762479583.1770432,2.0
1762479583.277043,1.584962500721156
1762479583.4770432,2.584962500721156
1762479583.577043,0.0
1762479583.6770432,2.0
1762479583.777043,1.584962500721156
1762479583.9770432,2.584962500721156
1762479584.077043,0.0
1762479584.277043,2.584962500721156
1762479584.377043,0.0
1762479584.777043,2.807354922057605
1762479584.9770432,2.584962500721156
1762479585.077043,0.0
1762479585.1770432,2.807354922057605
1762479585.377043,2.7773627950641693
1762479585.4770432,0.0
1762479585.577043,2.584962500721156
1762479585.6770432,0.0
1762479585.777043,2.0
1762479585.877043,1.584962500721156
1762479585.9770432,2.0
1762479586.077043,1.584962500721156
1762479586.277043,2.584962500721156
1762479586.377043,0.0
1762479586.4770432,2.0
1762479586.577043,1.584962500721156
1762479586.777043,2.584962500721156
1762479586.877043,0.0
1762479586.9770432,2.584962500721156
1762479587.077043,0.0
1762479587.1770432,2.0
1762479587.277043,1.584962500721156
1762479587.4770432,2.584962500721156
1762479587.577043,0.0
1762479587.6770432,2.3219280948873626
1762479587.777043,1.0
1762479587.9770432,2.807354922057605
1762479588.1770432,2.584962500721156
1762479588.277043,0.0
1762479588.4770432,2.584962500721156
1762479588.577043,0.0
1762479588.777043,2.584962500721156
1762479588.877043,0.0
1762479588.9770432,2.0
1762479589.077043,1.584962500721156
1762479589.1770432,0.0
1762479589.277043,2.584962500721156
1762479589.6770432,2.0
1762479589.777043,1.584962500721156
1762479589.9770432,2.807354922057605
1762479590.1770432,2.807354922057605
1762479590.377043,2.7773627950641693
1762479590.4770432,0.0
1762479590.577043,2.584962500721156
1762479590.6770432,0.0
1762479590.777043,1.584962500721156
1762479590.877043,2.0
1762479591.077043,2.584962500721156
1762479591.1770432,0.0
1762479591.277043,2.807354922057605
1762479591.4770432,2.584962500721156
1762479591.577043,0.0
1762479591.6770432,2.584962500721156
1762479591.777043,0.0
1762479591.877043,2.0
1762479591.9770432,1.584962500721156
1762479592.077043,1.584962500721156
1762479592.1770432,2.0
1762479592.377043,2.807354922057605
1762479592.577043,2.584962500721156
1762479592.6770432,0.0
1762479592.777043,0.0
1762479592.877043,2.584962500721156
1762479593.077043,1.0
1762479593.1770432,2.3219280948873626
1762479593.377043,2.584962500721156
1762479593.4770432,0.0
1762479593.577043,0.0
1762479593.6770432,2.584962500721156
1762479593.877043,2.584962500721156
1762479593.9770432,0.0
1762479594.1770432,2.807354922057605
1762479594.6770432,2.584962500721156
1762479594.777043,0.0
1762479594.9770432,2.807354922057605
1762479595.1770432,2.0
1762479595.277043,1.584962500721156
1762479595.377043,1.0
1762479595.4770432,2.7321588913645707
1762479595.577043,0.0
1762479595.6770432,1.0
1762479595.777043,2.3219280948873626
1762479595.9770432,2.584962500721156
1762479596.077043,0.0
1762479596.1770432,2.0
1762479596.277043,1.584962500721156
1762479596.4770432,2.807354922057605
1762479596.6770432,2.584962500721156
1762479596.777043,0.0
1762479596.877043,2.584962500721156
1762479596.9770432,0.0
1762479597.077043,2.584962500721156
1762479597.1770432,0.0
1762479597.277043,2.584962500721156
1762479597.377043,0.0
1762479597.4770432,2.584962500721156
1762479597.577043,0.0
1762479597.6770432,2.584962500721156
1762479597.777043,0.0
1762479597.9770432,2.584962500721156
1762479598.077043,0.0
1762479598.1770432,2.584962500721156
1762479598.277043,0.0
1762479598.377043,2.0
1762479598.4770432,1.584962500721156
1762479598.577043,0.0
1762479598.6770432,2.584962500721156
1762479598.877043,2.807354922057605
1762479599.077043,2.807354922057605
1762479599.277043,2.807354922057605
1762479599.6770432,2.807354922057605
1762479599.877043,2.584962500721156
1762479599.9770432,0.0
1762479600.077043,2.584962500721156
1762479600.1770432,0.0
1762479600.277043,2.3219280948873626
1762479600.377043,1.0
1762479600.4770432,2.7321588913645707
1762479600.577043,1.584962500721156
1762479600.777043,2.584962500721156
1762479600.877043,0.0
1762479600.9770432,0.0
1762479601.077043,2.584962500721156
1762479601.277043,2.807354922057605
1762479601.4770432,2.807354922057605
1762479601.577043,0.0
1762479601.6770432,2.584962500721156
1762479601.877043,2.807354922057605
1762479602.077043,2.807354922057605
1762479602.277043,2.807354922057605
1762479602.4770432,2.584962500721156
1762479602.577043,0.0
1762479602.6770432,2.584962500721156
1762479602.777043,0.0
1762479602.9770432,2.807354922057605
1762479603.1770432,2.584962500721156
1762479603.277043,0.0
1762479603.377043,2.3219280948873626
1762479603.4770432,1.0
1762479603.577043,2.584962500721156
1762479603.6770432,0.0
1762479603.777043,2.584962500721156
1762479603.877043,0.0
1762479603.9770432,2.584962500721156
1762479604.077043,0.0
1762479604.1770432,2.3219280948873626
1762479604.277043,1.0
1762479604.577043,0.0
1762479604.6770432,2.584962500721156
1762479604.877043,2.807354922057605
1762479605.077043,2.0
1762479605.1770432,1.584962500721156
1762479605.377043,2.75
1762479605.4770432,2.3219280948873626
1762479605.577043,2.75
1762479605.777043,2.807354922057605
1762479605.9770432,2.807354922057605
1762479606.1770432,2.807354922057605
1762479606.377043,2.807354922057605
1762479606.577043,2.584962500721156
1762479606.6770432,0.0
1762479606.777043,2.584962500721156
1762479606.877043,0.0
1762479606.9770432,2.584962500721156
1762479607.077043,0.0
1762479607.1770432,2.0
1762479607.277043,1.584962500721156
1762479607.4770432,2.584962500721156
1762479607.577043,0.0
1762479607.6770432,2.0
1762479607.777043,1.584962500721156
1762479607.877043,2.0
1762479607.9770432,1.584962500721156
1762479608.1770432,2.807354922057605
1762479608.377043,2.807354922057605
1762479608.577043,2.807354922057605
1762479608.777043,2.584962500721156
1762479608.877043,0.0
1762479608.9770432,2.584962500721156
1762479609.077043,0.0
1762479609.1770432,2.584962500721156
1762479609.277043,0.0
1762479609.6770432,2.807354922057605
1762479609.877043,2.584962500721156
1762479609.9770432,0.0
1762479610.077043,2.0
1762479610.1770432,1.584962500721156
1762479610.377043,2.807354922057605
1762479610.4770432,2.3219280948873626
1762479610.577043,2.75
1762479615.4770432,2.807354922057605
1762479620.377043,2.584962500721156
1762479620.4770432,0.0
1762479625.4770432,2.807354922057605
1762479630.377043,2.0
1762479630.4770432,1.584962500721156
1762479635.377043,2.584962500721156
1762479635.4770432,0.0
1762479705.377043,0.0
1762479705.577043,2.807354922057605
1762479705.877043,2.807354922057605
1762479706.077043,2.0
1762479706.1770432,1.584962500721156
1762479706.4770432,2.584962500721156
1762479706.577043,0.0
1762479706.777043,2.584962500721156
1762479706.877043,0.0
1762479707.077043,2.0
1762479707.1770432,1.584962500721156
1762479707.377043,2.0
1762479707.4770432,1.584962500721156
1762479707.6770432,2.0
1762479707.777043,1.584962500721156
1762479707.9770432,2.0
1762479708.077043,1.584962500721156
1762479708.277043,2.584962500721156
1762479708.377043,0.0
1762479708.577043,2.807354922057605
1762479708.877043,2.807354922057605
1762479709.077043,2.0
1762479709.1770432,1.584962500721156
1762479709.377043,2.584962500721156
1762479709.4770432,0.0
1762479724.877043,2.584962500721156
1762479724.9770432,0.0
1762479725.077043,2.584962500721156
1762479725.1770432,0.0
1762479725.377043,2.807354922057605
1762479725.577043,2.807354922057605
1762479725.777043,2.584962500721156
1762479725.877043,0.0
1762479725.9770432,2.0
1762479726.077043,1.584962500721156
1762479726.1770432,0.0
1762479726.277043,2.584962500721156
1762479726.4770432,2.0
1762479726.577043,1.584962500721156
1762479726.777043,2.807354922057605
1762479726.9770432,2.807354922057605
1762479727.1770432,2.584962500721156
1762479727.277043,0.0
1762479727.377043,2.584962500721156
1762479727.4770432,0.0
1762479727.6770432,2.807354922057605
1762479727.877043,2.584962500721156
1762479727.9770432,0.0
1762479728.077043,2.0
1762479728.1770432,1.584962500721156
1762479728.377043,2.807354922057605
1762479728.577043,2.584962500721156
1762479728.6770432,0.0
1762479728.877043,2.584962500721156
1762479728.9770432,0.0
1762479729.077043,2.0
1762479729.1770432,1.584962500721156
1762479729.377043,2.807354922057605
1762479729.577043,2.3219280948873626
1762479729.877043,1.0
1762479730.077043,2.584962500721156
1762479730.1770432,0.0
1762479730.277043,0.0
1762479730.377043,2.584962500721156
1762479730.577043,2.584962500721156
1762479730.6770432,0.0
1762479730.777043,2.0
1762479730.877043,1.0
1762479730.9770432,0.0
1762479731.1770432,2.584962500721156
1762479731.277043,0.0
1762479731.377043,2.584962500721156
1762479731.4770432,0.0
1762479731.6770432,2.807354922057605
1762479731.877043,2.584962500721156
1762479731.9770432,0.0
1762479732.1770432,2.807354922057605
1762479732.377043,2.584962500721156
1762479732.4770432,0.0
1762479732.577043,2.0
1762479732.6770432,1.584962500721156
1762479732.877043,2.584962500721156
1762479732.9770432,0.0
1762479733.077043,2.3219280948873626
1762479733.1770432,1.0
1762479733.277043,2.0
1762479733.377043,1.584962500721156
1762479733.6770432,2.584962500721156
1762479733.777043,0.0
1762479733.877043,2.0
1762479733.9770432,1.584962500721156
1762479734.1770432,2.807354922057605
1762479734.377043,2.584962500721156
1762479734.4770432,0.0
1762479734.877043,2.584962500721156
1762479734.9770432,0.0
1762479735.077043,0.0
1762479735.1770432,2.584962500721156
1762479735.377043,2.807354922057605
1762479735.577043,2.503258334775646
1762479735.6770432,2.0
1762479735.777043,0.0
1762479735.877043,2.807354922057605
1762479735.9770432,2.807354922057605
1762479736.077043,2.807354922057605
1762479736.1770432,2.3219280948873626
1762479736.277043,2.75
1762479736.377043,1.584962500721156
1762479736.4770432,2.7254805569978675
1762479736.577043,1.584962500721156
1762479736.6770432,2.584962500721156
1762479736.777043,2.807354922057605
1762479736.877043,2.584962500721156
1762479736.9770432,1.0
1762479737.077043,2.584962500721156
1762479737.1770432,2.75
1762479737.377043,2.7773627950641693
1762479737.4770432,0.0
1762479737.577043,2.584962500721156
1762479737.6770432,0.0
1762479737.777043,2.0
1762479737.877043,2.7254805569978675
1762479737.9770432,0.0
1762479738.077043,2.807354922057605
1762479738.1770432,2.807354922057605
1762479738.277043,2.807354922057605
1762479738.377043,2.3219280948873626
1762479738.4770432,2.75
1762479738.577043,0.0
1762479738.6770432,2.807354922057605
1762479738.777043,2.807354922057605
1762479738.877043,2.584962500721156
1762479738.9770432,2.807354922057605
1762479739.077043,2.3219280948873626
1762479739.1770432,1.584962500721156
1762479739.277043,2.503258334775646
1762479739.377043,1.9219280948873625
1762479739.577043,2.7773627950641693
1762479739.6770432,0.0
1762479739.777043,2.0
1762479739.877043,1.584962500721156
1762479739.9770432,0.0
1762479740.077043,2.7516291673878226
1762479740.1770432,0.0
1762479740.277043,2.807354922057605
1762479740.377043,2.584962500721156
1762479740.4770432,2.75
1762479740.6770432,2.7773627950641693
1762479740.777043,0.0
1762479740.877043,2.5
1762479740.9770432,2.251629167387823
1762479741.077043,2.584962500721156
1762479741.1770432,2.807354922057605
1762479741.277043,1.584962500721156
1762479741.377043,2.3219280948873626
1762479741.4770432,2.584962500721156
1762479741.577043,2.75
1762479741.6770432,2.0
1762479741.777043,2.7254805569978675
1762479741.877043,0.0
1762479741.9770432,2.5219280948873624
1762479742.077043,1.5
1762479742.1770432,2.584962500721156
1762479742.277043,2.807354922057605
1762479742.377043,2.807354922057605
1762479742.4770432,0.0
1762479742.577043,2.5219280948873624
1762479742.6770432,1.5
1762479742.777043,2.0
1762479742.877043,2.721928094887362
1762479743.077043,2.7773627950641693
1762479743.1770432,0.0
1762479743.277043,2.584962500721156
1762479743.377043,0.0
1762479743.4770432,2.3219280948873626
1762479743.577043,2.75
1762479743.6770432,2.807354922057605
1762479743.777043,0.0
1762479743.877043,2.807354922057605
1762479743.9770432,2.807354922057605
1762479744.077043,2.584962500721156
1762479744.1770432,2.807354922057605
1762479744.277043,2.807354922057605
1762479744.377043,2.0
1762479744.4770432,2.503258334775646
1762479744.577043,0.0
1762479744.6770432,2.3219280948873626
1762479744.777043,1.0
1762479744.877043,2.0
1762479744.9770432,2.807354922057605
1762479745.077043,1.584962500721156
1762479745.1770432,2.807354922057605
1762479745.277043,2.807354922057605
1762479745.377043,2.584962500721156
1762479745.4770432,2.807354922057605
1762479745.577043,2.807354922057605
1762479745.6770432,2.807354922057605
1762479745.777043,0.0
1762479745.877043,2.0
1762479745.9770432,1.584962500721156
1762479746.1770432,2.584962500721156
1762479746.277043,0.0
1762479746.377043,2.5503407095463886
1762479746.4770432,0.9182958340544894
1762479746.577043,2.584962500721156
1762479746.6770432,2.807354922057605
1762479746.777043,2.3219280948873626
1762479746.877043,1.584962500721156
1762479746.9770432,2.584962500721156
1762479747.077043,2.807354922057605
1762479747.1770432,2.807354922057605
1762479747.277043,2.3219280948873626
1762479747.377043,2.0
1762479747.4770432,2.584962500721156
1762479747.577043,2.807354922057605
1762479747.6770432,2.807354922057605
1762479747.777043,2.584962500721156
1762479747.877043,2.75
1762479748.077043,2.584962500721156
1762479748.1770432,0.0
1762479748.277043,2.0
1762479748.377043,1.584962500721156
1762479748.577043,2.7773627950641693
1762479748.6770432,0.0
1762479748.777043,2.721928094887362
1762479748.877043,1.584962500721156
1762479748.9770432,2.807354922057605
1762479749.077043,0.0
1762479749.1770432,2.7773627950641693
1762479749.277043,0.0
1762479749.377043,2.5219280948873624
1762479749.4770432,1.5
1762479749.577043,2.0
1762479749.6770432,2.7254805569978675
1762479749.877043,2.584962500721156
1762479749.9770432,0.0
1762479750.077043,2.0
1762479750.1770432,1.0
1762479750.277043,0.0
1762479750.4770432,2.807354922057605
1762479750.6770432,2.807354922057605
1762479755.577043,0.0
1762479755.6770432,0.0
1762479755.777043,2.0
1762479755.877043,0.0
1762479760.577043,1.584962500721156
1762479760.6770432,2.0
1762479765.377043,2.807354922057605
1762479765.577043,2.584962500721156
1762479765.6770432,0.0
1762479765.777043,2.807354922057605
1762479765.877043,2.3219280948873626
1762479765.9770432,1.0
1762479766.1770432,2.584962500721156
1762479766.277043,0.0
1762479766.377043,2.0
1762479766.4770432,1.584962500721156
1762479766.6770432,2.584962500721156
1762479766.777043,0.0
1762479766.877043,2.0
1762479766.9770432,1.584962500721156
1762479767.1770432,2.584962500721156
1762479767.277043,0.0
1762479767.4770432,2.584962500721156
1762479767.577043,0.0
1762479767.6770432,2.0
1762479767.777043,1.584962500721156
1762479767.9770432,2.584962500721156
1762479768.077043,0.0
1762479768.277043,2.3219280948873626
1762479768.377043,1.0
1762479768.577043,2.3219280948873626
1762479768.6770432,1.0
1762479768.877043,2.584962500721156
1762479768.9770432,0.0
1762479769.077043,2.0
1762479769.1770432,1.584962500721156
1762479769.377043,2.584962500721156
1762479769.4770432,0.0
1762479769.6770432,2.3219280948873626
1762479769.9770432,0.0
1762479770.1770432,2.584962500721156
1762479770.277043,0.0
1762479770.377043,2.0
1762479770.4770432,1.584962500721156
1762479770.6770432,2.807354922057605
1762479770.777043,2.807354922057605
1762479770.877043,2.0
1762479770.9770432,1.584962500721156
1762479771.1770432,2.3219280948873626
1762479771.277043,1.0
1762479771.4770432,2.584962500721156
1762479771.577043,0.0
1762479771.6770432,2.584962500721156
1762479771.777043,0.0
1762479771.877043,0.0
1762479771.9770432,2.584962500721156
1762479772.1770432,2.584962500721156
1762479772.277043,0.0
1762479772.377043,2.3219280948873626
1762479772.4770432,1.0
1762479772.6770432,2.807354922057605
1762479772.877043,2.584962500721156
1762479772.9770432,0.0
1762479773.077043,2.584962500721156
1762479773.277043,0.0
1762479773.4770432,2.584962500721156
1762479773.577043,0.0
1762479773.6770432,2.584962500721156
1762479773.777043,0.0
1762479773.9770432,2.807354922057605
1762479774.1770432,2.584962500721156
1762479774.277043,0.0
1762479774.377043,2.0
1762479774.4770432,1.584962500721156
1762479774.6770432,2.584962500721156
1762479775.077043,2.584962500721156
1762479775.1770432,0.0
1762479775.277043,2.3219280948873626
1762479775.377043,1.0
1762479775.577043,1.0
1762479775.6770432,2.251629167387823
1762479775.777043,2.3219280948873626
1762479775.877043,2.75
1762479775.9770432,0.0
1762479776.077043,2.7321588913645707
1762479776.1770432,1.584962500721156
1762479776.277043,2.584962500721156
1762479776.377043,2.75
1762479776.4770432,2.0
1762479776.577043,2.7254805569978675
1762479776.6770432,0.0
1762479776.777043,2.7773627950641693
1762479776.877043,0.0
1762479776.9770432,2.5219280948873624
1762479777.077043,1.584962500721156
1762479777.1770432,2.3219280948873626
1762479777.277043,2.0
1762479777.377043,2.584962500721156
1762479777.4770432,2.807354922057605
1762479777.577043,2.3219280948873626
1762479777.6770432,2.584962500721156
1762479777.777043,2.807354922057605
1762479777.877043,1.584962500721156
1762479777.9770432,2.503258334775646
1762479778.077043,1.9219280948873625
1762479778.1770432,2.0
1762479778.277043,2.7254805569978675
1762479778.377043,0.0
1762479778.4770432,2.7321588913645707
1762479778.577043,1.584962500721156
1762479778.6770432,2.807354922057605
1762479778.777043,2.584962500721156
1762479778.877043,2.75
1762479778.9770432,2.0
1762479779.077043,2.721928094887362
1762479779.277043,2.5219280948873624
1762479779.377043,1.584962500721156
1762479779.4770432,2.807354922057605
1762479779.577043,0.0
1762479779.6770432,2.584962500721156
1762479779.777043,0.0
1762479779.877043,2.0
1762479779.9770432,2.807354922057605
1762479780.077043,1.584962500721156
1762479780.1770432,2.584962500721156
1762479780.277043,2.75
1762479780.4770432,2.7773627950641693
1762479780.577043,0.0
1762479780.6770432,2.3219280948873626
1762479780.777043,1.0
1762479780.877043,2.0
1762479780.9770432,2.7254805569978675
1762479781.077043,2.3219280948873626
1762479781.1770432,1.584962500721156
1762479781.277043,2.5219280948873624
1762479781.377043,1.5
1762479781.577043,2.5503407095463886
1762479781.6770432,0.9182958340544894
1762479781.777043,2.584962500721156
1762479781.877043,2.807354922057605
1762479781.9770432,1.584962500721156
1762479782.077043,2.503258334775646
1762479782.1770432,1.0
1762479782.277043,0.0
1762479782.377043,2.5219280948873624
1762479782.4770432,1.5
1762479782.577043,2.0
1762479782.6770432,2.7254805569978675
1762479782.777043,0.0
1762479782.877043,2.584962500721156
1762479782.9770432,0.0
1762479783.077043,2.584962500721156
1762479783.1770432,2.75
1762479783.377043,2.7773627950641693
1762479783.4770432,0.0
1762479783.577043,2.584962500721156
1762479783.6770432,2.0
1762479783.777043,1.584962500721156
1762479783.877043,2.807354922057605
1762479783.9770432,2.3219280948873626
1762479784.077043,2.7254805569978675
1762479784.1770432,0.0
1762479784.277043,2.584962500721156
1762479784.377043,2.0
1762479784.4770432,2.75
1762479784.577043,1.584962500721156
1762479784.6770432,2.0
1762479784.777043,2.584962500721156
1762479784.877043,0.0
1762479784.9770432,1.584962500721156
1762479785.077043,2.807354922057605
1762479785.1770432,2.807354922057605
1762479785.277043,0.0
1762479785.377043,2.7516291673878226
1762479785.4770432,0.0
1762479785.577043,2.521640636343319
1762479785.6770432,2.521640636343319
1762479785.877043,2.584962500721156
1762479785.9770432,0.0
1762479786.077043,2.5219280948873624
1762479786.1770432,1.5
1762479786.377043,2.584962500721156
1762479786.4770432,0.0
1762479786.6770432,2.584962500721156
1762479786.777043,0.0
1762479786.877043,2.0
1762479786.9770432,2.721928094887362
1762479787.1770432,2.584962500721156
1762479787.277043,0.0
1762479787.377043,2.584962500721156
1762479787.4770432,2.75
1762479787.6770432,2.7516291673878226
1762479787.777043,1.0
1762479787.877043,2.584962500721156
1762479787.9770432,2.807354922057605
1762479788.077043,2.3219280948873626
1762479788.1770432,2.7254805569978675
1762479788.277043,0.0
1762479788.377043,2.5219280948873624
1762479788.4770432,1.5
1762479788.577043,2.0
1762479788.6770432,2.521640636343319
1762479788.777043,0.9182958340544894
1762479788.9770432,2.5
1762479789.077043,2.251629167387823
1762479789.1770432,2.584962500721156
1762479789.277043,2.584962500721156
1762479789.377043,1.0
1762479789.4770432,2.807354922057605
1762479789.577043,2.807354922057605
1762479789.6770432,2.584962500721156
1762479789.777043,2.0
1762479789.877043,1.584962500721156
1762479789.9770432,0.0
1762479790.077043,2.584962500721156
1762479790.1770432,2.807354922057605
1762479790.277043,2.3219280948873626
1762479790.377043,1.584962500721156
1762479790.4770432,2.807354922057605
1762479790.577043,2.584962500721156
1762479790.6770432,2.807354922057605
1762479790.777043,2.584962500721156
1762479790.877043,1.0
1762479790.9770432,2.584962500721156
1762479791.077043,2.75
1762479791.277043,2.807354922057605
1762479791.4770432,2.584962500721156
1762479791.577043,0.0
1762479791.6770432,2.3219280948873626
1762479791.777043,1.0
1762479791.877043,0.0
1762479791.9770432,2.584962500721156
1762479792.1770432,2.584962500721156
1762479792.277043,0.0
1762479792.377043,2.0
1762479792.4770432,1.584962500721156
1762479792.6770432,2.807354922057605
1762479792.877043,2.3219280948873626
1762479792.9770432,1.0
1762479793.077043,2.0
1762479793.1770432,1.584962500721156
1762479793.277043,0.0
1762479793.377043,2.3219280948873626
1762479793.4770432,0.0
1762479793.6770432,2.584962500721156
1762479793.777043,0.0
1762479793.877043,2.584962500721156
1762479793.9770432,0.0
1762479794.1770432,2.807354922057605
1762479794.377043,2.584962500721156
1762479794.4770432,0.0
1762479794.577043,1.584962500721156
1762479794.6770432,2.0
1762479795.077043,2.584962500721156
1762479795.1770432,0.0
1762479795.277043,2.0
1762479795.377043,1.584962500721156
1762479795.4770432,0.0
1762479795.577043,2.584962500721156
1762479795.6770432,1.0
1762479795.877043,2.584962500721156
1762479795.9770432,0.0
1762479796.077043,2.0
1762479796.1770432,1.584962500721156
1762479796.377043,2.807354922057605
1762479796.577043,2.584962500721156
1762479796.6770432,0.0
1762479796.877043,2.807354922057605
1762479797.077043,2.807354922057605
1762479797.277043,2.584962500721156
1762479797.377043,0.0
1762479797.4770432,2.3219280948873626
1762479797.577043,1.0
1762479797.6770432,2.3219280948873626
1762479797.777043,1.0
1762479798.077043,2.807354922057605
1762479798.277043,2.0
1762479798.377043,1.584962500721156
1762479798.577043,2.807354922057605
1762479798.777043,2.584962500721156
1762479798.877043,0.0
1762479798.9770432,2.0
1762479799.077043,1.584962500721156
1762479799.277043,2.807354922057605
1762479799.4770432,2.584962500721156
1762479799.577043,0.0
1762479799.6770432,2.584962500721156
1762479800.1770432,2.0
1762479800.277043,1.584962500721156
1762479800.4770432,2.584962500721156
1762479800.577043,0.0
1762479800.6770432,1.584962500721156
1762479800.777043,2.7254805569978675
1762479800.877043,1.584962500721156
1762479800.9770432,2.807354922057605
1762479801.1770432,2.584962500721156
1762479801.277043,0.0
1762479801.4770432,2.807354922057605
1762479801.6770432,2.584962500721156
1762479801.777043,0.0
1762479801.877043,2.584962500721156
1762479801.9770432,0.0
1762479802.077043,2.0
1762479802.1770432,1.584962500721156
1762479802.4770432,2.807354922057605
1762479802.6770432,2.584962500721156
1762479802.777043,0.0
1762479802.9770432,2.807354922057605
1762479803.1770432,2.584962500721156
1762479803.277043,0.0
1762479803.4770432,2.584962500721156
1762479803.577043,0.0
1762479803.6770432,2.584962500721156
1762479803.777043,0.0
1762479803.877043,2.0
1762479803.9770432,1.584962500721156
1762479804.1770432,2.584962500721156
1762479804.277043,0.0
1762479804.377043,2.0
1762479804.4770432,1.0
1762479804.577043,0.0
1762479805.077043,2.584962500721156
1762479805.1770432,0.0
1762479805.277043,0.0
1762479805.377043,2.584962500721156
1762479805.577043,2.584962500721156
1762479805.6770432,2.807354922057605
1762479805.777043,0.0
1762479805.877043,2.807354922057605
1762479806.077043,2.584962500721156
1762479806.1770432,0.0
1762479806.277043,1.584962500721156
1762479806.377043,2.0
1762479806.577043,2.584962500721156
1762479806.6770432,0.0
1762479806.9770432,2.584962500721156
1762479807.077043,0.0
1762479807.1770432,2.0
1762479807.277043,1.584962500721156
1762479807.4770432,2.584962500721156
1762479807.577043,0.0
1762479807.6770432,2.0
1762479807.777043,1.584962500721156
1762479807.9770432,2.584962500721156
1762479808.077043,0.0
1762479808.1770432,2.584962500721156
1762479808.277043,0.0
1762479808.4770432,2.807354922057605
1762479808.6770432,2.584962500721156
1762479808.777043,0.0
1762479808.9770432,2.0
1762479809.077043,1.584962500721156
1762479809.277043,2.584962500721156
1762479809.377043,0.0
1762479809.577043,2.584962500721156
1762479809.6770432,0.0
1762479810.077043,2.807354922057605
1762479810.277043,2.584962500721156
1762479810.377043,0.0
1762479810.4770432,2.3219280948873626
1762479810.577043,1.0
1762479810.6770432,1.0
1762479810.777043,2.75
1762479810.877043,2.0
1762479811.077043,2.584962500721156
1762479811.1770432,0.0
1762479811.377043,2.807354922057605
1762479811.577043,2.0
1762479811.6770432,1.584962500721156
1762479811.877043,2.584962500721156
1762479811.9770432,0.0
1762479812.077043,2.584962500721156
1762479812.1770432,0.0
1762479812.277043,2.0
1762479812.377043,1.584962500721156
1762479812.577043,2.584962500721156
1762479812.6770432,0.0
1762479812.777043,2.0
1762479812.877043,1.584962500721156
1762479813.077043,2.0
1762479813.1770432,1.584962500721156
1762479813.377043,2.584962500721156
1762479813.4770432,0.0
1762479813.577043,2.0
1762479813.6770432,1.584962500721156
1762479813.877043,2.584962500721156
1762479814.077043,0.0
1762479814.1770432,2.0
1762479814.277043,1.584962500721156
1762479814.4770432,2.584962500721156
1762479814.577043,0.0
1762479814.777043,2.0
1762479814.9770432,2.3219280948873626
1762479815.077043,0.0
1762479815.277043,2.584962500721156
1762479815.377043,0.0
1762479815.577043,2.807354922057605
1762479815.6770432,0.0
1762479815.777043,2.0
1762479815.877043,2.75
1762479815.9770432,0.0
1762479816.077043,2.3219280948873626
1762479816.1770432,1.0
1762479816.377043,0.0
1762479816.4770432,2.584962500721156
1762479816.6770432,2.3219280948873626
1762479816.777043,1.0
1762479816.9770432,2.584962500721156
1762479817.077043,0.0
1762479817.277043,2.584962500721156
1762479817.377043,0.0
1762479817.4770432,1.0
1762479817.577043,2.3219280948873626
1762479817.777043,2.584962500721156
1762479817.877043,0.0
1762479818.077043,2.584962500721156
1762479818.1770432,0.0
1762479818.377043,2.0
1762479818.4770432,1.584962500721156
1762479818.6770432,2.584962500721156
1762479818.777043,0.0
1762479818.9770432,2.584962500721156
1762479819.077043,0.0
1762479819.1770432,2.0
1762479819.277043,1.584962500721156
1762479819.4770432,2.584962500721156
1762479819.577043,0.0
1762479819.777043,2.0
1762479820.777043,2.0
1762479820.877043,1.584962500721156
1762479825.6770432,0.0
1762479825.877043,2.584962500721156
1762479825.9770432,0.0
1762479830.777043,2.584962500721156
1762479830.877043,0.0
1762479835.777043,2.584962500721156
1762479835.877043,0.0
1762479840.777043,1.584962500721156
1762479840.9770432,0.0
1762479845.777043,1.584962500721156
1762479845.9770432,2.584962500721156
1762479846.077043,0.0
1762479846.277043,2.584962500721156
1762479846.377043,0.0
1762479846.577043,2.807354922057605
1762479846.777043,2.584962500721156
1762479846.877043,0.0
1762479846.9770432,2.584962500721156
1762479847.077043,0.0
1762479847.277043,2.0
1762479847.377043,1.584962500721156
1762479847.577043,2.3219280948873626
1762479847.6770432,1.0
1762479847.877043,2.584962500721156
1762479847.9770432,0.0
1762479848.077043,1.584962500721156
1762479848.1770432,2.0
1762479848.377043,2.3219280948873626
1762479848.4770432,1.0
1762479848.6770432,2.807354922057605
1762479848.877043,2.584962500721156
1762479848.9770432,0.0
1762479849.077043,2.0
1762479849.1770432,1.584962500721156
1762479849.377043,2.584962500721156
1762479849.4770432,0.0
1762479849.577043,2.0
1762479849.6770432,1.584962500721156
1762479849.877043,2.0
1762479849.9770432,1.584962500721156
1762479850.1770432,1.0
1762479850.277043,2.3219280948873626
1762479850.4770432,2.584962500721156
1762479850.577043,0.0
1762479850.777043,2.807354922057605
1762479850.9770432,2.584962500721156
1762479851.077043,0.0
1762479851.1770432,2.584962500721156
1762479851.277043,0.0
1762479851.4770432,2.807354922057605
1762479851.6770432,2.3219280948873626
1762479851.777043,1.0
1762479851.9770432,2.584962500721156
1762479852.077043,0.0
1762479852.1770432,1.584962500721156
1762479852.277043,1.584962500721156
1762479852.377043,0.0
1762479852.577043,2.807354922057605
1762479852.777043,2.584962500721156
1762479852.877043,0.0
1762479852.9770432,1.584962500721156
1762479853.077043,2.0
1762479853.277043,2.807354922057605
1762479853.4770432,2.3219280948873626
1762479853.577043,1.0
1762479853.777043,2.807354922057605
1762479853.9770432,2.584962500721156
1762479854.077043,0.0
1762479854.277043,2.807354922057605
1762479854.4770432,2.0
1762479854.577043,1.0
1762479854.6770432,0.0
1762479854.877043,2.584962500721156
1762479854.9770432,0.0
1762479855.077043,2.0
1762479855.1770432,1.584962500721156
1762479855.377043,2.7321588913645707
1762479855.4770432,1.584962500721156
1762479855.577043,2.584962500721156
1762479855.6770432,2.75
1762479855.777043,0.0
1762479855.877043,2.7516291673878226
1762479856.077043,2.807354922057605
1762479856.1770432,2.807354922057605
1762479856.277043,1.0
1762479856.377043,2.7516291673878226
1762479856.4770432,0.0
1762479856.577043,2.521640636343319
1762479856.6770432,2.521640636343319
1762479856.877043,2.7773627950641693
1762479856.9770432,0.0
1762479857.077043,2.584962500721156
1762479857.1770432,2.75
1762479857.277043,2.0
1762479857.377043,2.7254805569978675
1762479857.4770432,2.3219280948873626
1762479857.577043,2.807354922057605
1762479857.6770432,1.584962500721156
1762479857.777043,2.807354922057605
1762479857.877043,2.807354922057605
1762479857.9770432,2.584962500721156
1762479858.077043,2.807354922057605
1762479858.1770432,2.3219280948873626
1762479858.277043,2.0
1762479858.377043,2.584962500721156
1762479858.4770432,2.0
1762479858.577043,2.7254805569978675
1762479858.6770432,0.0
1762479858.777043,2.75
1762479858.877043,2.584962500721156
1762479858.9770432,2.584962500721156
1762479859.077043,2.75
1762479859.1770432,2.584962500721156
1762479859.277043,2.75
1762479859.377043,2.3219280948873626
1762479859.4770432,2.75
1762479859.577043,2.3219280948873626
1762479859.6770432,1.584962500721156
1762479859.777043,1.584962500721156
1762479859.877043,2.0
1762479860.077043,2.5219280948873624
1762479860.1770432,0.0
1762479860.277043,2.5219280948873624
1762479860.377043,1.5
1762479860.577043,2.7773627950641693
1762479860.6770432,0.0
1762479860.777043,2.3219280948873626
1762479860.877043,2.7254805569978675
1762479860.9770432,1.0
1762479861.077043,2.7516291673878226
1762479861.277043,2.7773627950641693
1762479861.377043,0.0
1762479861.4770432,2.584962500721156
1762479861.577043,0.0
1762479861.6770432,2.0
1762479861.777043,1.5219280948873626
1762479861.877043,0.0
1762479861.9770432,2.807354922057605
1762479862.077043,2.807354922057605
1762479862.1770432,2.584962500721156
1762479862.277043,2.807354922057605
1762479862.377043,2.807354922057605
1762479862.4770432,0.0
1762479862.577043,2.807354922057605
1762479862.6770432,2.584962500721156
1762479862.777043,2.807354922057605
1762479862.877043,2.3219280948873626
1762479862.9770432,2.807354922057605
1762479863.077043,1.584962500721156
1762479863.1770432,2.807354922057605
1762479863.277043,2.807354922057605
1762479863.377043,2.807354922057605
1762479863.4770432,2.807354922057605
1762479863.577043,2.584962500721156
1762479863.6770432,2.807354922057605
1762479863.777043,2.3219280948873626
1762479863.877043,2.807354922057605
1762479863.9770432,2.584962500721156
1762479864.077043,1.5
1762479864.1770432,1.0
1762479864.277043,2.7321588913645707
1762479864.377043,0.0
1762479864.4770432,2.7321588913645707
1762479864.577043,1.584962500721156
1762479864.6770432,2.807354922057605
1762479864.777043,2.807354922057605
1762479864.9770432,2.584962500721156
1762479865.077043,2.584962500721156
1762479865.1770432,0.0
1762479865.277043,2.7516291673878226
1762479865.377043,1.0
1762479865.4770432,2.807354922057605
1762479865.577043,2.584962500721156
1762479865.6770432,2.807354922057605
1762479865.777043,0.0
1762479865.877043,2.584962500721156
1762479865.9770432,0.0
1762479866.077043,2.251629167387823
1762479866.1770432,2.521640636343319
1762479866.277043,2.0
1762479866.377043,2.0
1762479866.4770432,2.0
1762479866.577043,1.584962500721156
1762479866.777043,2.807354922057605
1762479866.9770432,2.7773627950641693
1762479867.077043,0.0
1762479867.1770432,2.5219280948873624
1762479867.277043,1.5
1762479867.377043,2.584962500721156
1762479867.4770432,2.75
1762479867.577043,2.0
1762479867.6770432,2.721928094887362
1762479867.877043,2.0
1762479867.9770432,1.584962500721156
1762479868.1770432,2.807354922057605
1762479868.377043,2.584962500721156
1762479868.4770432,0.0
1762479868.577043,2.584962500721156
1762479868.6770432,2.807354922057605
1762479868.777043,2.75
1762479868.9770432,2.7773627950641693
1762479869.077043,0.0
1762479869.1770432,2.584962500721156
1762479869.277043,0.0
1762479869.377043,2.0
1762479869.4770432,1.584962500721156
1762479869.6770432,2.807354922057605
1762479869.877043,2.75
1762479870.077043,2.3219280948873626
1762479870.1770432,1.0
1762479870.377043,2.807354922057605
1762479870.577043,2.0
1762479870.6770432,1.584962500721156
1762479870.877043,2.0
1762479870.9770432,1.584962500721156
1762479871.1770432,2.807354922057605
1762479871.377043,2.584962500721156
1762479871.4770432,0.0
1762479871.577043,2.0
1762479871.6770432,1.584962500721156
1762479871.877043,2.807354922057605
1762479872.077043,2.584962500721156
1762479872.1770432,0.0
1762479872.277043,2.584962500721156
1762479872.377043,0.0
1762479872.577043,2.807354922057605
1762479872.777043,2.584962500721156
1762479872.877043,0.0
1762479873.077043,2.0
1762479873.1770432,1.584962500721156
1762479873.377043,2.584962500721156
1762479873.4770432,0.0
1762479873.577043,2.3219280948873626
1762479873.6770432,1.0
1762479873.777043,2.0
1762479873.877043,1.584962500721156
1762479874.077043,2.807354922057605
1762479874.277043,2.584962500721156
1762479874.377043,0.0
1762479874.577043,2.807354922057605
1762479874.777043,2.584962500721156
1762479874.877043,0.0
1762479874.9770432,1.0
1762479875.077043,2.0
1762479875.1770432,0.0
1762479875.377043,2.584962500721156
1762479875.4770432,0.0
1762479875.577043,2.0
1762479875.6770432,1.584962500721156
1762479875.777043,0.0
1762479875.877043,2.584962500721156
1762479876.077043,2.807354922057605
1762479876.277043,2.584962500721156
1762479876.377043,0.0
1762479876.4770432,2.3219280948873626
1762479876.577043,1.0
1762479876.777043,2.807354922057605
1762479876.9770432,2.584962500721156
1762479877.077043,0.0
1762479877.1770432,1.0
1762479877.277043,2.0
1762479877.377043,0.0
1762479877.577043,1.0
1762479877.6770432,2.3219280948873626
1762479877.877043,2.807354922057605
1762479878.077043,2.807354922057605
1762479878.277043,2.584962500721156
1762479878.377043,0.0
1762479878.577043,2.807354922057605
1762479878.777043,2.584962500721156
1762479878.877043,0.0
1762479879.077043,2.584962500721156
1762479879.1770432,0.0
1762479879.277043,2.3219280948873626
1762479879.377043,1.0
1762479879.4770432,2.0
1762479879.577043,1.584962500721156
1762479879.777043,2.0
1762479879.877043,1.584962500721156
1762479880.077043,2.807354922057605
1762479880.277043,2.584962500721156
1762479880.377043,0.0
1762479880.4770432,2.584962500721156
1762479880.577043,0.0
1762479880.6770432,2.0
1762479880.777043,1.584962500721156
1762479880.9770432,2.807354922057605
1762479881.1770432,2.584962500721156
1762479881.277043,0.0
1762479885.877043,2.807354922057605
1762479886.077043,1.0
1762479890.777043,1.584962500721156
1762479890.877043,2.0
1762479891.077043,0.0
1762479895.877043,2.584962500721156
1762479896.1770432,2.807354922057605
1762479896.377043,2.584962500721156
1762479896.4770432,0.0
1762479896.577043,2.584962500721156
1762479896.6770432,0.0
1762479896.777043,2.584962500721156
1762479896.877043,0.0
1762479896.9770432,2.584962500721156
1762479897.077043,0.0
1762479897.1770432,1.584962500721156
1762479897.277043,2.0
1762479897.4770432,2.807354922057605
1762479897.6770432,2.584962500721156
1762479897.777043,0.0
1762479897.877043,2.584962500721156
1762479897.9770432,0.0
1762479898.077043,0.0
1762479898.1770432,2.3219280948873626
1762479898.277043,0.0
1762479898.4770432,2.584962500721156
1762479898.577043,0.0
1762479898.6770432,2.584962500721156
1762479898.777043,0.0
1762479898.877043,2.0
1762479898.9770432,1.584962500721156
1762479899.077043,1.584962500721156
1762479899.1770432,2.0
1762479899.377043,2.584962500721156
1762479899.4770432,0.0
1762479899.577043,2.584962500721156
1762479899.6770432,0.0
1762479899.877043,2.807354922057605
1762479900.077043,2.584962500721156
1762479900.1770432,0.0
1762479900.277043,1.584962500721156
1762479900.377043,1.584962500721156
1762479900.4770432,0.0
1762479900.577043,2.0
1762479900.6770432,1.584962500721156
1762479900.877043,2.807354922057605
1762479901.077043,2.584962500721156
1762479901.1770432,0.0
1762479901.277043,2.0
1762479901.377043,1.584962500721156
1762479901.577043,2.584962500721156
1762479901.6770432,0.0
1762479901.777043,2.584962500721156
1762479901.877043,0.0
1762479901.9770432,2.0
1762479902.077043,1.584962500721156
1762479902.277043,2.584962500721156
1762479902.377043,0.0
1762479902.4770432,2.584962500721156
1762479902.577043,0.0
1762479902.777043,2.3219280948873626
1762479902.877043,1.0
1762479902.9770432,0.0
1762479903.077043,2.584962500721156
1762479903.277043,2.584962500721156
1762479903.377043,0.0
1762479903.4770432,2.0
1762479903.577043,1.584962500721156
1762479903.777043,2.584962500721156
1762479903.877043,0.0
1762479903.9770432,2.584962500721156
1762479904.077043,0.0
1762479904.277043,2.807354922057605
1762479904.4770432,2.584962500721156
1762479904.577043,0.0
1762479904.6770432,2.0
1762479904.777043,1.584962500721156
1762479904.9770432,2.0
1762479905.077043,1.584962500721156
1762479905.277043,2.584962500721156
1762479905.377043,1.0
1762479905.4770432,2.584962500721156
1762479905.577043,2.584962500721156
1762479905.6770432,2.584962500721156
1762479905.777043,2.0
1762479905.877043,2.807354922057605
1762479905.9770432,2.584962500721156
1762479906.077043,1.0
1762479906.1770432,2.5503407095463886
1762479906.277043,0.0
1762479906.377043,2.2810361125534238
1762479906.4770432,1.5219280948873626
1762479906.6770432,2.7773627950641693
1762479906.777043,0.0
1762479906.877043,2.584962500721156
1762479906.9770432,0.0
1762479907.077043,2.0
1762479907.1770432,2.7254805569978675
1762479907.277043,0.0
1762479907.377043,2.584962500721156
1762479907.4770432,2.75
1762479907.577043,2.3219280948873626
1762479907.6770432,2.584962500721156
1762479907.777043,1.584962500721156
1762479907.877043,2.807354922057605
1762479907.9770432,2.807354922057605
1762479908.077043,2.584962500721156
1762479908.1770432,2.807354922057605
1762479908.277043,2.807354922057605
1762479908.377043,2.807354922057605
1762479908.4770432,2.3219280948873626
1762479908.577043,1.584962500721156
1762479908.6770432,2.807354922057605
1762479908.777043,2.807354922057605
1762479908.877043,2.584962500721156
1762479908.9770432,2.807354922057605
1762479909.077043,2.807354922057605
1762479909.1770432,0.0
1762479909.277043,2.584962500721156
1762479909.377043,2.807354922057605
1762479909.4770432,2.0
1762479909.577043,2.75
1762479909.6770432,1.584962500721156
1762479909.777043,2.584962500721156
1762479909.877043,2.807354922057605
1762479909.9770432,0.0
1762479910.077043,2.584962500721156
1762479910.1770432,0.0
1762479910.277043,2.75
1762479910.377043,2.584962500721156
1762479910.4770432,2.807354922057605
1762479910.577043,2.584962500721156
1762479910.6770432,2.807354922057605
1762479910.777043,2.807354922057605
1762479910.877043,2.3219280948873626
1762479910.9770432,1.584962500721156
1762479911.077043,2.807354922057605
1762479911.1770432,2.584962500721156
1762479911.277043,2.75
1762479911.4770432,2.5
1762479911.577043,2.3219280948873626
1762479911.6770432,2.3219280948873626
1762479911.777043,2.807354922057605
1762479911.877043,1.584962500721156
1762479911.9770432,2.807354922057605
1762479912.077043,2.807354922057605
1762479912.1770432,2.584962500721156
1762479912.277043,2.807354922057605
1762479912.377043,2.807354922057605
1762479912.4770432,2.3219280948873626
1762479912.577043,2.807354922057605
1762479912.6770432,1.584962500721156
1762479912.777043,2.807354922057605
1762479912.877043,2.584962500721156
1762479912.9770432,2.807354922057605
1762479913.077043,2.3219280948873626
1762479913.1770432,2.807354922057605
1762479913.277043,1.584962500721156
1762479913.377043,2.5219280948873624
1762479913.4770432,1.5
1762479913.6770432,2.7773627950641693
1762479913.777043,0.0
1762479913.9770432,2.584962500721156
1762479914.077043,0.0
1762479914.1770432,2.584962500721156
1762479914.277043,2.807354922057605
1762479914.377043,2.3219280948873626
1762479914.4770432,2.807354922057605
1762479914.577043,1.584962500721156
1762479914.6770432,2.807354922057605
1762479914.777043,2.584962500721156
1762479914.877043,2.807354922057605
1762479914.9770432,2.0
1762479915.077043,1.584962500721156
1762479915.1770432,0.0
1762479915.277043,2.807354922057605
1762479915.377043,2.584962500721156
1762479915.4770432,2.807354922057605
1762479915.577043,2.3219280948873626
1762479915.6770432,2.0
1762479915.777043,2.584962500721156
1762479915.877043,1.0
1762479915.9770432,2.7321588913645707
1762479916.077043,0.0
1762479916.1770432,2.584962500721156
1762479916.277043,2.75
1762479916.377043,2.0
1762479916.4770432,2.7254805569978675
1762479916.577043,0.0
1762479916.6770432,2.807354922057605
1762479916.777043,0.0
1762479916.877043,2.7516291673878226
1762479916.9770432,0.0
1762479917.077043,1.950212064914747
1762479917.1770432,1.950212064914747
1762479917.377043,2.807354922057605
1762479917.577043,2.5219280948873624
1762479917.6770432,1.5
1762479917.877043,2.807354922057605
1762479918.077043,2.584962500721156
1762479918.1770432,2.75
1762479918.377043,2.584962500721156
1762479918.4770432,0.0
1762479918.577043,2.0
1762479918.6770432,2.721928094887362
1762479918.877043,2.584962500721156
1762479918.9770432,2.807354922057605
1762479919.077043,2.3219280948873626
1762479919.1770432,2.584962500721156
1762479919.277043,2.0
1762479919.377043,2.807354922057605
1762479919.4770432,2.584962500721156
1762479919.577043,2.807354922057605
1762479919.6770432,2.807354922057605
1762479919.777043,0.0
1762479919.877043,2.807354922057605
1762479919.9770432,2.584962500721156
1762479920.077043,0.0
1762479920.1770432,2.0
1762479920.277043,1.584962500721156
1762479920.377043,2.584962500721156
1762479920.4770432,2.807354922057605
1762479920.577043,1.584962500721156
1762479920.6770432,2.7254805569978675
1762479920.777043,1.584962500721156
1762479920.877043,2.584962500721156
1762479920.9770432,2.0
1762479921.077043,2.521640636343319
1762479921.1770432,1.5
1762479921.277043,1.584962500721156
1762479921.377043,2.721928094887362
1762479921.4770432,0.0
1762479921.577043,2.5503407095463886
1762479921.6770432,0.9182958340544894
1762479921.777043,2.584962500721156
1762479921.877043,2.75
1762479922.077043,2.7773627950641693
1762479922.1770432,0.0
1762479922.277043,1.9182958340544896
1762479922.377043,2.25
1762479922.577043,2.721928094887362
1762479922.6770432,2.0
1762479922.777043,2.0
1762479922.877043,2.7254805569978675
1762479922.9770432,0.0
1762479923.077043,2.5219280948873624
1762479923.1770432,1.5
1762479923.377043,2.7516291673878226
1762479923.4770432,1.0
1762479923.577043,2.584962500721156
1762479923.6770432,2.75
1762479923.877043,2.7773627950641693
1762479923.9770432,0.0
1762479924.077043,2.5219280948873624
1762479924.1770432,1.5
1762479924.277043,2.0
1762479924.377043,2.7254805569978675
1762479924.4770432,0.0
1762479924.577043,2.7321588913645707
1762479924.6770432,1.584962500721156
1762479924.777043,2.807354922057605
1762479924.877043,2.584962500721156
1762479924.9770432,0.0
1762479925.077043,1.584962500721156
1762479925.1770432,2.0
1762479925.277043,2.3219280948873626
1762479925.377043,2.584962500721156
1762479925.4770432,1.584962500721156
1762479925.577043,2.584962500721156
1762479925.6770432,2.807354922057605
1762479925.777043,2.3219280948873626
1762479925.877043,2.807354922057605
1762479925.9770432,1.584962500721156
1762479926.077043,2.807354922057605
1762479926.1770432,2.584962500721156
1762479926.277043,2.807354922057605
1762479926.377043,2.584962500721156
1762479926.4770432,2.584962500721156
1762479926.577043,1.584962500721156
1762479926.6770432,2.584962500721156
1762479926.777043,2.75
1762479926.877043,2.584962500721156
1762479926.9770432,2.807354922057605
1762479927.077043,0.0
1762479927.1770432,2.7773627950641693
1762479927.277043,0.0
1762479927.377043,2.584962500721156
1762479927.4770432,2.3219280948873626
1762479927.577043,1.584962500721156
1762479927.6770432,2.584962500721156
1762479927.777043,2.807354922057605
1762479927.877043,1.584962500721156
1762479927.9770432,2.7254805569978675
1762479928.077043,1.584962500721156
1762479928.1770432,2.584962500721156
1762479928.277043,2.75
1762479928.377043,2.0
1762479928.4770432,2.7254805569978675
1762479928.577043,0.0
1762479928.6770432,2.7773627950641693
1762479928.777043,0.0
1762479928.877043,2.5503407095463886
1762479928.9770432,0.9182958340544894
1762479929.1770432,2.807354922057605
1762479929.377043,2.5503407095463886
1762479929.4770432,0.9182958340544894
1762479929.6770432,2.7773627950641693
1762479929.777043,0.0
1762479929.877043,1.9182958340544896
1762479929.9770432,2.2359263506290334
1762479930.1770432,2.584962500721156
1762479930.277043,0.0
1762479930.377043,2.5219280948873624
1762479930.4770432,1.5
1762479930.577043,2.0
1762479930.6770432,2.721928094887362
1762479930.877043,2.584962500721156
1762479930.9770432,0.0
1762479931.077043,2.584962500721156
1762479931.1770432,0.0
1762479931.277043,2.0
1762479931.377043,2.75
1762479931.577043,2.807354922057605
1762479931.777043,1.0
1762479931.877043,2.3219280948873626
1762479932.077043,2.0
1762479932.1770432,1.584962500721156
1762479932.377043,2.807354922057605
1762479932.577043,2.584962500721156
1762479932.6770432,0.0
1762479932.777043,2.0
1762479932.877043,1.584962500721156
1762479933.077043,2.807354922057605
1762479933.277043,2.807354922057605
1762479933.4770432,2.584962500721156
1762479933.577043,0.0
1762479933.777043,2.807354922057605
1762479933.9770432,1.584962500721156
1762479934.077043,1.584962500721156
1762479934.1770432,0.0
1762479934.377043,2.807354922057605
1762479934.577043,2.0
1762479934.6770432,1.584962500721156
1762479934.877043,2.807354922057605
1762479935.377043,2.807354922057605
1762479935.577043,2.584962500721156
1762479935.6770432,0.0
1762479935.877043,2.807354922057605
1762479935.9770432,2.584962500721156
1762479936.077043,0.0
1762479936.1770432,2.584962500721156
1762479936.277043,0.0
1762479936.4770432,2.584962500721156
1762479936.577043,0.0
1762479936.777043,2.807354922057605
1762479936.9770432,2.3219280948873626
1762479937.077043,1.0
1762479937.277043,2.807354922057605
1762479937.4770432,2.584962500721156
1762479937.577043,0.0
1762479937.777043,2.807354922057605
1762479937.9770432,2.584962500721156
1762479938.077043,0.0
1762479938.277043,2.584962500721156
1762479938.377043,0.0
1762479938.4770432,2.0
1762479938.577043,1.584962500721156
1762479938.777043,2.584962500721156
1762479938.877043,0.0
1762479938.9770432,2.0
1762479939.077043,1.584962500721156
1762479939.277043,2.0
1762479939.377043,1.584962500721156
1762479939.577043,2.584962500721156
1762479939.6770432,0.0
1762479939.877043,2.584962500721156
1762479939.9770432,0.0
1762479940.377043,2.584962500721156
1762479940.4770432,0.0
1762479940.6770432,2.807354922057605
1762479940.877043,2.0
1762479940.9770432,1.5
1762479941.077043,2.3219280948873626
1762479941.1770432,2.521640636343319
1762479941.277043,0.0
1762479941.377043,2.0
1762479941.4770432,1.584962500721156
1762479941.6770432,2.807354922057605
1762479941.877043,2.584962500721156
1762479941.9770432,0.0
1762479942.077043,0.0
1762479942.1770432,2.584962500721156
1762479942.4770432,2.584962500721156
1762479942.577043,0.0
1762479942.777043,2.807354922057605
1762479942.9770432,2.0
1762479943.077043,1.584962500721156
1762479943.277043,2.584962500721156
1762479943.377043,0.0
1762479943.4770432,2.584962500721156
1762479943.577043,0.0
1762479943.6770432,2.0
1762479943.777043,1.584962500721156
1762479943.9770432,2.584962500721156
1762479944.077043,0.0
1762479944.277043,2.807354922057605
1762479944.577043,2.584962500721156
1762479944.6770432,0.0
1762479944.877043,2.807354922057605
1762479945.377043,2.584962500721156
1762479945.4770432,0.0
1762479945.577043,2.0
1762479945.6770432,1.584962500721156
1762479945.877043,2.807354922057605
1762479946.077043,2.584962500721156
1762479946.1770432,0.0
1762479946.277043,2.0
1762479946.377043,1.584962500721156
1762479946.577043,2.584962500721156
1762479946.6770432,0.0
1762479946.777043,2.0
1762479946.877043,1.584962500721156
1762479947.077043,2.3219280948873626
1762479947.1770432,1.0
1762479947.377043,2.0
1762479947.4770432,1.584962500721156
1762479947.577043,1.0
1762479947.6770432,2.3219280948873626
1762479947.877043,2.584962500721156
1762479947.9770432,0.0
1762479948.077043,2.0
1762479948.1770432,1.584962500721156
1762479948.377043,2.807354922057605
1762479948.577043,2.0
1762479948.6770432,1.584962500721156
1762479948.877043,2.807354922057605
1762479949.077043,2.0
1762479949.1770432,1.584962500721156
1762479949.377043,2.807354922057605
1762479949.577043,2.584962500721156
1762479949.6770432,0.0
1762479949.777043,2.0
1762479949.877043,1.584962500721156
1762479950.377043,2.0
1762479950.4770432,1.584962500721156
1762479950.6770432,2.584962500721156
1762479950.777043,0.0
1762479950.877043,2.0
1762479950.9770432,2.721928094887362
1762479951.1770432,2.584962500721156
1762479951.277043,0.0
1762479951.377043,2.3219280948873626
1762479951.4770432,1.0
1762479951.577043,0.0
1762479951.6770432,2.584962500721156
1762479951.877043,2.584962500721156
1762479951.9770432,0.0
1762479952.077043,2.584962500721156
1762479952.1770432,0.0
1762479952.377043,2.584962500721156
1762479952.4770432,0.0
1762479952.6770432,2.584962500721156
1762479952.777043,0.0
1762479952.877043,2.0
1762479952.9770432,1.584962500721156
1762479953.1770432,2.807354922057605
1762479953.377043,2.584962500721156
1762479953.4770432,0.0
1762479953.6770432,2.807354922057605
1762479953.877043,2.807354922057605
1762479954.077043,2.584962500721156
1762479954.1770432,0.0
1762479954.277043,2.0
1762479954.377043,1.584962500721156
1762479954.577043,2.0
1762479954.6770432,1.584962500721156
1762479954.877043,2.584962500721156
1762479954.9770432,0.0
1762479955.377043,2.807354922057605
1762479955.577043,2.584962500721156
1762479955.6770432,0.0
1762479955.777043,2.0
1762479955.877043,1.584962500721156
1762479955.9770432,2.3219280948873626
1762479956.077043,1.584962500721156
1762479956.1770432,2.584962500721156
1762479956.277043,2.584962500721156
1762479956.377043,0.0
1762479956.4770432,2.584962500721156
1762479956.577043,0.0
1762479956.777043,2.0
1762479956.877043,1.584962500721156
1762479957.077043,2.584962500721156
1762479957.1770432,0.0
1762479957.277043,0.0
1762479957.377043,2.584962500721156
1762479957.577043,2.584962500721156
1762479957.6770432,0.0
1762479957.777043,2.0
1762479957.877043,1.584962500721156
1762479957.9770432,0.0
1762479958.077043,2.584962500721156
1762479958.277043,2.584962500721156
1762479958.377043,0.0
1762479958.4770432,2.0
1762479958.577043,1.584962500721156
1762479958.777043,2.807354922057605
1762479959.077043,2.584962500721156
1762479959.1770432,0.0
1762479959.277043,2.0
1762479959.377043,1.584962500721156
1762479959.577043,2.807354922057605
1762479959.777043,2.584962500721156
1762479959.877043,0.0
1762479959.9770432,2.584962500721156
1762479960.4770432,2.807354922057605
1762479960.6770432,2.584962500721156
1762479960.777043,0.0
1762479960.877043,2.0
1762479960.9770432,1.584962500721156
1762479961.077043,2.584962500721156
1762479961.1770432,2.3219280948873626
1762479961.277043,1.584962500721156
1762479961.4770432,2.584962500721156
1762479961.577043,0.0
1762479961.6770432,2.0
1762479961.777043,1.584962500721156
1762479961.9770432,2.807354922057605
1762479962.1770432,2.807354922057605
1762479962.377043,2.584962500721156
1762479962.4770432,0.0
1762479962.577043,2.0
1762479962.6770432,1.584962500721156
1762479962.877043,2.807354922057605
1762479963.077043,2.584962500721156
1762479963.1770432,0.0
1762479963.277043,2.3219280948873626
1762479963.377043,0.0
1762479963.4770432,0.0
1762479963.6770432,2.584962500721156
1762479963.777043,0.0
1762479963.877043,2.0
1762479963.9770432,1.584962500721156
1762479964.1770432,2.807354922057605
1762479964.377043,2.807354922057605
1762479964.577043,2.584962500721156
1762479964.6770432,0.0
1762479964.777043,2.584962500721156
1762479964.877043,0.0
1762479964.9770432,2.0
1762479965.077043,1.0
1762479965.377043,0.0
1762479965.4770432,2.584962500721156
1762479965.577043,0.0
1762479965.777043,0.0
1762479965.877043,2.584962500721156
1762479966.077043,2.584962500721156
1762479966.1770432,0.0
1762479966.277043,2.584962500721156
1762479966.377043,0.0
1762479966.4770432,2.584962500721156
1762479966.577043,0.0
1762479966.6770432,2.584962500721156
1762479966.777043,0.0
1762479966.877043,0.0
1762479966.9770432,2.584962500721156
1762479967.1770432,2.807354922057605
1762479967.377043,2.584962500721156
1762479967.4770432,0.0
1762479967.577043,2.584962500721156
1762479967.6770432,0.0
1762479967.777043,1.0
1762479967.877043,2.0
1762479967.9770432,0.0
1762479968.1770432,2.807354922057605
1762479968.377043,2.807354922057605
1762479968.577043,2.584962500721156
1762479968.6770432,0.0
1762479968.777043,2.584962500721156
1762479968.877043,0.0
1762479968.9770432,2.0
1762479969.077043,1.584962500721156
1762479969.277043,2.807354922057605
1762479969.4770432,2.584962500721156
1762479969.577043,0.0
1762479969.6770432,2.0
1762479969.777043,1.584962500721156
1762479969.877043,0.0
1762479969.9770432,2.584962500721156
1762479970.4770432,2.584962500721156
1762479970.577043,0.0
1762479970.6770432,2.3219280948873626
1762479970.777043,1.0
1762479970.9770432,2.807354922057605
1762479971.077043,2.584962500721156
1762479971.1770432,2.807354922057605
1762479971.277043,0.0
1762479971.377043,2.0
1762479971.4770432,1.584962500721156
1762479971.6770432,2.584962500721156
1762479971.777043,0.0
1762479971.877043,2.0
1762479971.9770432,1.584962500721156
1762479972.1770432,2.807354922057605
1762479972.4770432,2.584962500721156
1762479972.577043,0.0
1762479972.6770432,2.3219280948873626
1762479972.777043,1.0
1762479972.9770432,2.584962500721156
1762479973.077043,0.0
1762479973.277043,2.807354922057605
1762479973.577043,2.807354922057605
1762479973.777043,2.584962500721156
1762479973.877043,0.0
1762479974.077043,2.807354922057605
1762479974.277043,2.584962500721156
1762479974.377043,0.0
1762479974.4770432,0.0
1762479974.577043,2.3219280948873626
1762479974.6770432,0.0
1762479974.877043,2.807354922057605
1762479975.077043,1.0
1762479975.377043,1.584962500721156
1762479975.577043,2.0
1762479975.6770432,1.584962500721156
1762479975.877043,2.584962500721156
1762479975.9770432,2.0
1762479976.077043,2.503258334775646
1762479976.1770432,0.0
1762479976.377043,2.807354922057605
1762479976.577043,2.584962500721156
1762479976.6770432,0.0
1762479976.877043,2.584962500721156
1762479976.9770432,0.0
1762479977.077043,2.0
1762479977.1770432,1.584962500721156
1762479977.377043,2.807354922057605
1762479977.577043,2.584962500721156
1762479977.6770432,0.0
1762479977.877043,2.807354922057605
1762479978.077043,2.584962500721156
1762479978.1770432,0.0
1762479978.377043,2.807354922057605
1762479978.577043,2.807354922057605
1762479978.777043,2.584962500721156
1762479978.877043,0.0
1762479978.9770432,2.584962500721156
1762479979.077043,0.0
1762479979.377043,2.584962500721156
1762479979.4770432,0.0
1762479979.577043,2.3219280948873626
1762479979.6770432,1.0
1762479979.877043,2.807354922057605
1762479980.077043,2.0
1762479980.377043,1.584962500721156
1762479980.577043,2.807354922057605
1762479980.777043,2.584962500721156
1762479980.877043,0.0
1762479980.9770432,2.3219280948873626
1762479981.077043,2.584962500721156
1762479981.1770432,2.3219280948873626
1762479981.277043,2.3219280948873626
1762479981.4770432,2.584962500721156
1762479981.577043,0.0
1762479981.6770432,2.0
1762479981.777043,1.584962500721156
1762479981.9770432,2.3219280948873626
1762479982.077043,1.0
1762479982.277043,2.584962500721156
1762479982.377043,0.0
1762479982.4770432,1.584962500721156
1762479982.577043,2.0
1762479982.777043,2.807354922057605
1762479982.9770432,2.807354922057605
1762479983.1770432,2.584962500721156
1762479983.277043,0.0
1762479983.377043,2.3219280948873626
1762479983.4770432,1.0
1762479983.6770432,2.807354922057605
1762479983.877043,2.584962500721156
1762479983.9770432,0.0
1762479984.077043,2.0
1762479984.1770432,1.0
1762479984.277043,0.0
1762479984.377043,1.0
1762479984.4770432,2.3219280948873626
1762479984.6770432,2.584962500721156
1762479984.777043,0.0
1762479984.877043,2.584962500721156
1762479984.9770432,0.0
1762479985.077043,2.584962500721156
1762479985.377043,0.0
1762479985.577043,2.807354922057605
1762479985.777043,2.584962500721156
1762479985.877043,0.0
1762479985.9770432,2.0
1762479986.077043,1.5
1762479986.1770432,2.584962500721156
1762479986.277043,2.807354922057605
1762479986.377043,0.0
1762479986.577043,2.584962500721156
1762479986.6770432,0.0
1762479986.877043,2.807354922057605
1762479987.077043,2.584962500721156
1762479987.1770432,0.0
1762479987.277043,2.584962500721156
1762479987.377043,0.0
1762479987.577043,2.807354922057605
1762479987.777043,2.584962500721156
1762479987.877043,0.0
1762479987.9770432,2.0
1762479988.077043,1.584962500721156
1762479988.277043,2.584962500721156
1762479988.377043,0.0
1762479988.4770432,2.584962500721156
1762479988.577043,0.0
1762479988.777043,2.0
1762479988.877043,1.584962500721156
1762479989.077043,2.584962500721156
1762479989.1770432,0.0
1762479989.277043,2.584962500721156
1762479989.377043,0.0
1762479989.4770432,2.0
1762479989.577043,1.584962500721156
1762479989.777043,2.584962500721156
1762479989.877043,0.0
1762479989.9770432,2.0
1762479990.077043,1.584962500721156
1762479990.4770432,2.0
1762479990.577043,1.584962500721156
1762479990.777043,2.584962500721156
1762479990.877043,0.0
1762479991.077043,2.3219280948873626
1762479991.1770432,1.584962500721156
1762479991.277043,2.584962500721156
1762479991.377043,2.584962500721156
1762479991.4770432,0.0
1762479991.6770432,2.807354922057605
1762479991.877043,2.584962500721156
1762479991.9770432,0.0
1762479992.1770432,2.584962500721156
1762479992.277043,0.0
1762479992.377043,2.0
1762479992.4770432,1.584962500721156
1762479992.6770432,2.584962500721156
1762479992.777043,0.0
1762479992.877043,0.0
1762479992.9770432,2.584962500721156
1762479993.1770432,0.0
1762479993.277043,2.584962500721156
1762479993.4770432,2.0
1762479993.577043,1.584962500721156
1762479993.777043,2.584962500721156
1762479993.877043,0.0
1762479993.9770432,0.0
1762479994.077043,2.584962500721156
1762479994.277043,2.584962500721156
1762479994.377043,0.0
1762479994.577043,2.807354922057605
1762479994.777043,2.0
1762479994.877043,1.584962500721156
1762479995.077043,2.584962500721156
1762479995.4770432,0.0
1762479995.6770432,2.807354922057605
1762479995.877043,2.0
1762479995.9770432,1.584962500721156
1762479996.1770432,2.5219280948873624
1762479996.277043,1.5
1762479996.377043,0.0
1762479996.4770432,2.584962500721156
1762479996.6770432,2.584962500721156
1762479996.777043,0.0
1762479996.9770432,2.584962500721156
1762479997.077043,0.0
1762479997.1770432,2.0
1762479997.277043,1.584962500721156
1762479997.4770432,2.3219280948873626
1762479997.577043,1.0
1762479997.777043,2.0
1762479997.877043,1.584962500721156
1762479998.077043,2.584962500721156
1762479998.1770432,0.0
1762479998.377043,2.584962500721156
1762479998.4770432,0.0
1762479998.577043,2.0
1762479998.6770432,1.584962500721156
1762479998.877043,2.3219280948873626
1762479998.9770432,1.0
1762479999.1770432,2.584962500721156
1762479999.277043,0.0
1762479999.377043,2.584962500721156
1762479999.4770432,0.0
1762479999.577043,1.0
1762479999.6770432,2.3219280948873626
1762479999.9770432,2.584962500721156
1762480000.077043,0.0
1762480001.077043,2.0
1762480001.1770432,0.0
1762480001.277043,2.0
1762480006.077043,1.0
1762480006.1770432,0.0
1762480006.277043,2.0
1762480011.077043,0.0
1762480011.277043,2.584962500721156
1762480015.6770432,2.584962500721156
1762480015.777043,0.0
1762480015.877043,2.0
1762480015.9770432,1.584962500721156
1762480016.077043,1.0
1762480016.1770432,2.584962500721156
1762480016.277043,2.584962500721156
1762480016.377043,2.3219280948873626
1762480016.4770432,0.0
1762480016.577043,0.0
1762480016.777043,2.807354922057605
1762480016.9770432,2.584962500721156
1762480017.077043,0.0
1762480017.277043,2.807354922057605
1762480017.4770432,2.584962500721156
1762480017.577043,0.0
1762480017.6770432,2.0
1762480017.777043,1.584962500721156
1762480017.9770432,2.807354922057605
1762480018.1770432,2.807354922057605
1762480018.377043,2.584962500721156
1762480018.4770432,0.0
1762480018.6770432,2.0
1762480018.777043,1.584962500721156
1762480018.9770432,2.584962500721156
1762480019.077043,0.0
1762480019.1770432,2.0
1762480019.277043,1.584962500721156
1762480019.4770432,2.584962500721156
1762480019.577043,0.0
1762480019.6770432,2.584962500721156
1762480019.777043,0.0
1762480019.877043,2.0
1762480019.9770432,1.584962500721156
1762480020.077043,2.0
1762480020.1770432,1.0
1762480020.4770432,0.0
1762480020.577043,2.3219280948873626
1762480020.6770432,1.0
1762480020.877043,2.3219280948873626
1762480020.9770432,1.0
1762480021.077043,0.0
1762480021.1770432,2.584962500721156
1762480021.277043,2.3219280948873626
1762480021.377043,1.0
1762480021.4770432,2.807354922057605
1762480021.6770432,2.584962500721156
1762480021.777043,0.0
1762480026.1770432,1.584962500721156
1762480026.277043,2.0
1762480026.4770432,2.0
1762480026.577043,1.584962500721156
1762480026.777043,2.0
1762480026.877043,1.584962500721156
1762480027.077043,2.584962500721156
1762480027.1770432,0.0
1762480027.377043,2.584962500721156
1762480027.4770432,0.0
1762480027.577043,2.3219280948873626
1762480027.6770432,1.0
1762480027.877043,2.584962500721156
1762480027.9770432,0.0
1762480028.1770432,2.584962500721156
1762480028.277043,0.0
1762480028.4770432,2.584962500721156
1762480028.577043,0.0
1762480028.777043,2.0
1762480028.877043,1.584962500721156
1762480029.077043,2.584962500721156
1762480029.1770432,0.0
1762480029.377043,2.807354922057605
1762480029.577043,2.584962500721156
1762480029.6770432,0.0
1762480029.877043,2.584962500721156
1762480029.9770432,0.0
1762480030.1770432,2.584962500721156
1762480030.277043,0.0
1762480030.4770432,2.807354922057605
1762480030.6770432,2.0
1762480030.777043,1.584962500721156
1762480030.9770432,2.584962500721156
1762480031.077043,0.0
1762480031.277043,2.584962500721156
1762480031.4770432,0.0
1762480031.577043,1.584962500721156
1762480031.6770432,2.0
1762480031.877043,2.584962500721156
1762480031.9770432,0.0
1762480032.1770432,2.807354922057605
1762480032.377043,2.0
1762480032.4770432,1.584962500721156
1762480032.6770432,2.584962500721156
1762480032.777043,0.0
1762480032.877043,1.0
1762480032.9770432,2.3219280948873626
1762480033.1770432,2.0
1762480033.277043,1.584962500721156
1762480033.4770432,1.584962500721156
1762480033.577043,1.584962500721156
1762480033.6770432,0.0
1762480033.877043,2.584962500721156
1762480033.9770432,0.0
1762480034.1770432,2.584962500721156
1762480034.277043,0.0
1762480034.377043,2.0
1762480034.4770432,1.584962500721156
1762480034.6770432,2.584962500721156
1762480034.777043,0.0
1762480034.9770432,2.807354922057605
1762480035.1770432,1.584962500721156
1762480035.277043,2.0
1762480035.4770432,2.584962500721156
1762480035.577043,0.0
1762480035.777043,1.584962500721156
1762480035.877043,1.584962500721156
1762480035.9770432,0.0
1762480036.1770432,2.584962500721156
1762480036.277043,0.0
1762480036.4770432,2.0
1762480036.577043,1.584962500721156
1762480036.777043,0.0
1762480036.877043,2.0
1762480036.9770432,0.0
1762480037.077043,0.0
1762480037.277043,2.3219280948873626
1762480037.377043,1.0
1762480037.577043,2.0
1762480037.6770432,1.584962500721156
1762480037.877043,2.0
1762480037.9770432,1.0
1762480038.077043,0.0
1762480038.277043,1.0
1762480038.377043,2.3219280948873626
1762480038.6770432,2.584962500721156
1762480038.777043,0.0
1762480038.9770432,2.584962500721156
1762480039.077043,0.0
1762480039.277043,2.584962500721156
1762480039.377043,0.0
1762480039.577043,2.0
1762480039.6770432,1.584962500721156
1762480039.877043,2.0
1762480039.9770432,1.584962500721156
1762480040.1770432,0.0
1762480040.277043,2.3219280948873626
1762480040.4770432,0.0
1762480040.6770432,2.584962500721156
1762480040.777043,0.0
1762480040.9770432,0.0
1762480041.077043,2.584962500721156
1762480041.377043,2.807354922057605
1762480046.1770432,0.0
1762480046.377043,2.584962500721156
