2023-10-16 11:49:36 [INFO] Connection: Connection closed
2023-10-16 11:50:01 [INFO] UdsClient: ReadDataByIdentifier<0x22> - Reading data identifier : 0xf190 (VINDataIdentifier)
2023-10-16 11:50:01 [DEBUG] Connection: Sending 3 bytes : [b'22f190']
2023-10-16 11:50:01 [WARNING] UdsClient: ReadDataByIdentifier service execution returned a negative response RequestOutOfRange (0x31)
2023-10-16 11:50:01 [INFO] Connection: Connection closed
2023-10-16 11:55:46 [INFO] UdsClient: ReadDataByIdentifier<0x22> - Reading data identifier : 0xf190 (VINDataIdentifier)
2023-10-16 11:55:46 [DEBUG] Connection: Sending 3 bytes : [b'22f190']
2023-10-16 11:55:46 [ERROR] UdsClient: [TypeError] : object of type 'NoneType' has no len()
2023-10-16 11:55:46 [INFO] Connection: Connection closed
2023-10-16 11:56:16 [INFO] UdsClient: ReadDataByIdentifier<0x22> - Reading data identifier : 0xf190 (VINDataIdentifier)
2023-10-16 11:56:16 [DEBUG] Connection: Sending 3 bytes : [b'22f190']
2023-10-16 11:56:16 [WARNING] UdsClient: ReadDataByIdentifier service execution returned a negative response RequestOutOfRange (0x31)
2023-10-16 11:56:16 [INFO] Connection: Connection closed
2023-10-16 14:52:05 [INFO] UdsClient: ReadDataByIdentifier<0x22> - Reading data identifier : 0xf190 (VINDataIdentifier)
2023-10-16 14:52:05 [DEBUG] Connection: Sending 3 bytes : [b'22f190']
2023-10-16 14:52:05 [INFO] UdsClient: Received positive response for service ReadDataByIdentifier (0x22) from server.
2023-10-16 14:52:05 [INFO] Connection: Connection closed
2023-10-16 14:52:21 [INFO] UdsClient: ReadDataByIdentifier<0x22> - Reading data identifier : 0xf190 (VINDataIdentifier)
2023-10-16 14:52:21 [DEBUG] Connection: Sending 3 bytes : [b'22f190']
2023-10-16 14:52:21 [INFO] UdsClient: Received positive response for service ReadDataByIdentifier (0x22) from server.
2023-10-16 14:52:21 [INFO] Connection: Connection closed
2023-10-16 14:55:38 [INFO] UdsClient: ReadDataByIdentifier<0x22> - Reading data identifier : 0xf190 (VINDataIdentifier)
2023-10-16 14:55:38 [DEBUG] Connection: Sending 3 bytes : [b'22f190']
2023-10-16 14:55:38 [INFO] UdsClient: Received positive response for service ReadDataByIdentifier (0x22) from server.
2023-10-16 14:55:38 [INFO] Connection: Connection closed
2023-10-16 14:57:01 [ERROR] UdsClient: [ConfigError] : Actual data identifier configuration contains no definition for data identifier 0xf200
2023-10-16 14:57:01 [INFO] Connection: Connection closed
2023-10-16 15:00:32 [ERROR] UdsClient: [ConfigError] : Actual data identifier configuration contains no definition for data identifier 0xf200
2023-10-16 15:00:32 [INFO] Connection: Connection closed
2023-10-16 15:00:53 [ERROR] UdsClient: [ConfigError] : Actual data identifier configuration contains no definition for data identifier 0xf186
2023-10-16 15:00:53 [INFO] Connection: Connection closed
2023-10-16 15:09:35 [ERROR] UdsClient: [ConfigError] : Actual data identifier configuration contains no definition for data identifier 0xf186
2023-10-16 15:09:35 [INFO] Connection: Connection closed
2023-10-16 15:09:58 [ERROR] UdsClient: [ConfigError] : Actual data identifier configuration contains no definition for data identifier 0xf186
2023-10-16 15:09:58 [INFO] Connection: Connection closed
2023-10-16 15:11:05 [INFO] UdsClient: ReadDataByIdentifier<0x22> - Reading data identifier : 0xf186 (ActiveDiagnosticSessionDataIdentifier)
2023-10-16 15:11:05 [DEBUG] Connection: Sending 3 bytes : [b'22f186']
2023-10-16 15:11:05 [WARNING] UdsClient: ReadDataByIdentifier service execution returned a negative response RequestOutOfRange (0x31)
2023-10-16 15:11:05 [INFO] Connection: Connection closed
2023-10-16 15:12:09 [INFO] UdsClient: ReadDataByIdentifier<0x22> - Reading data identifier : 0xf186 (ActiveDiagnosticSessionDataIdentifier)
2023-10-16 15:12:09 [DEBUG] Connection: Sending 3 bytes : [b'22f186']
2023-10-16 15:12:09 [WARNING] UdsClient: ReadDataByIdentifier service execution returned a negative response RequestOutOfRange (0x31)
2023-10-16 15:12:09 [INFO] Connection: Connection closed
2023-10-16 15:12:27 [INFO] UdsClient: ReadDataByIdentifier<0x22> - Reading data identifier : 0xf186 (ActiveDiagnosticSessionDataIdentifier)
2023-10-16 15:12:27 [DEBUG] Connection: Sending 3 bytes : [b'22f186']
2023-10-16 15:12:27 [WARNING] UdsClient: ReadDataByIdentifier service execution returned a negative response RequestOutOfRange (0x31)
2023-10-16 15:12:27 [INFO] Connection: Connection closed
2023-10-16 15:13:22 [INFO] UdsClient: ReadDataByIdentifier<0x22> - Reading data identifier : 0xf186 (ActiveDiagnosticSessionDataIdentifier)
2023-10-16 15:13:22 [DEBUG] Connection: Sending 3 bytes : [b'22f186']
2023-10-16 15:13:22 [WARNING] UdsClient: ReadDataByIdentifier service execution returned a negative response RequestOutOfRange (0x31)
2023-10-16 15:13:22 [INFO] Connection: Connection closed
2023-10-16 15:15:16 [ERROR] UdsClient: [ConfigError] : Actual data identifier configuration contains no definition for data identifier 0xf186
2023-10-16 15:15:16 [INFO] Connection: Connection closed
2023-10-16 15:15:40 [INFO] UdsClient: ReadDataByIdentifier<0x22> - Reading data identifier : 0xf191 (VehicleManufacturerECUHardwareNumberDataIdentifier)
2023-10-16 15:15:40 [DEBUG] Connection: Sending 3 bytes : [b'22f191']
2023-10-16 15:15:40 [WARNING] UdsClient: ReadDataByIdentifier service execution returned a negative response RequestOutOfRange (0x31)
2023-10-16 15:15:40 [INFO] Connection: Connection closed
2023-10-16 15:16:40 [INFO] UdsClient: ReadDataByIdentifier<0x22> - Reading data identifier : 0xf191 (VehicleManufacturerECUHardwareNumberDataIdentifier)
2023-10-16 15:16:40 [DEBUG] Connection: Sending 3 bytes : [b'22f191']
2023-10-16 15:16:40 [WARNING] UdsClient: ReadDataByIdentifier service execution returned a negative response RequestOutOfRange (0x31)
2023-10-16 15:16:40 [INFO] Connection: Connection closed
2023-10-16 15:17:21 [INFO] UdsClient: ReadDataByIdentifier<0x22> - Reading data identifier : 0xf190 (VINDataIdentifier)
2023-10-16 15:17:21 [DEBUG] Connection: Sending 3 bytes : [b'22f190']
2023-10-16 15:17:21 [WARNING] UdsClient: ReadDataByIdentifier service execution returned a negative response RequestOutOfRange (0x31)
2023-10-16 15:17:21 [INFO] Connection: Connection closed
2023-10-16 15:17:45 [INFO] UdsClient: ReadDataByIdentifier<0x22> - Reading data identifier : 0xf190 (VINDataIdentifier)
2023-10-16 15:17:45 [DEBUG] Connection: Sending 3 bytes : [b'22f190']
2023-10-16 15:17:45 [WARNING] UdsClient: ReadDataByIdentifier service execution returned a negative response RequestOutOfRange (0x31)
2023-10-16 15:17:45 [INFO] Connection: Connection closed
2023-10-16 15:18:38 [INFO] UdsClient: ReadDataByIdentifier<0x22> - Reading data identifier : 0xf190 (VINDataIdentifier)
2023-10-16 15:18:38 [DEBUG] Connection: Sending 3 bytes : [b'22f190']
2023-10-16 15:18:39 [ERROR] UdsClient: [TypeError] : object of type 'NoneType' has no len()
2023-10-16 15:18:39 [INFO] Connection: Connection closed
2023-10-16 15:18:44 [INFO] UdsClient: ReadDataByIdentifier<0x22> - Reading data identifier : 0xf190 (VINDataIdentifier)
2023-10-16 15:18:44 [DEBUG] Connection: Sending 3 bytes : [b'22f190']
2023-10-16 15:18:44 [ERROR] UdsClient: [TypeError] : object of type 'NoneType' has no len()
2023-10-16 15:18:44 [INFO] Connection: Connection closed
2023-10-16 15:19:01 [INFO] UdsClient: ReadDataByIdentifier<0x22> - Reading data identifier : 0xf190 (VINDataIdentifier)
2023-10-16 15:19:01 [DEBUG] Connection: Sending 3 bytes : [b'22f190']
2023-10-16 15:19:01 [ERROR] UdsClient: [TypeError] : object of type 'NoneType' has no len()
2023-10-16 15:19:01 [INFO] Connection: Connection closed
2023-10-16 15:19:52 [INFO] UdsClient: ReadDataByIdentifier<0x22> - Reading data identifier : 0xf190 (VINDataIdentifier)
2023-10-16 15:19:52 [DEBUG] Connection: Sending 3 bytes : [b'22f190']
2023-10-16 15:19:52 [ERROR] UdsClient: [TypeError] : object of type 'NoneType' has no len()
2023-10-16 15:19:52 [INFO] Connection: Connection closed
2023-10-16 15:20:05 [INFO] UdsClient: ReadDataByIdentifier<0x22> - Reading data identifier : 0xf190 (VINDataIdentifier)
2023-10-16 15:20:05 [DEBUG] Connection: Sending 3 bytes : [b'22f190']
2023-10-16 15:20:06 [ERROR] UdsClient: [TypeError] : object of type 'NoneType' has no len()
2023-10-16 15:20:06 [INFO] Connection: Connection closed
2023-10-16 15:20:10 [INFO] UdsClient: ReadDataByIdentifier<0x22> - Reading data identifier : 0xf190 (VINDataIdentifier)
2023-10-16 15:20:10 [DEBUG] Connection: Sending 3 bytes : [b'22f190']
2023-10-16 15:20:11 [ERROR] UdsClient: [TypeError] : object of type 'NoneType' has no len()
2023-10-16 15:20:11 [INFO] Connection: Connection closed
2023-10-16 15:47:22 [INFO] UdsClient: ReadDataByIdentifier<0x22> - Reading data identifier : 0xf190 (VINDataIdentifier)
2023-10-16 15:47:22 [DEBUG] Connection: Sending 3 bytes : [b'22f190']
2023-10-16 15:47:22 [WARNING] UdsClient: ReadDataByIdentifier service execution returned a negative response RequestOutOfRange (0x31)
2023-10-16 15:47:22 [INFO] Connection: Connection closed
2023-10-16 16:12:45 [INFO] UdsClient: ReadDataByIdentifier<0x22> - Reading data identifier : 0xf190 (VINDataIdentifier)
2023-10-16 16:12:45 [DEBUG] Connection: Sending 3 bytes : [b'22f190']
2023-10-16 16:12:45 [INFO] UdsClient: Received positive response for service ReadDataByIdentifier (0x22) from server.
2023-10-16 16:12:45 [INFO] Connection: Connection closed
2023-10-16 16:13:03 [INFO] UdsClient: ReadDataByIdentifier<0x22> - Reading data identifier : 0xf190 (VINDataIdentifier)
2023-10-16 16:13:03 [DEBUG] Connection: Sending 3 bytes : [b'22f190']
2023-10-16 16:13:03 [INFO] UdsClient: Received positive response for service ReadDataByIdentifier (0x22) from server.
2023-10-16 16:13:03 [INFO] Connection: Connection closed
2023-10-16 16:17:11 [INFO] UdsClient: SecurityAccess<0x27> - Requesting seed to unlock security access level 0x03
2023-10-16 16:17:11 [DEBUG] Connection: Sending 2 bytes : [b'2703']
2023-10-16 16:17:11 [ERROR] UdsClient: [OSError] : [Errno 84] Invalid or incomplete multibyte or wide character
2023-10-16 16:17:11 [INFO] Connection: Connection closed
2023-10-16 16:17:27 [INFO] UdsClient: SecurityAccess<0x27> - Requesting seed to unlock security access level 0x03
2023-10-16 16:17:27 [DEBUG] Connection: Sending 2 bytes : [b'2703']
2023-10-16 16:17:27 [INFO] UdsClient: Received positive response for service SecurityAccess (0x27) from server.
2023-10-16 16:17:27 [INFO] UdsClient: SecurityAccess<0x27> - Sending key to unlock security access level 0x04
2023-10-16 16:17:27 [DEBUG] Connection: Sending 18 bytes : [b'2704db2ba64c226acfc8118eadf2281a7a9f']
2023-10-16 16:17:27 [WARNING] UdsClient: SecurityAccess service execution returned a negative response SecurityAccessDenied (0x33)
2023-10-16 16:17:27 [INFO] UdsClient: DiagnosticSessionControl<0x10> - Switching session to extendedDiagnosticSession (0x03)
2023-10-16 16:17:27 [DEBUG] Connection: Sending 2 bytes : [b'1003']
2023-10-16 16:17:27 [ERROR] UdsClient: [UnexpectedResponseException] : SecurityAccess service execution returned a valid response but unexpected. Details : Response gotten from server has a service ID different than the request service ID. Received=0x67, Expected=0x50 
2023-10-16 16:17:27 [INFO] Connection: Connection closed
2023-10-16 16:17:55 [INFO] UdsClient: DiagnosticSessionControl<0x10> - Switching session to extendedDiagnosticSession (0x03)
2023-10-16 16:17:55 [DEBUG] Connection: Sending 2 bytes : [b'1003']
2023-10-16 16:17:55 [INFO] UdsClient: Received positive response for service DiagnosticSessionControl (0x10) from server.
2023-10-16 16:17:55 [INFO] UdsClient: DiagnosticSessionControl<0x10> - Received new timing parameters. P2=0.500s and P2*=10.000s.  Using these value from now on.
2023-10-16 16:17:55 [INFO] Connection: Connection closed
2023-10-16 16:18:21 [INFO] UdsClient: SecurityAccess<0x27> - Requesting seed to unlock security access level 0x03
2023-10-16 16:18:21 [DEBUG] Connection: Sending 2 bytes : [b'2703']
2023-10-16 16:18:21 [INFO] UdsClient: Received positive response for service SecurityAccess (0x27) from server.
2023-10-16 16:18:21 [INFO] UdsClient: SecurityAccess<0x27> - Sending key to unlock security access level 0x04
2023-10-16 16:18:21 [DEBUG] Connection: Sending 18 bytes : [b'2704c86d327070682da63f6d41ed97938b4e']
2023-10-16 16:18:21 [WARNING] UdsClient: SecurityAccess service execution returned a negative response SecurityAccessDenied (0x33)
2023-10-16 16:18:21 [INFO] Connection: Connection closed
2023-10-16 16:18:41 [INFO] UdsClient: SecurityAccess<0x27> - Requesting seed to unlock security access level 0x03
2023-10-16 16:18:41 [DEBUG] Connection: Sending 2 bytes : [b'2703']
2023-10-16 16:18:41 [ERROR] UdsClient: [OSError] : [Errno 84] Invalid or incomplete multibyte or wide character
2023-10-16 16:18:41 [INFO] Connection: Connection closed
2023-10-16 16:18:54 [INFO] UdsClient: SecurityAccess<0x27> - Requesting seed to unlock security access level 0x03
2023-10-16 16:18:54 [DEBUG] Connection: Sending 2 bytes : [b'2703']
2023-10-16 16:18:54 [INFO] UdsClient: Received positive response for service SecurityAccess (0x27) from server.
2023-10-16 16:18:54 [INFO] UdsClient: SecurityAccess<0x27> - Sending key to unlock security access level 0x04
2023-10-16 16:18:54 [DEBUG] Connection: Sending 18 bytes : [b'270436b05c0df42b41a694315b5f09bab7a2']
2023-10-16 16:18:54 [WARNING] UdsClient: SecurityAccess service execution returned a negative response SecurityAccessDenied (0x33)
2023-10-16 16:18:54 [INFO] Connection: Connection closed
2023-10-16 16:19:17 [INFO] UdsClient: SecurityAccess<0x27> - Requesting seed to unlock security access level 0x03
2023-10-16 16:19:17 [DEBUG] Connection: Sending 2 bytes : [b'2703']
2023-10-16 16:19:17 [INFO] UdsClient: Received positive response for service SecurityAccess (0x27) from server.
2023-10-16 16:19:17 [INFO] UdsClient: SecurityAccess<0x27> - Sending key to unlock security access level 0x04
2023-10-16 16:19:17 [DEBUG] Connection: Sending 18 bytes : [b'2704e7653af39b411d45d1de13f4c816d268']
2023-10-16 16:19:17 [INFO] UdsClient: Received positive response for service SecurityAccess (0x27) from server.
2023-10-16 16:19:17 [ERROR] UdsClient: [UnexpectedResponseException] : SecurityAccess service execution returned a valid response but unexpected. Details : Response subfunction received from server (0x03) does not match the requested subfunction (0x04) 
2023-10-16 16:19:17 [INFO] Connection: Connection closed
2023-10-16 16:21:20 [INFO] UdsClient: SecurityAccess<0x27> - Requesting seed to unlock security access level 0x03
2023-10-16 16:21:20 [DEBUG] Connection: Sending 2 bytes : [b'2703']
2023-10-16 16:21:20 [INFO] UdsClient: Received positive response for service SecurityAccess (0x27) from server.
2023-10-16 16:21:20 [INFO] UdsClient: SecurityAccess<0x27> - Sending key to unlock security access level 0x04
2023-10-16 16:21:20 [DEBUG] Connection: Sending 18 bytes : [b'2704b298127220c42b27ce21849773cd54f2']
2023-10-16 16:21:20 [INFO] UdsClient: Received positive response for service SecurityAccess (0x27) from server.
2023-10-16 16:21:20 [INFO] Connection: Connection closed
2023-10-16 16:21:26 [INFO] UdsClient: SecurityAccess<0x27> - Requesting seed to unlock security access level 0x03
2023-10-16 16:21:26 [DEBUG] Connection: Sending 2 bytes : [b'2703']
2023-10-16 16:21:26 [INFO] UdsClient: Received positive response for service SecurityAccess (0x27) from server.
2023-10-16 16:21:26 [INFO] UdsClient: SecurityAccess<0x27> - Sending key to unlock security access level 0x04
2023-10-16 16:21:26 [DEBUG] Connection: Sending 18 bytes : [b'2704724adb92116aaa7804abbc08990854f3']
2023-10-16 16:21:26 [INFO] UdsClient: Received positive response for service SecurityAccess (0x27) from server.
2023-10-16 16:21:26 [INFO] Connection: Connection closed
2023-10-16 16:21:39 [INFO] UdsClient: SecurityAccess<0x27> - Requesting seed to unlock security access level 0x03
2023-10-16 16:21:39 [DEBUG] Connection: Sending 2 bytes : [b'2703']
2023-10-16 16:21:39 [INFO] UdsClient: Received positive response for service SecurityAccess (0x27) from server.
2023-10-16 16:21:39 [INFO] UdsClient: SecurityAccess<0x27> - Sending key to unlock security access level 0x04
2023-10-16 16:21:39 [DEBUG] Connection: Sending 18 bytes : [b'27040bdf9aaabe556d3b79118283c7545ece']
2023-10-16 16:21:39 [INFO] UdsClient: Received positive response for service SecurityAccess (0x27) from server.
2023-10-16 16:21:39 [INFO] UdsClient: DiagnosticSessionControl<0x10> - Switching session to extendedDiagnosticSession (0x03)
2023-10-16 16:21:39 [DEBUG] Connection: Sending 2 bytes : [b'1003']
2023-10-16 16:21:39 [INFO] UdsClient: Received positive response for service DiagnosticSessionControl (0x10) from server.
2023-10-16 16:21:39 [INFO] UdsClient: DiagnosticSessionControl<0x10> - Received new timing parameters. P2=0.500s and P2*=10.000s.  Using these value from now on.
2023-10-16 16:21:39 [INFO] Connection: Connection closed
2023-10-16 16:23:21 [INFO] UdsClient: WriteDataByIdentifier<0x2e> - Writing data identifier 0xf190 (VINDataIdentifier)
2023-10-16 16:23:21 [DEBUG] Connection: Sending 20 bytes : [b'2ef1903254335246524556374457313038313737']
2023-10-16 16:23:21 [WARNING] UdsClient: WriteDataByIdentifier service execution returned a negative response RequestOutOfRange (0x31)
2023-10-16 16:23:21 [INFO] Connection: Connection closed
2023-10-16 16:23:38 [INFO] UdsClient: ReadDataByIdentifier<0x22> - Reading data identifier : 0xf190 (VINDataIdentifier)
2023-10-16 16:23:38 [DEBUG] Connection: Sending 3 bytes : [b'22f190']
2023-10-16 16:23:38 [INFO] UdsClient: Received positive response for service ReadDataByIdentifier (0x22) from server.
2023-10-16 16:23:38 [INFO] Connection: Connection closed
2023-10-16 16:42:28 [INFO] UdsClient: WriteDataByIdentifier<0x2e> - Writing data identifier 0xf190 (VINDataIdentifier)
2023-10-16 16:42:28 [DEBUG] Connection: Sending 20 bytes : [b'2ef1903254335246524556374457313038313737']
2023-10-16 16:42:28 [INFO] UdsClient: Received positive response for service WriteDataByIdentifier (0x2e) from server.
2023-10-16 16:42:28 [INFO] Connection: Connection closed
2023-10-16 16:50:53 [INFO] UdsClient: RoutineControl<0x31> - ControlType=0x01 - Starting routine ID 0x01a9 (TachographTestIds) with a payload of 2 bytes
2023-10-16 16:50:53 [DEBUG] Connection: Sending 6 bytes : [b'310101a90102']
2023-10-16 16:50:53 [ERROR] UdsClient: [TypeError] : object of type 'NoneType' has no len()
2023-10-16 16:50:53 [INFO] Connection: Connection closed
2023-10-16 16:51:55 [INFO] UdsClient: RoutineControl<0x31> - ControlType=0x01 - Starting routine ID 0x01a9 (TachographTestIds) with a payload of 2 bytes
2023-10-16 16:51:55 [DEBUG] Connection: Sending 6 bytes : [b'310101a90102']
2023-10-16 16:51:55 [INFO] UdsClient: Received positive response for service RoutineControl (0x31) from server.
2023-10-16 16:51:55 [INFO] Connection: Connection closed
2024-02-04 22:12:52 [INFO] Connection: Connection closed
2024-02-04 22:13:09 [INFO] UdsClient: SecurityAccess<0x27> - Requesting seed to unlock security access level 0x03
2024-02-04 22:13:09 [DEBUG] Connection: Sending 2 bytes : [b'2703']
2024-02-04 22:13:09 [INFO] UdsClient: Received positive response for service SecurityAccess (0x27) from server.
2024-02-04 22:13:09 [INFO] UdsClient: SecurityAccess<0x27> - Sending key to unlock security access level 0x04
2024-02-04 22:13:09 [DEBUG] Connection: Sending 18 bytes : [b'27044f08ebdfc3b239a3a2452b47fceed9a7']
2024-02-04 22:13:09 [INFO] UdsClient: Received positive response for service SecurityAccess (0x27) from server.
2024-02-04 22:13:09 [INFO] UdsClient: DiagnosticSessionControl<0x10> - Switching session to extendedDiagnosticSession (0x03)
2024-02-04 22:13:09 [DEBUG] Connection: Sending 2 bytes : [b'1003']
2024-02-04 22:13:09 [INFO] UdsClient: Received positive response for service DiagnosticSessionControl (0x10) from server.
2024-02-04 22:13:09 [INFO] UdsClient: DiagnosticSessionControl<0x10> - Received new timing parameters. P2=0.500s and P2*=10.000s.  Using these value from now on.
2024-02-04 22:13:09 [INFO] UdsClient: WriteDataByIdentifier<0x2e> - Writing data identifier 0xf190 (VINDataIdentifier)
2024-02-04 22:13:09 [DEBUG] Connection: Sending 20 bytes : [b'2ef1903254335246524556374457313038313737']
2024-02-04 22:13:09 [WARNING] UdsClient: WriteDataByIdentifier service execution returned a negative response RequestOutOfRange (0x31)
2024-02-04 22:13:09 [INFO] UdsClient: ReadDataByIdentifier<0x22> - Reading data identifier : 0xf190 (VINDataIdentifier)
2024-02-04 22:13:09 [DEBUG] Connection: Sending 3 bytes : [b'22f190']
2024-02-04 22:13:09 [WARNING] UdsClient: ReadDataByIdentifier service execution returned a negative response RequestOutOfRange (0x31)
2024-02-04 22:13:09 [INFO] UdsClient: ECUReset<0x11> - Requesting reset of type 0x01 (hardReset)
2024-02-04 22:13:09 [DEBUG] Connection: Sending 2 bytes : [b'1101']
2024-02-04 22:13:09 [WARNING] UdsClient: ECUReset service execution returned a negative response ServiceNotSupported (0x11)
2024-02-04 22:13:09 [INFO] UdsClient: InputOutputControlByIdentifier<0x2f> - Sending request for DID=0xf192, control parameter 0x00 (returnControlToECU).
2024-02-04 22:13:09 [DEBUG] Connection: Sending 4 bytes : [b'2ff19200']
2024-02-04 22:13:09 [WARNING] UdsClient: InputOutputControlByIdentifier service execution returned a negative response RequestOutOfRange (0x31)
2024-02-04 22:13:09 [INFO] UdsClient: RoutineControl<0x31> - ControlType=0x02 - Stoping routine ID 0x01a9 (TachographTestIds) with a payload of 0 bytes
2024-02-04 22:13:09 [DEBUG] Connection: Sending 4 bytes : [b'310201a9']
2024-02-04 22:13:09 [ERROR] UdsClient: [TypeError] : object of type 'NoneType' has no len()
2024-02-04 22:13:09 [INFO] Connection: Connection closed
2024-02-04 22:16:53 [INFO] UdsClient: SecurityAccess<0x27> - Requesting seed to unlock security access level 0x03
2024-02-04 22:16:53 [DEBUG] Connection: Sending 2 bytes : [b'2703']
2024-02-04 22:16:53 [ERROR] UdsClient: [TypeError] : object of type 'NoneType' has no len()
2024-02-04 22:16:53 [INFO] Connection: Connection closed
2024-02-04 22:21:15 [INFO] UdsClient: SecurityAccess<0x27> - Requesting seed to unlock security access level 0x03
2024-02-04 22:21:15 [DEBUG] Connection: Sending 2 bytes : [b'2703']
2024-02-04 22:21:15 [INFO] UdsClient: Received positive response for service SecurityAccess (0x27) from server.
2024-02-04 22:21:15 [INFO] UdsClient: SecurityAccess<0x27> - Sending key to unlock security access level 0x04
2024-02-04 22:21:15 [DEBUG] Connection: Sending 18 bytes : [b'2704001ed0f84f060cd71222b21e2a55ea5e']
2024-02-04 22:21:15 [INFO] UdsClient: Received positive response for service SecurityAccess (0x27) from server.
2024-02-04 22:21:15 [INFO] UdsClient: DiagnosticSessionControl<0x10> - Switching session to extendedDiagnosticSession (0x03)
2024-02-04 22:21:15 [DEBUG] Connection: Sending 2 bytes : [b'1003']
2024-02-04 22:21:15 [INFO] UdsClient: Received positive response for service DiagnosticSessionControl (0x10) from server.
2024-02-04 22:21:15 [INFO] UdsClient: DiagnosticSessionControl<0x10> - Received new timing parameters. P2=0.500s and P2*=10.000s.  Using these value from now on.
2024-02-04 22:21:15 [INFO] UdsClient: WriteDataByIdentifier<0x2e> - Writing data identifier 0xf190 (VINDataIdentifier)
2024-02-04 22:21:15 [DEBUG] Connection: Sending 20 bytes : [b'2ef1903254335246524556374457313038313737']
2024-02-04 22:21:15 [WARNING] UdsClient: WriteDataByIdentifier service execution returned a negative response RequestOutOfRange (0x31)
2024-02-04 22:21:15 [INFO] UdsClient: ReadDataByIdentifier<0x22> - Reading data identifier : 0xf190 (VINDataIdentifier)
2024-02-04 22:21:15 [DEBUG] Connection: Sending 3 bytes : [b'22f190']
2024-02-04 22:21:15 [WARNING] UdsClient: ReadDataByIdentifier service execution returned a negative response RequestOutOfRange (0x31)
2024-02-04 22:21:15 [INFO] Connection: Connection closed
2024-02-04 22:29:43 [INFO] UdsClient: SecurityAccess<0x27> - Requesting seed to unlock security access level 0x03
2024-02-04 22:29:43 [DEBUG] Connection: Sending 2 bytes : [b'2703']
2024-02-04 22:29:43 [INFO] UdsClient: Received positive response for service SecurityAccess (0x27) from server.
2024-02-04 22:29:43 [INFO] UdsClient: SecurityAccess<0x27> - Sending key to unlock security access level 0x04
2024-02-04 22:29:43 [DEBUG] Connection: Sending 18 bytes : [b'27044a1b87524f126b47045fcae7caa508f2']
2024-02-04 22:29:43 [INFO] UdsClient: Received positive response for service SecurityAccess (0x27) from server.
2024-02-04 22:29:43 [INFO] UdsClient: DiagnosticSessionControl<0x10> - Switching session to extendedDiagnosticSession (0x03)
2024-02-04 22:29:43 [DEBUG] Connection: Sending 2 bytes : [b'1003']
2024-02-04 22:29:43 [INFO] UdsClient: Received positive response for service DiagnosticSessionControl (0x10) from server.
2024-02-04 22:29:43 [INFO] UdsClient: DiagnosticSessionControl<0x10> - Received new timing parameters. P2=0.500s and P2*=10.000s.  Using these value from now on.
2024-02-04 22:29:43 [INFO] UdsClient: WriteDataByIdentifier<0x2e> - Writing data identifier 0xf190 (VINDataIdentifier)
2024-02-04 22:29:43 [DEBUG] Connection: Sending 20 bytes : [b'2ef1903254335246524556374457313038313737']
2024-02-04 22:29:43 [WARNING] UdsClient: WriteDataByIdentifier service execution returned a negative response RequestOutOfRange (0x31)
2024-02-04 22:29:43 [INFO] UdsClient: ReadDataByIdentifier<0x22> - Reading data identifier : 0xf190 (VINDataIdentifier)
2024-02-04 22:29:43 [DEBUG] Connection: Sending 3 bytes : [b'22f190']
2024-02-04 22:29:43 [WARNING] UdsClient: ReadDataByIdentifier service execution returned a negative response RequestOutOfRange (0x31)
2024-02-04 22:29:43 [INFO] Connection: Connection closed
2024-02-05 09:14:01 [INFO] UdsClient: ReadDataByIdentifier<0x22> - Reading data identifier : 0xf190 (VINDataIdentifier)
2024-02-05 09:14:01 [DEBUG] Connection: Sending 3 bytes : [b'22f190']
2024-02-05 09:14:01 [INFO] UdsClient: Received positive response for service ReadDataByIdentifier (0x22) from server.
2024-02-05 09:14:01 [INFO] UdsClient: RoutineControl<0x31> - ControlType=0x02 - Stoping routine ID 0x01a9 (TachographTestIds) with a payload of 0 bytes
2024-02-05 09:14:01 [DEBUG] Connection: Sending 4 bytes : [b'310201a9']
2024-02-05 09:14:01 [ERROR] UdsClient: [TypeError] : object of type 'NoneType' has no len()
2024-02-05 09:14:01 [INFO] Connection: Connection closed
2024-02-05 09:14:01 [INFO] Connection: Connection closed
2024-02-05 09:14:48 [INFO] UdsClient: ReadDataByIdentifier<0x22> - Reading data identifier : 0xf190 (VINDataIdentifier)
2024-02-05 09:14:48 [DEBUG] Connection: Sending 3 bytes : [b'22f190']
2024-02-05 09:14:48 [INFO] UdsClient: Received positive response for service ReadDataByIdentifier (0x22) from server.
2024-02-05 09:14:48 [INFO] UdsClient: RoutineControl<0x31> - ControlType=0x02 - Stoping routine ID 0x01a9 (TachographTestIds) with a payload of 0 bytes
2024-02-05 09:14:48 [DEBUG] Connection: Sending 4 bytes : [b'310201a9']
2024-02-05 09:14:48 [INFO] UdsClient: Received positive response for service RoutineControl (0x31) from server.
2024-02-05 09:14:48 [INFO] Connection: Connection closed
2024-02-05 09:14:48 [INFO] Connection: Connection closed
2024-02-05 09:28:16 [INFO] UdsClient: WriteDataByIdentifier<0x2e> - Writing data identifier 0xf190 (VINDataIdentifier)
2024-02-05 09:28:16 [DEBUG] Connection: Sending 20 bytes : [b'2ef1903254335246524556374457313038393838']
2024-02-05 09:28:16 [INFO] UdsClient: Received positive response for service WriteDataByIdentifier (0x2e) from server.
2024-02-05 09:28:16 [INFO] UdsClient: ReadDataByIdentifier<0x22> - Reading data identifier : 0xf190 (VINDataIdentifier)
2024-02-05 09:28:16 [DEBUG] Connection: Sending 3 bytes : [b'22f190']
2024-02-05 09:28:16 [INFO] UdsClient: Received positive response for service ReadDataByIdentifier (0x22) from server.
2024-02-05 09:28:16 [INFO] UdsClient: RoutineControl<0x31> - ControlType=0x02 - Stoping routine ID 0x01a9 (TachographTestIds) with a payload of 0 bytes
2024-02-05 09:28:16 [DEBUG] Connection: Sending 4 bytes : [b'310201a9']
2024-02-05 09:28:16 [INFO] UdsClient: Received positive response for service RoutineControl (0x31) from server.
2024-02-05 09:28:16 [INFO] Connection: Connection closed
2024-02-05 09:28:16 [INFO] Connection: Connection closed
2024-02-05 09:34:46 [INFO] UdsClient: RoutineControl<0x31> - ControlType=0x02 - Stoping routine ID 0x01a9 (TachographTestIds) with a payload of 0 bytes
2024-02-05 09:34:46 [DEBUG] Connection: Sending 4 bytes : [b'310201a9']
2024-02-05 09:34:46 [INFO] UdsClient: Received positive response for service RoutineControl (0x31) from server.
2024-02-05 09:34:46 [INFO] Connection: Connection closed
2024-02-05 09:34:46 [INFO] Connection: Connection closed
2024-02-05 09:35:04 [INFO] UdsClient: RoutineControl<0x31> - ControlType=0x01 - Starting routine ID 0x01a9 (TachographTestIds) with a payload of 1 bytes
2024-02-05 09:35:04 [DEBUG] Connection: Sending 5 bytes : [b'310101a964']
2024-02-05 09:35:04 [ERROR] UdsClient: [TypeError] : object of type 'NoneType' has no len()
2024-02-05 09:35:04 [INFO] Connection: Connection closed
2024-02-05 09:35:04 [INFO] Connection: Connection closed
2024-02-05 09:49:10 [INFO] UdsClient: RoutineControl<0x31> - ControlType=0x01 - Starting routine ID 0x01a9 (TachographTestIds) with a payload of 1 bytes
2024-02-05 09:49:10 [DEBUG] Connection: Sending 5 bytes : [b'310101a964']
2024-02-05 09:49:10 [INFO] UdsClient: Received positive response for service RoutineControl (0x31) from server.
2024-02-05 09:49:10 [INFO] Connection: Connection closed
2024-02-05 09:49:10 [INFO] Connection: Connection closed
2024-02-05 09:50:01 [INFO] UdsClient: SecurityAccess<0x27> - Requesting seed to unlock security access level 0x03
2024-02-05 09:50:01 [DEBUG] Connection: Sending 2 bytes : [b'2703']
2024-02-05 09:50:01 [INFO] UdsClient: Received positive response for service SecurityAccess (0x27) from server.
2024-02-05 09:50:01 [INFO] UdsClient: SecurityAccess<0x27> - Sending key to unlock security access level 0x04
2024-02-05 09:50:01 [DEBUG] Connection: Sending 18 bytes : [b'27048740ed3983f49609e7f18e03f465d76b']
2024-02-05 09:50:01 [INFO] UdsClient: Received positive response for service SecurityAccess (0x27) from server.
2024-02-05 09:50:01 [INFO] UdsClient: DiagnosticSessionControl<0x10> - Switching session to extendedDiagnosticSession (0x03)
2024-02-05 09:50:01 [DEBUG] Connection: Sending 2 bytes : [b'1003']
2024-02-05 09:50:01 [INFO] UdsClient: Received positive response for service DiagnosticSessionControl (0x10) from server.
2024-02-05 09:50:01 [INFO] UdsClient: DiagnosticSessionControl<0x10> - Received new timing parameters. P2=0.500s and P2*=10.000s.  Using these value from now on.
2024-02-05 09:50:01 [INFO] UdsClient: RoutineControl<0x31> - ControlType=0x01 - Starting routine ID 0x01a9 (TachographTestIds) with a payload of 1 bytes
2024-02-05 09:50:01 [DEBUG] Connection: Sending 5 bytes : [b'310101a964']
2024-02-05 09:50:01 [INFO] UdsClient: Received positive response for service RoutineControl (0x31) from server.
2024-02-05 09:50:01 [INFO] Connection: Connection closed
2024-02-05 09:50:01 [INFO] Connection: Connection closed
2024-02-05 09:50:16 [INFO] UdsClient: SecurityAccess<0x27> - Requesting seed to unlock security access level 0x03
2024-02-05 09:50:16 [DEBUG] Connection: Sending 2 bytes : [b'2703']
2024-02-05 09:50:16 [INFO] UdsClient: Received positive response for service SecurityAccess (0x27) from server.
2024-02-05 09:50:16 [INFO] UdsClient: SecurityAccess<0x27> - Sending key to unlock security access level 0x04
2024-02-05 09:50:16 [DEBUG] Connection: Sending 18 bytes : [b'270412792574b778ad4871636b309298afde']
2024-02-05 09:50:16 [INFO] UdsClient: Received positive response for service SecurityAccess (0x27) from server.
2024-02-05 09:50:16 [INFO] UdsClient: DiagnosticSessionControl<0x10> - Switching session to extendedDiagnosticSession (0x03)
2024-02-05 09:50:16 [DEBUG] Connection: Sending 2 bytes : [b'1003']
2024-02-05 09:50:16 [INFO] UdsClient: Received positive response for service DiagnosticSessionControl (0x10) from server.
2024-02-05 09:50:16 [INFO] UdsClient: DiagnosticSessionControl<0x10> - Received new timing parameters. P2=0.500s and P2*=10.000s.  Using these value from now on.
2024-02-05 09:50:16 [INFO] UdsClient: RoutineControl<0x31> - ControlType=0x01 - Starting routine ID 0x01a9 (TachographTestIds) with a payload of 1 bytes
2024-02-05 09:50:16 [DEBUG] Connection: Sending 5 bytes : [b'310101a964']
2024-02-05 09:50:16 [INFO] UdsClient: Received positive response for service RoutineControl (0x31) from server.
2024-02-05 09:50:16 [INFO] Connection: Connection closed
2024-02-05 09:50:16 [INFO] Connection: Connection closed
2024-02-05 10:31:13 [INFO] UdsClient: ReadDataByIdentifier<0x22> - Reading data identifier : 0xf190 (VINDataIdentifier)
2024-02-05 10:31:13 [DEBUG] Connection: Sending 3 bytes : [b'22f190']
2024-02-05 10:31:13 [INFO] UdsClient: Received positive response for service ReadDataByIdentifier (0x22) from server.
2024-02-05 10:31:13 [INFO] UdsClient: RoutineControl<0x31> - ControlType=0x01 - Starting routine ID 0x01a9 (TachographTestIds) with a payload of 1 bytes
2024-02-05 10:31:13 [DEBUG] Connection: Sending 5 bytes : [b'310101a964']
2024-02-05 10:31:13 [ERROR] UdsClient: [UnexpectedResponseException] : WriteDataByIdentifier service execution returned a valid response but unexpected. Details : Response gotten from server has a service ID different than the request service ID. Received=0x6e, Expected=0x71 
2024-02-05 10:31:14 [INFO] Connection: Connection closed
2024-02-05 10:31:14 [INFO] Connection: Connection closed
2024-02-05 11:18:44 [INFO] UdsClient: RoutineControl<0x31> - ControlType=0x01 - Starting routine ID 0x01a9 (TachographTestIds) with a payload of 1 bytes
2024-02-05 11:18:44 [DEBUG] Connection: Sending 5 bytes : [b'310101a964']
2024-02-05 11:18:44 [INFO] UdsClient: Received positive response for service RoutineControl (0x31) from server.
2024-02-05 11:18:44 [INFO] Connection: Connection closed
2024-02-05 11:18:44 [INFO] Connection: Connection closed
2024-02-05 11:24:20 [INFO] UdsClient: RoutineControl<0x31> - ControlType=0x02 - Stoping routine ID 0x01a9 (TachographTestIds) with a payload of 1 bytes
2024-02-05 11:24:20 [DEBUG] Connection: Sending 5 bytes : [b'310201a964']
2024-02-05 11:24:20 [INFO] UdsClient: Received positive response for service RoutineControl (0x31) from server.
2024-02-05 11:24:20 [INFO] Connection: Connection closed
2024-02-05 11:24:20 [INFO] Connection: Connection closed
2024-02-05 11:24:50 [INFO] UdsClient: RoutineControl<0x31> - ControlType=0x01 - Starting routine ID 0x01a9 (TachographTestIds) with a payload of 1 bytes
2024-02-05 11:24:50 [DEBUG] Connection: Sending 5 bytes : [b'310101a964']
2024-02-05 11:24:50 [INFO] UdsClient: Received positive response for service RoutineControl (0x31) from server.
2024-02-05 11:24:50 [INFO] Connection: Connection closed
2024-02-05 11:24:50 [INFO] Connection: Connection closed
2024-02-05 11:29:37 [INFO] UdsClient: RoutineControl<0x31> - ControlType=0x01 - Starting routine ID 0x01a9 (TachographTestIds) with a payload of 1 bytes
2024-02-05 11:29:37 [DEBUG] Connection: Sending 5 bytes : [b'310101a964']
2024-02-05 11:29:37 [INFO] UdsClient: Received positive response for service RoutineControl (0x31) from server.
2024-02-05 11:29:37 [INFO] Connection: Connection closed
2024-02-05 11:29:37 [INFO] Connection: Connection closed
2024-02-05 11:30:30 [INFO] UdsClient: RoutineControl<0x31> - ControlType=0x01 - Starting routine ID 0x01a9 (TachographTestIds) with a payload of 1 bytes
2024-02-05 11:30:30 [DEBUG] Connection: Sending 5 bytes : [b'310101a964']
2024-02-05 11:30:31 [INFO] UdsClient: Received positive response for service RoutineControl (0x31) from server.
2024-02-05 11:30:34 [INFO] UdsClient: RoutineControl<0x31> - ControlType=0x02 - Stoping routine ID 0x01a9 (TachographTestIds) with a payload of 1 bytes
2024-02-05 11:30:34 [DEBUG] Connection: Sending 5 bytes : [b'310201a964']
2024-02-05 11:30:34 [INFO] UdsClient: Received positive response for service RoutineControl (0x31) from server.
2024-02-05 11:30:34 [INFO] Connection: Connection closed
2024-02-05 11:30:34 [INFO] Connection: Connection closed
2024-02-05 11:36:00 [INFO] UdsClient: RoutineControl<0x31> - ControlType=0x01 - Starting routine ID 0x01a9 (TachographTestIds) with a payload of 1 bytes
2024-02-05 11:36:00 [DEBUG] Connection: Sending 5 bytes : [b'310101a964']
2024-02-05 11:36:00 [INFO] UdsClient: Received positive response for service RoutineControl (0x31) from server.
2024-02-05 11:36:03 [INFO] UdsClient: RoutineControl<0x31> - ControlType=0x02 - Stoping routine ID 0x01a9 (TachographTestIds) with a payload of 1 bytes
2024-02-05 11:36:03 [DEBUG] Connection: Sending 5 bytes : [b'310201a964']
2024-02-05 11:36:03 [INFO] UdsClient: Received positive response for service RoutineControl (0x31) from server.
2024-02-05 11:36:03 [INFO] Connection: Connection closed
2024-02-05 11:36:03 [INFO] Connection: Connection closed
2024-02-05 12:55:32 [INFO] UdsClient: RoutineControl<0x31> - ControlType=0x01 - Starting routine ID 0x01a9 (TachographTestIds) with a payload of 1 bytes
2024-02-05 12:55:32 [DEBUG] Connection: Sending 5 bytes : [b'310101a964']
2024-02-05 12:55:32 [ERROR] UdsClient: [TypeError] : object of type 'NoneType' has no len()
2024-02-05 12:55:32 [INFO] Connection: Connection closed
2024-02-05 12:55:32 [INFO] Connection: Connection closed
2024-02-05 13:08:09 [INFO] UdsClient: RoutineControl<0x31> - ControlType=0x01 - Starting routine ID 0x01a9 (TachographTestIds) with a payload of 1 bytes
2024-02-05 13:08:09 [DEBUG] Connection: Sending 5 bytes : [b'310101a964']
2024-02-05 13:08:09 [ERROR] UdsClient: [TypeError] : object of type 'NoneType' has no len()
2024-02-05 13:08:09 [INFO] Connection: Connection closed
2024-02-05 13:08:09 [INFO] Connection: Connection closed
2024-02-05 13:10:05 [INFO] UdsClient: RoutineControl<0x31> - ControlType=0x01 - Starting routine ID 0x01a9 (TachographTestIds) with a payload of 1 bytes
2024-02-05 13:10:05 [DEBUG] Connection: Sending 5 bytes : [b'310101a964']
2024-02-05 13:10:06 [ERROR] UdsClient: [TypeError] : object of type 'NoneType' has no len()
2024-02-05 13:10:06 [INFO] Connection: Connection closed
2024-02-05 13:10:06 [INFO] Connection: Connection closed
2024-02-05 13:16:41 [INFO] UdsClient: RoutineControl<0x31> - ControlType=0x01 - Starting routine ID 0x01a9 (TachographTestIds) with a payload of 1 bytes
2024-02-05 13:16:41 [DEBUG] Connection: Sending 5 bytes : [b'310101a964']
2024-02-05 13:16:41 [ERROR] UdsClient: [TypeError] : object of type 'NoneType' has no len()
2024-02-05 13:16:41 [INFO] Connection: Connection closed
2024-02-05 13:16:41 [INFO] Connection: Connection closed
2024-02-05 13:17:12 [INFO] UdsClient: RoutineControl<0x31> - ControlType=0x01 - Starting routine ID 0x01a9 (TachographTestIds) with a payload of 1 bytes
2024-02-05 13:17:12 [DEBUG] Connection: Sending 5 bytes : [b'310101a964']
2024-02-05 13:17:12 [ERROR] UdsClient: [TypeError] : object of type 'NoneType' has no len()
2024-02-05 13:17:12 [INFO] Connection: Connection closed
2024-02-05 13:17:12 [INFO] Connection: Connection closed
2024-02-05 13:22:30 [INFO] UdsClient: RoutineControl<0x31> - ControlType=0x01 - Starting routine ID 0x01a9 (TachographTestIds) with a payload of 1 bytes
2024-02-05 13:22:30 [DEBUG] Connection: Sending 5 bytes : [b'310101a964']
2024-02-05 13:22:30 [INFO] UdsClient: Received positive response for service RoutineControl (0x31) from server.
2024-02-05 13:22:30 [INFO] Connection: Connection closed
2024-02-05 13:22:30 [INFO] Connection: Connection closed
2024-02-05 13:32:14 [INFO] UdsClient: RoutineControl<0x31> - ControlType=0x01 - Starting routine ID 0x01a9 (TachographTestIds) with a payload of 1 bytes
2024-02-05 13:32:14 [DEBUG] Connection: Sending 5 bytes : [b'310101a964']
2024-02-05 13:32:14 [INFO] UdsClient: Received positive response for service RoutineControl (0x31) from server.
2024-02-05 13:32:14 [INFO] Connection: Connection closed
2024-02-05 13:32:14 [INFO] Connection: Connection closed
2024-02-05 13:36:22 [INFO] UdsClient: RoutineControl<0x31> - ControlType=0x01 - Starting routine ID 0x01a9 (TachographTestIds) with a payload of 1 bytes
2024-02-05 13:36:22 [DEBUG] Connection: Sending 5 bytes : [b'310101a964']
2024-02-05 13:36:22 [INFO] UdsClient: Received positive response for service RoutineControl (0x31) from server.
2024-02-05 13:36:24 [INFO] UdsClient: RoutineControl<0x31> - ControlType=0x02 - Stoping routine ID 0x01a9 (TachographTestIds) with a payload of 1 bytes
2024-02-05 13:36:24 [DEBUG] Connection: Sending 5 bytes : [b'310201a964']
2024-02-05 13:36:24 [INFO] UdsClient: Received positive response for service RoutineControl (0x31) from server.
2024-02-05 13:36:24 [INFO] Connection: Connection closed
2024-02-05 13:36:24 [INFO] Connection: Connection closed
2024-02-05 13:43:30 [INFO] UdsClient: RoutineControl<0x31> - ControlType=0x01 - Starting routine ID 0x01a9 (TachographTestIds) with a payload of 1 bytes
2024-02-05 13:43:30 [DEBUG] Connection: Sending 5 bytes : [b'310101a964']
2024-02-05 13:43:30 [INFO] UdsClient: Received positive response for service RoutineControl (0x31) from server.
2024-02-05 13:43:32 [INFO] UdsClient: RoutineControl<0x31> - ControlType=0x02 - Stoping routine ID 0x01a9 (TachographTestIds) with a payload of 1 bytes
2024-02-05 13:43:32 [DEBUG] Connection: Sending 5 bytes : [b'310201a964']
2024-02-05 13:43:32 [INFO] UdsClient: Received positive response for service RoutineControl (0x31) from server.
2024-02-05 13:43:32 [INFO] Connection: Connection closed
2024-02-05 13:43:32 [INFO] Connection: Connection closed
2024-02-05 13:44:00 [INFO] UdsClient: RoutineControl<0x31> - ControlType=0x01 - Starting routine ID 0x01a9 (TachographTestIds) with a payload of 1 bytes
2024-02-05 13:44:00 [DEBUG] Connection: Sending 5 bytes : [b'310101a964']
2024-02-05 13:44:00 [INFO] UdsClient: Received positive response for service RoutineControl (0x31) from server.
2024-02-05 13:44:02 [INFO] UdsClient: RoutineControl<0x31> - ControlType=0x02 - Stoping routine ID 0x01a9 (TachographTestIds) with a payload of 1 bytes
2024-02-05 13:44:02 [DEBUG] Connection: Sending 5 bytes : [b'310201a964']
2024-02-05 13:44:02 [INFO] UdsClient: Received positive response for service RoutineControl (0x31) from server.
2024-02-05 13:44:02 [INFO] Connection: Connection closed
2024-02-05 13:44:02 [INFO] Connection: Connection closed
2024-02-05 13:44:08 [INFO] UdsClient: RoutineControl<0x31> - ControlType=0x01 - Starting routine ID 0x01a9 (TachographTestIds) with a payload of 1 bytes
2024-02-05 13:44:08 [DEBUG] Connection: Sending 5 bytes : [b'310101a964']
2024-02-05 13:44:08 [INFO] UdsClient: Received positive response for service RoutineControl (0x31) from server.
2024-02-05 13:44:10 [INFO] UdsClient: RoutineControl<0x31> - ControlType=0x02 - Stoping routine ID 0x01a9 (TachographTestIds) with a payload of 1 bytes
2024-02-05 13:44:10 [DEBUG] Connection: Sending 5 bytes : [b'310201a964']
2024-02-05 13:44:10 [INFO] UdsClient: Received positive response for service RoutineControl (0x31) from server.
2024-02-05 13:44:10 [INFO] Connection: Connection closed
2024-02-05 13:44:10 [INFO] Connection: Connection closed
2024-02-05 13:44:21 [INFO] UdsClient: RoutineControl<0x31> - ControlType=0x01 - Starting routine ID 0x01a9 (TachographTestIds) with a payload of 1 bytes
2024-02-05 13:44:21 [DEBUG] Connection: Sending 5 bytes : [b'310101a964']
2024-02-05 13:44:21 [INFO] UdsClient: Received positive response for service RoutineControl (0x31) from server.
2024-02-05 13:44:23 [INFO] UdsClient: RoutineControl<0x31> - ControlType=0x02 - Stoping routine ID 0x01a9 (TachographTestIds) with a payload of 1 bytes
2024-02-05 13:44:23 [DEBUG] Connection: Sending 5 bytes : [b'310201a964']
2024-02-05 13:44:23 [INFO] UdsClient: Received positive response for service RoutineControl (0x31) from server.
2024-02-05 13:44:23 [INFO] Connection: Connection closed
2024-02-05 13:44:23 [INFO] Connection: Connection closed
2024-02-05 13:44:29 [INFO] UdsClient: RoutineControl<0x31> - ControlType=0x01 - Starting routine ID 0x01a9 (TachographTestIds) with a payload of 1 bytes
2024-02-05 13:44:29 [DEBUG] Connection: Sending 5 bytes : [b'310101a964']
2024-02-05 13:44:29 [INFO] UdsClient: Received positive response for service RoutineControl (0x31) from server.
2024-02-05 13:44:31 [INFO] UdsClient: RoutineControl<0x31> - ControlType=0x02 - Stoping routine ID 0x01a9 (TachographTestIds) with a payload of 1 bytes
2024-02-05 13:44:31 [DEBUG] Connection: Sending 5 bytes : [b'310201a964']
2024-02-05 13:44:31 [INFO] UdsClient: Received positive response for service RoutineControl (0x31) from server.
2024-02-05 13:44:31 [INFO] Connection: Connection closed
2024-02-05 13:44:31 [INFO] Connection: Connection closed
2024-02-05 13:44:37 [INFO] UdsClient: RoutineControl<0x31> - ControlType=0x01 - Starting routine ID 0x01a9 (TachographTestIds) with a payload of 1 bytes
2024-02-05 13:44:37 [DEBUG] Connection: Sending 5 bytes : [b'310101a964']
2024-02-05 13:44:37 [INFO] UdsClient: Received positive response for service RoutineControl (0x31) from server.
2024-02-05 13:44:40 [INFO] UdsClient: RoutineControl<0x31> - ControlType=0x02 - Stoping routine ID 0x01a9 (TachographTestIds) with a payload of 1 bytes
2024-02-05 13:44:40 [DEBUG] Connection: Sending 5 bytes : [b'310201a964']
2024-02-05 13:44:40 [INFO] UdsClient: Received positive response for service RoutineControl (0x31) from server.
2024-02-05 13:44:40 [INFO] Connection: Connection closed
2024-02-05 13:44:40 [INFO] Connection: Connection closed
2024-02-05 14:55:34 [INFO] UdsClient: SecurityAccess<0x27> - Requesting seed to unlock security access level 0x03
2024-02-05 14:55:34 [DEBUG] Connection: Sending 2 bytes : [b'2703']
2024-02-05 14:55:34 [INFO] UdsClient: Received positive response for service SecurityAccess (0x27) from server.
2024-02-05 14:55:34 [INFO] UdsClient: SecurityAccess<0x27> - Sending key to unlock security access level 0x04
2024-02-05 14:55:34 [DEBUG] Connection: Sending 18 bytes : [b'2704b2a606df85cecc956b35bb9e664b61c0']
2024-02-05 14:55:34 [INFO] UdsClient: Received positive response for service SecurityAccess (0x27) from server.
2024-02-05 14:55:34 [INFO] UdsClient: DiagnosticSessionControl<0x10> - Switching session to extendedDiagnosticSession (0x03)
2024-02-05 14:55:34 [DEBUG] Connection: Sending 2 bytes : [b'1003']
2024-02-05 14:55:34 [INFO] UdsClient: Received positive response for service DiagnosticSessionControl (0x10) from server.
2024-02-05 14:55:34 [INFO] UdsClient: DiagnosticSessionControl<0x10> - Received new timing parameters. P2=0.500s and P2*=10.000s.  Using these value from now on.
2024-02-05 14:55:34 [INFO] Connection: Connection closed
2024-02-05 14:55:34 [INFO] Connection: Connection closed
2024-02-05 14:55:57 [INFO] UdsClient: SecurityAccess<0x27> - Requesting seed to unlock security access level 0x03
2024-02-05 14:55:57 [DEBUG] Connection: Sending 2 bytes : [b'2703']
2024-02-05 14:55:57 [INFO] UdsClient: Received positive response for service SecurityAccess (0x27) from server.
2024-02-05 14:55:57 [INFO] UdsClient: SecurityAccess<0x27> - Sending key to unlock security access level 0x04
2024-02-05 14:55:57 [DEBUG] Connection: Sending 18 bytes : [b'2704912ee5496f9934fc9f53e44e60b67b20']
2024-02-05 14:55:57 [INFO] UdsClient: Received positive response for service SecurityAccess (0x27) from server.
2024-02-05 14:55:57 [INFO] UdsClient: DiagnosticSessionControl<0x10> - Switching session to extendedDiagnosticSession (0x03)
2024-02-05 14:55:57 [DEBUG] Connection: Sending 2 bytes : [b'1003']
2024-02-05 14:55:57 [INFO] UdsClient: Received positive response for service DiagnosticSessionControl (0x10) from server.
2024-02-05 14:55:57 [INFO] UdsClient: DiagnosticSessionControl<0x10> - Received new timing parameters. P2=0.500s and P2*=10.000s.  Using these value from now on.
2024-02-05 14:55:57 [INFO] Connection: Connection closed
2024-02-05 14:55:57 [INFO] Connection: Connection closed
2024-02-05 19:49:54 [INFO] UdsClient: SecurityAccess<0x27> - Requesting seed to unlock security access level 0x03
2024-02-05 19:49:54 [DEBUG] Connection: Sending 2 bytes : [b'2703']
2024-02-05 19:49:54 [INFO] UdsClient: Received positive response for service SecurityAccess (0x27) from server.
2024-02-05 19:49:54 [INFO] UdsClient: SecurityAccess<0x27> - Sending key to unlock security access level 0x04
2024-02-05 19:49:54 [DEBUG] Connection: Sending 18 bytes : [b'27046c5aa0ad62ab252f691ed36ce6acc1b5']
2024-02-05 19:49:54 [INFO] UdsClient: Received positive response for service SecurityAccess (0x27) from server.
2024-02-05 19:49:54 [INFO] UdsClient: DiagnosticSessionControl<0x10> - Switching session to extendedDiagnosticSession (0x03)
2024-02-05 19:49:54 [DEBUG] Connection: Sending 2 bytes : [b'1003']
2024-02-05 19:49:54 [INFO] UdsClient: Received positive response for service DiagnosticSessionControl (0x10) from server.
2024-02-05 19:49:54 [INFO] UdsClient: DiagnosticSessionControl<0x10> - Received new timing parameters. P2=0.500s and P2*=10.000s.  Using these value from now on.
2024-02-05 19:49:54 [INFO] Connection: Connection closed
2024-02-05 19:49:54 [INFO] Connection: Connection closed
2024-02-05 19:50:21 [INFO] UdsClient: RoutineControl<0x31> - ControlType=0x01 - Starting routine ID 0x01a9 (TachographTestIds) with a payload of 1 bytes
2024-02-05 19:50:21 [DEBUG] Connection: Sending 5 bytes : [b'310101a964']
2024-02-05 19:50:21 [INFO] UdsClient: Received positive response for service RoutineControl (0x31) from server.
2024-02-05 19:50:23 [INFO] UdsClient: RoutineControl<0x31> - ControlType=0x02 - Stoping routine ID 0x01a9 (TachographTestIds) with a payload of 1 bytes
2024-02-05 19:50:23 [DEBUG] Connection: Sending 5 bytes : [b'310201a964']
2024-02-05 19:50:23 [INFO] UdsClient: Received positive response for service RoutineControl (0x31) from server.
2024-02-05 19:50:23 [INFO] Connection: Connection closed
2024-02-05 19:50:23 [INFO] Connection: Connection closed
2024-02-11 01:24:53 [INFO] UdsClient: RoutineControl<0x31> - ControlType=0x01 - Starting routine ID 0x01a9 (TachographTestIds) with a payload of 1 bytes
2024-02-11 01:24:53 [DEBUG] Connection: Sending 5 bytes : [b'310101a964']
2024-02-11 01:24:53 [INFO] UdsClient: Received positive response for service RoutineControl (0x31) from server.
2024-02-11 01:24:58 [INFO] UdsClient: RoutineControl<0x31> - ControlType=0x02 - Stoping routine ID 0x01a9 (TachographTestIds) with a payload of 1 bytes
2024-02-11 01:24:58 [DEBUG] Connection: Sending 5 bytes : [b'310201a964']
2024-02-11 01:24:58 [INFO] UdsClient: Received positive response for service RoutineControl (0x31) from server.
2024-02-11 01:24:58 [INFO] Connection: Connection closed
2024-02-11 01:24:58 [INFO] Connection: Connection closed
2024-02-11 02:13:17 [INFO] UdsClient: RoutineControl<0x31> - ControlType=0x01 - Starting routine ID 0x04f1 (VehicleManufacturerSpecific) with a payload of 1 bytes
2024-02-11 02:13:17 [DEBUG] Connection: Sending 5 bytes : [b'310104f15f']
2024-02-11 02:13:17 [INFO] UdsClient: Received positive response for service RoutineControl (0x31) from server.
2024-02-11 02:13:19 [INFO] UdsClient: RoutineControl<0x31> - ControlType=0x02 - Stoping routine ID 0x04f1 (VehicleManufacturerSpecific) with a payload of 1 bytes
2024-02-11 02:13:19 [DEBUG] Connection: Sending 5 bytes : [b'310204f15f']
2024-02-11 02:13:19 [INFO] UdsClient: Received positive response for service RoutineControl (0x31) from server.
2024-02-11 02:13:19 [INFO] Connection: Connection closed
2024-02-11 02:13:19 [INFO] Connection: Connection closed
2024-02-11 03:09:13 [INFO] UdsClient: RoutineControl<0x31> - ControlType=0x01 - Starting routine ID 0x0203 (VehicleManufacturerSpecific) with a payload of 1 bytes
2024-02-11 03:09:13 [DEBUG] Connection: Sending 5 bytes : [b'3101020310']
2024-02-11 03:09:13 [ERROR] UdsClient: [TypeError] : object of type 'NoneType' has no len()
2024-02-11 03:09:13 [INFO] Connection: Connection closed
2024-02-11 03:09:13 [INFO] Connection: Connection closed
2024-02-11 03:11:56 [INFO] UdsClient: RoutineControl<0x31> - ControlType=0x01 - Starting routine ID 0x0203 (VehicleManufacturerSpecific) with a payload of 1 bytes
2024-02-11 03:11:56 [DEBUG] Connection: Sending 5 bytes : [b'3101020310']
2024-02-11 03:11:56 [ERROR] UdsClient: [TypeError] : object of type 'NoneType' has no len()
2024-02-11 03:11:56 [INFO] Connection: Connection closed
2024-02-11 03:11:56 [INFO] Connection: Connection closed
2024-02-11 03:15:48 [INFO] UdsClient: RoutineControl<0x31> - ControlType=0x01 - Starting routine ID 0x0203 (VehicleManufacturerSpecific) with a payload of 1 bytes
2024-02-11 03:15:48 [DEBUG] Connection: Sending 5 bytes : [b'3101020310']
2024-02-11 03:15:48 [ERROR] UdsClient: [TypeError] : object of type 'NoneType' has no len()
2024-02-11 03:15:48 [INFO] Connection: Connection closed
2024-02-11 03:15:48 [INFO] Connection: Connection closed
2024-02-11 03:17:22 [INFO] UdsClient: RoutineControl<0x31> - ControlType=0x01 - Starting routine ID 0x0203 (VehicleManufacturerSpecific) with a payload of 1 bytes
2024-02-11 03:17:22 [DEBUG] Connection: Sending 5 bytes : [b'3101020310']
2024-02-11 03:17:22 [WARNING] UdsClient: RoutineControl service execution returned a negative response RequestOutOfRange (0x31)
2024-02-11 03:17:24 [INFO] UdsClient: RoutineControl<0x31> - ControlType=0x02 - Stoping routine ID 0x0203 (VehicleManufacturerSpecific) with a payload of 1 bytes
2024-02-11 03:17:24 [DEBUG] Connection: Sending 5 bytes : [b'3102020310']
2024-02-11 03:17:24 [INFO] UdsClient: Received positive response for service RoutineControl (0x31) from server.
2024-02-11 03:17:24 [INFO] Connection: Connection closed
2024-02-11 03:17:24 [INFO] Connection: Connection closed
2024-02-11 03:17:50 [INFO] UdsClient: RoutineControl<0x31> - ControlType=0x01 - Starting routine ID 0x0203 (VehicleManufacturerSpecific) with a payload of 1 bytes
2024-02-11 03:17:50 [DEBUG] Connection: Sending 5 bytes : [b'3101020310']
2024-02-11 03:17:50 [WARNING] UdsClient: RoutineControl service execution returned a negative response RequestOutOfRange (0x31)
2024-02-11 03:17:52 [INFO] UdsClient: RoutineControl<0x31> - ControlType=0x02 - Stoping routine ID 0x0203 (VehicleManufacturerSpecific) with a payload of 1 bytes
2024-02-11 03:17:52 [DEBUG] Connection: Sending 5 bytes : [b'3102020310']
2024-02-11 03:17:52 [INFO] UdsClient: Received positive response for service RoutineControl (0x31) from server.
2024-02-11 03:17:52 [INFO] Connection: Connection closed
2024-02-11 03:17:52 [INFO] Connection: Connection closed
2024-02-11 03:18:59 [INFO] UdsClient: RoutineControl<0x31> - ControlType=0x01 - Starting routine ID 0x0203 (VehicleManufacturerSpecific) with a payload of 1 bytes
2024-02-11 03:18:59 [DEBUG] Connection: Sending 5 bytes : [b'3101020301']
2024-02-11 03:18:59 [WARNING] UdsClient: RoutineControl service execution returned a negative response RequestOutOfRange (0x31)
2024-02-11 03:19:01 [INFO] UdsClient: RoutineControl<0x31> - ControlType=0x02 - Stoping routine ID 0x0203 (VehicleManufacturerSpecific) with a payload of 1 bytes
2024-02-11 03:19:01 [DEBUG] Connection: Sending 5 bytes : [b'3102020301']
2024-02-11 03:19:01 [INFO] UdsClient: Received positive response for service RoutineControl (0x31) from server.
2024-02-11 03:19:01 [INFO] Connection: Connection closed
2024-02-11 03:19:01 [INFO] Connection: Connection closed
2024-02-11 03:20:41 [INFO] UdsClient: RoutineControl<0x31> - ControlType=0x01 - Starting routine ID 0x0203 (VehicleManufacturerSpecific) with a payload of 1 bytes
2024-02-11 03:20:41 [DEBUG] Connection: Sending 5 bytes : [b'3101020364']
2024-02-11 03:20:41 [WARNING] UdsClient: RoutineControl service execution returned a negative response RequestOutOfRange (0x31)
2024-02-11 03:20:43 [INFO] UdsClient: RoutineControl<0x31> - ControlType=0x02 - Stoping routine ID 0x0203 (VehicleManufacturerSpecific) with a payload of 1 bytes
2024-02-11 03:20:43 [DEBUG] Connection: Sending 5 bytes : [b'3102020364']
2024-02-11 03:20:43 [INFO] UdsClient: Received positive response for service RoutineControl (0x31) from server.
2024-02-11 03:20:43 [INFO] Connection: Connection closed
2024-02-11 03:20:43 [INFO] Connection: Connection closed
2024-02-11 03:22:42 [INFO] UdsClient: RoutineControl<0x31> - ControlType=0x01 - Starting routine ID 0x0203 (VehicleManufacturerSpecific) with a payload of 1 bytes
2024-02-11 03:22:42 [DEBUG] Connection: Sending 5 bytes : [b'3101020364']
2024-02-11 03:22:42 [WARNING] UdsClient: RoutineControl service execution returned a negative response RequestOutOfRange (0x31)
2024-02-11 03:22:44 [INFO] UdsClient: RoutineControl<0x31> - ControlType=0x02 - Stoping routine ID 0x0203 (VehicleManufacturerSpecific) with a payload of 1 bytes
2024-02-11 03:22:44 [DEBUG] Connection: Sending 5 bytes : [b'3102020364']
2024-02-11 03:22:44 [INFO] UdsClient: Received positive response for service RoutineControl (0x31) from server.
2024-02-11 03:22:44 [INFO] Connection: Connection closed
2024-02-11 03:22:44 [INFO] Connection: Connection closed
2024-02-11 03:23:50 [INFO] UdsClient: RoutineControl<0x31> - ControlType=0x01 - Starting routine ID 0x0203 (VehicleManufacturerSpecific) with a payload of 1 bytes
2024-02-11 03:23:50 [DEBUG] Connection: Sending 5 bytes : [b'3101020364']
2024-02-11 03:23:50 [WARNING] UdsClient: RoutineControl service execution returned a negative response RequestOutOfRange (0x31)
2024-02-11 03:23:52 [INFO] UdsClient: RoutineControl<0x31> - ControlType=0x02 - Stoping routine ID 0x0203 (VehicleManufacturerSpecific) with a payload of 1 bytes
2024-02-11 03:23:52 [DEBUG] Connection: Sending 5 bytes : [b'3102020364']
2024-02-11 03:23:52 [INFO] UdsClient: Received positive response for service RoutineControl (0x31) from server.
2024-02-11 03:23:52 [INFO] Connection: Connection closed
2024-02-11 03:23:52 [INFO] Connection: Connection closed
2024-02-11 03:25:58 [INFO] UdsClient: RoutineControl<0x31> - ControlType=0x01 - Starting routine ID 0x0203 (VehicleManufacturerSpecific) with a payload of 1 bytes
2024-02-11 03:25:58 [DEBUG] Connection: Sending 5 bytes : [b'3101020364']
2024-02-11 03:25:58 [WARNING] UdsClient: RoutineControl service execution returned a negative response RequestOutOfRange (0x31)
2024-02-11 03:26:00 [INFO] UdsClient: RoutineControl<0x31> - ControlType=0x02 - Stoping routine ID 0x0203 (VehicleManufacturerSpecific) with a payload of 1 bytes
2024-02-11 03:26:00 [DEBUG] Connection: Sending 5 bytes : [b'3102020364']
2024-02-11 03:26:00 [INFO] UdsClient: Received positive response for service RoutineControl (0x31) from server.
2024-02-11 03:26:00 [INFO] Connection: Connection closed
2024-02-11 03:26:00 [INFO] Connection: Connection closed
2024-02-11 03:28:14 [INFO] UdsClient: RoutineControl<0x31> - ControlType=0x01 - Starting routine ID 0x0203 (VehicleManufacturerSpecific) with a payload of 1 bytes
2024-02-11 03:28:14 [DEBUG] Connection: Sending 5 bytes : [b'3101020364']
2024-02-11 03:28:14 [INFO] UdsClient: Received positive response for service RoutineControl (0x31) from server.
2024-02-11 03:28:16 [INFO] UdsClient: RoutineControl<0x31> - ControlType=0x02 - Stoping routine ID 0x0203 (VehicleManufacturerSpecific) with a payload of 1 bytes
2024-02-11 03:28:16 [DEBUG] Connection: Sending 5 bytes : [b'3102020364']
2024-02-11 03:28:16 [INFO] UdsClient: Received positive response for service RoutineControl (0x31) from server.
2024-02-11 03:28:16 [INFO] Connection: Connection closed
2024-02-11 03:28:16 [INFO] Connection: Connection closed
2024-02-12 14:49:58 [INFO] UdsClient: RoutineControl<0x31> - ControlType=0x01 - Starting routine ID 0x01a9 (TachographTestIds) with a payload of 1 bytes
2024-02-12 14:49:58 [DEBUG] Connection: Sending 5 bytes : [b'310101a964']
2024-02-12 14:49:58 [ERROR] UdsClient: [TypeError] : object of type 'NoneType' has no len()
2024-02-12 14:49:58 [INFO] Connection: Connection closed
2024-02-12 14:49:58 [INFO] Connection: Connection closed
2024-02-12 14:54:11 [INFO] UdsClient: RoutineControl<0x31> - ControlType=0x01 - Starting routine ID 0x01a9 (TachographTestIds) with a payload of 1 bytes
2024-02-12 14:54:11 [DEBUG] Connection: Sending 5 bytes : [b'310101a964']
2024-02-12 14:54:11 [INFO] UdsClient: Received positive response for service RoutineControl (0x31) from server.
2024-02-12 14:54:13 [INFO] UdsClient: RoutineControl<0x31> - ControlType=0x02 - Stoping routine ID 0x01a9 (TachographTestIds) with a payload of 1 bytes
2024-02-12 14:54:13 [DEBUG] Connection: Sending 5 bytes : [b'310201a964']
2024-02-12 14:55:03 [ERROR] UdsClient: [TypeError] : object of type 'NoneType' has no len()
2024-02-12 14:55:03 [INFO] Connection: Connection closed
2024-02-12 14:55:03 [INFO] Connection: Connection closed
2024-02-12 14:57:08 [INFO] UdsClient: RoutineControl<0x31> - ControlType=0x01 - Starting routine ID 0x01a9 (TachographTestIds) with a payload of 1 bytes
2024-02-12 14:57:08 [DEBUG] Connection: Sending 5 bytes : [b'310101a964']
2024-02-12 14:57:08 [INFO] UdsClient: Received positive response for service RoutineControl (0x31) from server.
2024-02-12 14:59:35 [INFO] UdsClient: RoutineControl<0x31> - ControlType=0x02 - Stoping routine ID 0x01a9 (TachographTestIds) with a payload of 1 bytes
2024-02-12 14:59:45 [DEBUG] Connection: Sending 5 bytes : [b'310201a964']
2024-02-12 14:59:45 [INFO] UdsClient: Received positive response for service RoutineControl (0x31) from server.
2024-02-12 14:59:45 [INFO] Connection: Connection closed
2024-02-12 14:59:45 [INFO] Connection: Connection closed
2024-02-12 15:04:13 [INFO] UdsClient: RoutineControl<0x31> - ControlType=0x01 - Starting routine ID 0x01a9 (TachographTestIds) with a payload of 1 bytes
2024-02-12 15:04:13 [DEBUG] Connection: Sending 5 bytes : [b'310101a964']
2024-02-12 15:04:14 [ERROR] UdsClient: [TypeError] : object of type 'NoneType' has no len()
2024-02-12 15:04:14 [INFO] Connection: Connection closed
2024-02-12 15:04:14 [INFO] Connection: Connection closed
2024-02-12 15:17:36 [INFO] UdsClient: RoutineControl<0x31> - ControlType=0x01 - Starting routine ID 0x01a9 (TachographTestIds) with a payload of 1 bytes
2024-02-12 15:17:36 [DEBUG] Connection: Sending 5 bytes : [b'310101a964']
2024-02-12 15:17:36 [ERROR] UdsClient: [TypeError] : object of type 'NoneType' has no len()
2024-02-12 15:17:37 [INFO] Connection: Connection closed
2024-02-12 15:17:37 [INFO] Connection: Connection closed
2024-03-25 22:11:53 [INFO] UdsClient: RoutineControl<0x31> - ControlType=0x01 - Starting routine ID 0x01a9 (TachographTestIds) with a payload of 1 bytes
2024-03-25 22:11:53 [DEBUG] Connection: Sending 5 bytes : [b'310101a964']
2024-03-25 22:11:53 [ERROR] UdsClient: [TypeError] : object of type 'NoneType' has no len()
2024-03-25 22:11:53 [INFO] Connection: Connection closed
2024-03-25 22:11:53 [INFO] Connection: Connection closed
2024-03-25 22:12:53 [INFO] UdsClient: RoutineControl<0x31> - ControlType=0x01 - Starting routine ID 0x01a9 (TachographTestIds) with a payload of 1 bytes
2024-03-25 22:12:53 [DEBUG] Connection: Sending 5 bytes : [b'310101a964']
2024-03-25 22:12:53 [ERROR] UdsClient: [UnexpectedResponseException] : WriteDataByIdentifier service execution returned a valid response but unexpected. Details : Response gotten from server has a service ID different than the request service ID. Received=0x6e, Expected=0x71 
2024-03-25 22:12:53 [INFO] Connection: Connection closed
2024-03-25 22:12:53 [INFO] Connection: Connection closed
2024-03-25 22:14:22 [INFO] UdsClient: SecurityAccess<0x27> - Requesting seed to unlock security access level 0x03
2024-03-25 22:14:22 [DEBUG] Connection: Sending 2 bytes : [b'2703']
2024-03-25 22:14:22 [INFO] UdsClient: Received positive response for service SecurityAccess (0x27) from server.
2024-03-25 22:14:22 [INFO] UdsClient: SecurityAccess<0x27> - Sending key to unlock security access level 0x04
2024-03-25 22:14:22 [DEBUG] Connection: Sending 18 bytes : [b'2704d637bc41113bcd21d95f97660d9b4e69']
2024-03-25 22:14:22 [INFO] UdsClient: Received positive response for service SecurityAccess (0x27) from server.
2024-03-25 22:14:22 [INFO] Connection: Connection closed
2024-03-25 22:14:22 [INFO] Connection: Connection closed
2024-03-25 22:14:44 [INFO] UdsClient: SecurityAccess<0x27> - Requesting seed to unlock security access level 0x03
2024-03-25 22:14:44 [DEBUG] Connection: Sending 2 bytes : [b'2703']
2024-03-25 22:14:44 [INFO] UdsClient: Received positive response for service SecurityAccess (0x27) from server.
2024-03-25 22:14:44 [INFO] UdsClient: SecurityAccess<0x27> - Sending key to unlock security access level 0x04
2024-03-25 22:14:44 [DEBUG] Connection: Sending 18 bytes : [b'27048fe6a4e34d9972b878779d92dc485cf1']
2024-03-25 22:14:44 [INFO] UdsClient: Received positive response for service SecurityAccess (0x27) from server.
2024-03-25 22:14:44 [INFO] Connection: Connection closed
2024-03-25 22:14:44 [INFO] Connection: Connection closed
2024-03-26 00:08:33 [INFO] UdsClient: SecurityAccess<0x27> - Requesting seed to unlock security access level 0x03
2024-03-26 00:08:33 [DEBUG] Connection: Sending 2 bytes : [b'2703']
2024-03-26 00:08:33 [ERROR] UdsClient: [TypeError] : object of type 'NoneType' has no len()
2024-03-26 00:08:33 [INFO] Connection: Connection closed
2024-03-26 00:08:33 [INFO] Connection: Connection closed
2024-03-26 00:08:40 [INFO] UdsClient: SecurityAccess<0x27> - Requesting seed to unlock security access level 0x03
2024-03-26 00:08:40 [DEBUG] Connection: Sending 2 bytes : [b'2703']
2024-03-26 00:08:40 [INFO] UdsClient: Received positive response for service SecurityAccess (0x27) from server.
2024-03-26 00:08:40 [INFO] UdsClient: SecurityAccess<0x27> - Sending key to unlock security access level 0x04
2024-03-26 00:08:40 [DEBUG] Connection: Sending 18 bytes : [b'27040e54b7f76a40b52664075e3430e7e6f0']
2024-03-26 00:08:40 [INFO] UdsClient: Received positive response for service SecurityAccess (0x27) from server.
2024-03-26 00:08:40 [INFO] Connection: Connection closed
2024-03-26 00:08:40 [INFO] Connection: Connection closed
2024-03-26 00:20:34 [INFO] UdsClient: SecurityAccess<0x27> - Requesting seed to unlock security access level 0x03
2024-03-26 00:20:34 [DEBUG] Connection: Sending 2 bytes : [b'2703']
2024-03-26 00:20:34 [INFO] UdsClient: Received positive response for service SecurityAccess (0x27) from server.
2024-03-26 00:20:34 [INFO] UdsClient: SecurityAccess<0x27> - Sending key to unlock security access level 0x04
2024-03-26 00:20:34 [DEBUG] Connection: Sending 18 bytes : [b'2704c079d43ffe2f55751b3cf2f57fcdebcb']
2024-03-26 00:20:34 [INFO] UdsClient: Received positive response for service SecurityAccess (0x27) from server.
2024-03-26 00:20:34 [INFO] Connection: Connection closed
2024-03-26 00:20:34 [INFO] Connection: Connection closed
2024-03-26 00:22:31 [INFO] UdsClient: SecurityAccess<0x27> - Requesting seed to unlock security access level 0x03
2024-03-26 00:22:31 [DEBUG] Connection: Sending 2 bytes : [b'2703']
2024-03-26 00:22:31 [INFO] UdsClient: Received positive response for service SecurityAccess (0x27) from server.
2024-03-26 00:22:31 [INFO] UdsClient: SecurityAccess<0x27> - Sending key to unlock security access level 0x04
2024-03-26 00:22:31 [DEBUG] Connection: Sending 18 bytes : [b'2704000102030405060708090a0b0c0d0e10']
2024-03-26 00:22:31 [INFO] UdsClient: Received positive response for service SecurityAccess (0x27) from server.
2024-03-26 00:22:31 [INFO] Connection: Connection closed
2024-03-26 00:22:31 [INFO] Connection: Connection closed
2024-03-26 00:28:46 [INFO] UdsClient: SecurityAccess<0x27> - Requesting seed to unlock security access level 0x03
2024-03-26 00:28:46 [DEBUG] Connection: Sending 2 bytes : [b'2703']
2024-03-26 00:28:46 [INFO] UdsClient: Received positive response for service SecurityAccess (0x27) from server.
2024-03-26 00:28:46 [INFO] UdsClient: SecurityAccess<0x27> - Sending key to unlock security access level 0x04
2024-03-26 00:28:46 [DEBUG] Connection: Sending 18 bytes : [b'2704000102030405060708090a0b0c0d0e10']
2024-03-26 00:28:46 [INFO] UdsClient: Received positive response for service SecurityAccess (0x27) from server.
2024-03-26 00:28:46 [INFO] Connection: Connection closed
2024-03-26 00:28:46 [INFO] Connection: Connection closed
2024-03-26 00:29:55 [INFO] UdsClient: SecurityAccess<0x27> - Requesting seed to unlock security access level 0x03
2024-03-26 00:29:55 [DEBUG] Connection: Sending 2 bytes : [b'2703']
2024-03-26 00:29:55 [INFO] UdsClient: Received positive response for service SecurityAccess (0x27) from server.
2024-03-26 00:29:55 [INFO] UdsClient: SecurityAccess<0x27> - Sending key to unlock security access level 0x04
2024-03-26 00:29:55 [DEBUG] Connection: Sending 18 bytes : [b'2704000102030405060708090a0b0c0d0e10']
2024-03-26 00:29:55 [INFO] UdsClient: Received positive response for service SecurityAccess (0x27) from server.
2024-03-26 00:29:55 [INFO] Connection: Connection closed
2024-03-26 00:29:55 [INFO] Connection: Connection closed
2024-03-26 00:43:22 [INFO] UdsClient: SecurityAccess<0x27> - Requesting seed to unlock security access level 0x03
2024-03-26 00:43:22 [DEBUG] Connection: Sending 2 bytes : [b'2703']
2024-03-26 00:43:22 [INFO] UdsClient: Received positive response for service SecurityAccess (0x27) from server.
2024-03-26 00:43:22 [INFO] UdsClient: SecurityAccess<0x27> - Sending key to unlock security access level 0x04
2024-03-26 00:43:22 [DEBUG] Connection: Sending 18 bytes : [b'2704000102030405060708090a0b0c0d0e10']
2024-03-26 00:43:22 [INFO] UdsClient: Received positive response for service SecurityAccess (0x27) from server.
2024-03-26 00:43:22 [INFO] Connection: Connection closed
2024-03-26 00:43:22 [INFO] Connection: Connection closed
2024-03-26 00:55:26 [INFO] UdsClient: SecurityAccess<0x27> - Requesting seed to unlock security access level 0x03
2024-03-26 00:55:26 [DEBUG] Connection: Sending 2 bytes : [b'2703']
2024-03-26 00:55:26 [INFO] UdsClient: Received positive response for service SecurityAccess (0x27) from server.
2024-03-26 00:55:26 [INFO] UdsClient: SecurityAccess<0x27> - Sending key to unlock security access level 0x04
2024-03-26 00:55:26 [DEBUG] Connection: Sending 18 bytes : [b'2704000102030405060708090a0b0c0d0e10']
2024-03-26 00:55:26 [INFO] UdsClient: Received positive response for service SecurityAccess (0x27) from server.
2024-03-26 00:55:26 [INFO] Connection: Connection closed
2024-03-26 00:55:26 [INFO] Connection: Connection closed
2024-03-26 09:52:51 [INFO] UdsClient: SecurityAccess<0x27> - Requesting seed to unlock security access level 0x03
2024-03-26 09:52:51 [DEBUG] Connection: Sending 2 bytes : [b'2703']
2024-03-26 09:52:51 [INFO] UdsClient: Received positive response for service SecurityAccess (0x27) from server.
2024-03-26 09:52:51 [INFO] UdsClient: SecurityAccess<0x27> - Sending key to unlock security access level 0x04
2024-03-26 09:52:51 [DEBUG] Connection: Sending 18 bytes : [b'2704000102030405060708090a0b0c0d0e10']
2024-03-26 09:52:51 [INFO] UdsClient: Received positive response for service SecurityAccess (0x27) from server.
2024-03-26 09:52:51 [INFO] Connection: Connection closed
2024-03-26 09:52:51 [INFO] Connection: Connection closed
2025-11-09 23:40:43 [INFO] UdsClient: SecurityAccess<0x27> - Requesting seed to unlock security access level 0x03
2025-11-09 23:40:43 [DEBUG] Connection: Sending 2 bytes : [b'2703']
2025-11-09 23:40:43 [DEBUG] Connection: Received 18 bytes : [b'6703fc981000330ed54dc00d5b7345950638']
2025-11-09 23:40:43 [INFO] UdsClient: Received positive response for service SecurityAccess (0x27) from server.
2025-11-09 23:40:43 [INFO] UdsClient: SecurityAccess<0x27> - Sending key to unlock security access level 0x04
2025-11-09 23:40:43 [DEBUG] Connection: Sending 18 bytes : [b'2704fc981000330ed54dc00d5b7345950639']
2025-11-09 23:40:43 [DEBUG] Connection: Received 2 bytes : [b'6704']
2025-11-09 23:40:43 [INFO] UdsClient: Received positive response for service SecurityAccess (0x27) from server.
2025-11-09 23:40:43 [INFO] UdsClient: RoutineControl<0x31> - ControlType=0x01 - Starting routine ID 0x0203 (VehicleManufacturerSpecific) with a payload of 1 bytes
2025-11-09 23:40:43 [DEBUG] Connection: Sending 5 bytes : [b'3101020364']
2025-11-09 23:40:44 [DEBUG] Connection: No data received: [TimeoutException] - Did not received ISOTP frame in time (timeout=1 sec) 
2025-11-09 23:40:44 [ERROR] UdsClient: [TimeoutException] : Did not receive response in time. P2 timeout time has expired (timeout=1.000 sec)
2025-11-09 23:40:44 [INFO] Connection: Connection closed
2025-11-09 23:40:44 [INFO] Connection: Connection closed
2025-11-09 23:41:33 [INFO] UdsClient: SecurityAccess<0x27> - Requesting seed to unlock security access level 0x03
2025-11-09 23:41:33 [DEBUG] Connection: Sending 2 bytes : [b'2703']
2025-11-09 23:41:34 [DEBUG] Connection: No data received: [TimeoutException] - Did not received ISOTP frame in time (timeout=1 sec) 
2025-11-09 23:41:34 [ERROR] UdsClient: [TimeoutException] : Did not receive response in time. P2 timeout time has expired (timeout=1.000 sec)
2025-11-09 23:41:34 [INFO] Connection: Connection closed
2025-11-09 23:41:34 [INFO] Connection: Connection closed
2025-11-09 23:41:48 [INFO] UdsClient: SecurityAccess<0x27> - Requesting seed to unlock security access level 0x03
2025-11-09 23:41:48 [DEBUG] Connection: Sending 2 bytes : [b'2703']
2025-11-09 23:41:48 [DEBUG] Connection: Received 18 bytes : [b'6703de337590877b3489b8c39439b446f81e']
2025-11-09 23:41:48 [INFO] UdsClient: Received positive response for service SecurityAccess (0x27) from server.
2025-11-09 23:41:48 [INFO] UdsClient: SecurityAccess<0x27> - Sending key to unlock security access level 0x04
2025-11-09 23:41:48 [DEBUG] Connection: Sending 18 bytes : [b'2704de337590877b3489b8c39439b446f81f']
2025-11-09 23:41:48 [DEBUG] Connection: Received 2 bytes : [b'6704']
2025-11-09 23:41:48 [INFO] UdsClient: Received positive response for service SecurityAccess (0x27) from server.
2025-11-09 23:41:48 [INFO] Connection: Connection closed
2025-11-09 23:41:48 [INFO] Connection: Connection closed
2025-11-09 23:42:04 [INFO] UdsClient: SecurityAccess<0x27> - Requesting seed to unlock security access level 0x05
2025-11-09 23:42:04 [DEBUG] Connection: Sending 2 bytes : [b'2705']
2025-11-09 23:42:04 [DEBUG] Connection: Received 66 bytes : [b'6705585af6136c5a75626afcaa99e10fda14dcb759c540c3ca011221ab4b4e1b013d4decc4dd216a5c086ff4487fa4ab20b7b0df269f090c67076d6db1d104672252']
2025-11-09 23:42:04 [INFO] UdsClient: Received positive response for service SecurityAccess (0x27) from server.
2025-11-09 23:42:04 [INFO] UdsClient: SecurityAccess<0x27> - Sending key to unlock security access level 0x06
2025-11-09 23:42:04 [DEBUG] Connection: Sending 66 bytes : [b'2706585af6136c5a75626afcaa99e10fda14dcb759c540c3ca011221ab4b4e1b013d4decc4dd216a5c086ff4487fa4ab20b7b0df269f090c67076d6db1d104672253']
2025-11-09 23:42:04 [DEBUG] Connection: Received 2 bytes : [b'6706']
2025-11-09 23:42:04 [INFO] UdsClient: Received positive response for service SecurityAccess (0x27) from server.
2025-11-09 23:42:04 [INFO] Connection: Connection closed
2025-11-09 23:42:04 [INFO] Connection: Connection closed
2025-11-09 23:42:15 [INFO] UdsClient: SecurityAccess<0x27> - Requesting seed to unlock security access level 0x01
2025-11-09 23:42:15 [DEBUG] Connection: Sending 2 bytes : [b'2701']
2025-11-09 23:42:15 [DEBUG] Connection: Received 10 bytes : [b'67013da677008f342b90']
2025-11-09 23:42:15 [INFO] UdsClient: Received positive response for service SecurityAccess (0x27) from server.
2025-11-09 23:42:15 [INFO] UdsClient: SecurityAccess<0x27> - Sending key to unlock security access level 0x02
2025-11-09 23:42:15 [DEBUG] Connection: Sending 10 bytes : [b'27023da677008f342b91']
2025-11-09 23:42:15 [DEBUG] Connection: Received 2 bytes : [b'6702']
2025-11-09 23:42:15 [INFO] UdsClient: Received positive response for service SecurityAccess (0x27) from server.
2025-11-09 23:42:15 [INFO] Connection: Connection closed
2025-11-09 23:42:15 [INFO] Connection: Connection closed
2025-11-09 23:42:23 [INFO] UdsClient: SecurityAccess<0x27> - Requesting seed to unlock security access level 0x01
2025-11-09 23:42:23 [DEBUG] Connection: Sending 2 bytes : [b'2701']
2025-11-09 23:42:23 [DEBUG] Connection: Received 10 bytes : [b'670155bf49af2dadbba4']
2025-11-09 23:42:23 [INFO] UdsClient: Received positive response for service SecurityAccess (0x27) from server.
2025-11-09 23:42:23 [INFO] UdsClient: SecurityAccess<0x27> - Sending key to unlock security access level 0x02
2025-11-09 23:42:23 [DEBUG] Connection: Sending 10 bytes : [b'270255bf49af2dadbba5']
2025-11-09 23:42:23 [DEBUG] Connection: Received 2 bytes : [b'6702']
2025-11-09 23:42:23 [INFO] UdsClient: Received positive response for service SecurityAccess (0x27) from server.
2025-11-09 23:42:23 [INFO] Connection: Connection closed
2025-11-09 23:42:23 [INFO] Connection: Connection closed
2025-11-09 23:51:51 [INFO] UdsClient: SecurityAccess<0x27> - Requesting seed to unlock security access level 0x03
2025-11-09 23:51:51 [DEBUG] Connection: Sending 2 bytes : [b'2703']
2025-11-09 23:51:51 [DEBUG] Connection: Received 18 bytes : [b'6703938c8269bb8a163b5a4e66ee47ae5411']
2025-11-09 23:51:51 [INFO] UdsClient: Received positive response for service SecurityAccess (0x27) from server.
2025-11-09 23:51:51 [INFO] UdsClient: SecurityAccess<0x27> - Sending key to unlock security access level 0x04
2025-11-09 23:51:51 [DEBUG] Connection: Sending 18 bytes : [b'2704938c8269bb8a163b5a4e66ee47ae5412']
2025-11-09 23:51:51 [DEBUG] Connection: Received 2 bytes : [b'6704']
2025-11-09 23:51:51 [INFO] UdsClient: Received positive response for service SecurityAccess (0x27) from server.
2025-11-09 23:51:51 [INFO] Connection: Connection closed
2025-11-09 23:51:51 [INFO] Connection: Connection closed
2025-11-10 00:06:55 [INFO] UdsClient: SecurityAccess<0x27> - Requesting seed to unlock security access level 0x03
2025-11-10 00:06:55 [DEBUG] Connection: Sending 2 bytes : [b'2703']
2025-11-10 00:06:56 [DEBUG] Connection: No data received: [TimeoutException] - Did not received ISOTP frame in time (timeout=1 sec) 
2025-11-10 00:06:56 [ERROR] UdsClient: [TimeoutException] : Did not receive response in time. P2 timeout time has expired (timeout=1.000 sec)
2025-11-10 00:06:56 [INFO] Connection: Connection closed
2025-11-10 00:06:56 [INFO] Connection: Connection closed
2025-11-10 00:07:47 [INFO] UdsClient: SecurityAccess<0x27> - Requesting seed to unlock security access level 0x03
2025-11-10 00:07:47 [DEBUG] Connection: Sending 2 bytes : [b'2703']
2025-11-10 00:07:47 [DEBUG] Connection: Received 18 bytes : [b'6703000102030405060708090a0b0c0d0e0f']
2025-11-10 00:07:47 [INFO] UdsClient: Received positive response for service SecurityAccess (0x27) from server.
2025-11-10 00:07:47 [INFO] UdsClient: SecurityAccess<0x27> - Sending key to unlock security access level 0x04
2025-11-10 00:07:47 [DEBUG] Connection: Sending 18 bytes : [b'270435343736313033323d3c3f3e39383b3a']
2025-11-10 00:07:47 [DEBUG] Connection: Received 2 bytes : [b'6704']
2025-11-10 00:07:47 [INFO] UdsClient: Received positive response for service SecurityAccess (0x27) from server.
2025-11-10 00:07:47 [INFO] Connection: Connection closed
2025-11-10 00:07:47 [INFO] Connection: Connection closed
2025-11-10 00:30:37 [INFO] UdsClient: SecurityAccess<0x27> - Requesting seed to unlock security access level 0x03
2025-11-10 00:30:37 [DEBUG] Connection: Sending 2 bytes : [b'2703']
2025-11-10 00:30:37 [DEBUG] Connection: Received 18 bytes : [b'6703000102030405060708090a0b0c0d0e0f']
2025-11-10 00:30:37 [INFO] UdsClient: Received positive response for service SecurityAccess (0x27) from server.
2025-11-10 00:30:37 [INFO] UdsClient: SecurityAccess<0x27> - Sending key to unlock security access level 0x04
2025-11-10 00:30:37 [DEBUG] Connection: Sending 18 bytes : [b'270435343736313033323d3c3f3e39383b3a']
2025-11-10 00:30:37 [DEBUG] Connection: Received 2 bytes : [b'6704']
2025-11-10 00:30:37 [INFO] UdsClient: Received positive response for service SecurityAccess (0x27) from server.
2025-11-10 00:30:37 [INFO] Connection: Connection closed
2025-11-10 00:30:37 [INFO] Connection: Connection closed
2025-11-10 00:31:34 [INFO] UdsClient: SecurityAccess<0x27> - Requesting seed to unlock security access level 0x03
2025-11-10 00:31:34 [DEBUG] Connection: Sending 2 bytes : [b'2703']
2025-11-10 00:31:34 [DEBUG] Connection: Received 18 bytes : [b'6703000102030405060708090a0b0c0d0e0f']
2025-11-10 00:31:34 [INFO] UdsClient: Received positive response for service SecurityAccess (0x27) from server.
2025-11-10 00:31:34 [INFO] UdsClient: SecurityAccess<0x27> - Sending key to unlock security access level 0x04
2025-11-10 00:31:34 [DEBUG] Connection: Sending 18 bytes : [b'2704279fb74a7572135e8f9b8ef6d1eee003']
2025-11-10 00:31:34 [DEBUG] Connection: Received 3 bytes : [b'7f2733']
2025-11-10 00:31:34 [WARNING] UdsClient: SecurityAccess service execution returned a negative response SecurityAccessDenied (0x33)
2025-11-10 00:31:34 [INFO] Connection: Connection closed
2025-11-10 00:31:34 [INFO] Connection: Connection closed
2025-11-10 00:32:01 [INFO] UdsClient: SecurityAccess<0x27> - Requesting seed to unlock security access level 0x03
2025-11-10 00:32:01 [DEBUG] Connection: Sending 2 bytes : [b'2703']
2025-11-10 00:32:01 [DEBUG] Connection: Received 18 bytes : [b'6703000102030405060708090a0b0c0d0e0f']
2025-11-10 00:32:01 [INFO] UdsClient: Received positive response for service SecurityAccess (0x27) from server.
2025-11-10 00:32:01 [INFO] UdsClient: SecurityAccess<0x27> - Sending key to unlock security access level 0x04
2025-11-10 00:32:01 [DEBUG] Connection: Sending 18 bytes : [b'2704279fb74a7572135e8f9b8ef6d1eee003']
2025-11-10 00:32:01 [DEBUG] Connection: Received 2 bytes : [b'6704']
2025-11-10 00:32:01 [INFO] UdsClient: Received positive response for service SecurityAccess (0x27) from server.
2025-11-10 00:32:01 [INFO] Connection: Connection closed
2025-11-10 00:32:01 [INFO] Connection: Connection closed
2025-11-10 00:37:52 [INFO] UdsClient: SecurityAccess<0x27> - Requesting seed to unlock security access level 0x03
2025-11-10 00:37:52 [DEBUG] Connection: Sending 2 bytes : [b'2703']
2025-11-10 00:37:52 [DEBUG] Connection: Received 18 bytes : [b'67038fda2e2fd7783550921e2f5fa13e0942']
2025-11-10 00:37:52 [INFO] UdsClient: Received positive response for service SecurityAccess (0x27) from server.
2025-11-10 00:37:52 [ERROR] UdsClient: [AttributeError] : 'socket' object has no attribute 'settimeout'
2025-11-10 00:37:52 [INFO] Connection: Connection closed
2025-11-10 00:37:52 [INFO] Connection: Connection closed
2025-11-10 01:20:11 [INFO] UdsClient: SecurityAccess<0x27> - Requesting seed to unlock security access level 0x03
2025-11-10 01:20:11 [DEBUG] Connection: Sending 2 bytes : [b'2703']
2025-11-10 01:20:11 [DEBUG] Connection: Received 18 bytes : [b'670331e2afca5349dbeb6c4170ac012e8b5c']
2025-11-10 01:20:11 [INFO] UdsClient: Received positive response for service SecurityAccess (0x27) from server.
2025-11-10 01:20:11 [ERROR] UdsClient: [RuntimeError] : This stub should not be called; brute force runs in main().
2025-11-10 01:20:11 [INFO] Connection: Connection closed
2025-11-10 01:20:11 [INFO] Connection: Connection closed
2025-11-10 01:33:10 [INFO] UdsClient: SecurityAccess<0x27> - Requesting seed to unlock security access level 0x03
2025-11-10 01:33:10 [DEBUG] Connection: Sending 2 bytes : [b'2703']
2025-11-10 01:33:10 [DEBUG] Connection: Received 18 bytes : [b'6703f34b2993139a7073ce3e293acea72b3c']
2025-11-10 01:33:10 [INFO] UdsClient: Received positive response for service SecurityAccess (0x27) from server.
2025-11-10 01:33:10 [ERROR] UdsClient: [NameError] : name 'self' is not defined
2025-11-10 01:33:38 [INFO] Connection: Connection closed
2025-11-10 01:33:38 [INFO] Connection: Connection closed
2025-11-10 01:34:52 [INFO] UdsClient: SecurityAccess<0x27> - Requesting seed to unlock security access level 0x03
2025-11-10 01:34:52 [DEBUG] Connection: Sending 2 bytes : [b'2703']
2025-11-10 01:34:52 [DEBUG] Connection: Received 18 bytes : [b'6703d138db0a8e1c7e682c53b23905ad6210']
2025-11-10 01:34:52 [INFO] UdsClient: Received positive response for service SecurityAccess (0x27) from server.
2025-11-10 01:34:52 [ERROR] UdsClient: [NameError] : name 'self' is not defined
2025-11-10 01:34:52 [INFO] Connection: Connection closed
2025-11-10 01:34:52 [INFO] Connection: Connection closed
2025-11-10 01:36:21 [INFO] UdsClient: SecurityAccess<0x27> - Requesting seed to unlock security access level 0x03
2025-11-10 01:36:21 [DEBUG] Connection: Sending 2 bytes : [b'2703']
2025-11-10 01:36:21 [DEBUG] Connection: Received 18 bytes : [b'6703ec0fe854b5c21cdd9f3aff5c10f8125c']
2025-11-10 01:36:21 [INFO] UdsClient: Received positive response for service SecurityAccess (0x27) from server.
2025-11-10 01:36:21 [ERROR] UdsClient: [TypeError] : security_algorithm_bruteforce_aes() missing 1 required positional argument: 'self'
2025-11-10 01:36:21 [INFO] Connection: Connection closed
2025-11-10 01:36:21 [INFO] Connection: Connection closed
2025-11-10 01:41:41 [INFO] UdsClient: SecurityAccess<0x27> - Requesting seed to unlock security access level 0x03
2025-11-10 01:41:41 [DEBUG] Connection: Sending 2 bytes : [b'2703']
2025-11-10 01:41:41 [DEBUG] Connection: Received 18 bytes : [b'6703c84dcfe7e089991a8372caaccdf00f4a']
2025-11-10 01:41:41 [INFO] UdsClient: Received positive response for service SecurityAccess (0x27) from server.
2025-11-10 01:41:41 [ERROR] UdsClient: [TypeError] : security_algorithm_bruteforce_aes() missing 1 required positional argument: 'self'
2025-11-10 01:41:42 [INFO] Connection: Connection closed
2025-11-10 01:41:42 [INFO] Connection: Connection closed
2025-11-10 01:44:10 [ERROR] UdsClient: [NotImplementedError] : Client configuration does not provide a security algorithm
2025-11-10 01:44:10 [INFO] Connection: Connection closed
2025-11-10 01:44:10 [INFO] Connection: Connection closed
2025-11-10 01:46:30 [INFO] UdsClient: SecurityAccess<0x27> - Requesting seed to unlock security access level 0x03
2025-11-10 01:46:30 [DEBUG] Connection: Sending 2 bytes : [b'2703']
2025-11-10 01:46:30 [DEBUG] Connection: Received 18 bytes : [b'6703cdf20aa0568386fdafc34ecd23af855f']
2025-11-10 01:46:30 [INFO] UdsClient: Received positive response for service SecurityAccess (0x27) from server.
2025-11-10 01:46:30 [ERROR] UdsClient: [NameError] : name 'self' is not defined
2025-11-10 01:46:30 [INFO] Connection: Connection closed
2025-11-10 01:46:30 [INFO] Connection: Connection closed
2025-11-10 12:16:21 [INFO] UdsClient: SecurityAccess<0x27> - Requesting seed to unlock security access level 0x03
2025-11-10 12:16:21 [DEBUG] Connection: Sending 2 bytes : [b'2703']
2025-11-10 12:16:21 [DEBUG] Connection: Received 18 bytes : [b'670352c5991a6866e1d602f1f26cd9c7b724']
2025-11-10 12:16:21 [INFO] UdsClient: Received positive response for service SecurityAccess (0x27) from server.
2025-11-10 12:16:21 [ERROR] UdsClient: [NameError] : name 'self' is not defined
2025-11-10 12:16:21 [INFO] Connection: Connection closed
2025-11-10 12:16:21 [INFO] Connection: Connection closed
2025-11-10 12:21:45 [INFO] UdsClient: SecurityAccess<0x27> - Requesting seed to unlock security access level 0x03
2025-11-10 12:21:45 [DEBUG] Connection: Sending 2 bytes : [b'2703']
2025-11-10 12:21:45 [DEBUG] Connection: Received 18 bytes : [b'67031ab9500f58acf6113b839895f490d368']
2025-11-10 12:21:45 [INFO] UdsClient: Received positive response for service SecurityAccess (0x27) from server.
2025-11-10 12:21:45 [ERROR] UdsClient: [NameError] : name 'self' is not defined
2025-11-10 12:21:45 [INFO] Connection: Connection closed
2025-11-10 12:21:45 [INFO] Connection: Connection closed
2025-11-10 12:39:11 [INFO] UdsClient: SecurityAccess<0x27> - Requesting seed to unlock security access level 0x03
2025-11-10 12:39:11 [DEBUG] Connection: Sending 2 bytes : [b'2703']
2025-11-10 12:39:11 [DEBUG] Connection: Received 18 bytes : [b'67037126032e392059eb84840c612c274260']
2025-11-10 12:39:11 [INFO] UdsClient: Received positive response for service SecurityAccess (0x27) from server.
2025-11-10 12:39:11 [INFO] UdsClient: SecurityAccess<0x27> - Sending key to unlock security access level 0x04
2025-11-10 12:39:11 [DEBUG] Connection: Sending 18 bytes : [b'2704783634e9b91274a54172723e4ed7aefa']
2025-11-10 12:39:11 [DEBUG] Connection: Received 2 bytes : [b'6704']
2025-11-10 12:39:11 [INFO] UdsClient: Received positive response for service SecurityAccess (0x27) from server.
2025-11-10 12:39:11 [INFO] Connection: Connection closed
2025-11-10 12:39:11 [INFO] Connection: Connection closed
2025-11-10 12:39:48 [INFO] UdsClient: SecurityAccess<0x27> - Requesting seed to unlock security access level 0x03
2025-11-10 12:39:48 [DEBUG] Connection: Sending 2 bytes : [b'2703']
2025-11-10 12:39:48 [DEBUG] Connection: Received 18 bytes : [b'6703b6ea26dc0f089aea10796fb159a77b09']
2025-11-10 12:39:48 [INFO] UdsClient: Received positive response for service SecurityAccess (0x27) from server.
2025-11-10 12:39:48 [INFO] UdsClient: SecurityAccess<0x27> - Sending key to unlock security access level 0x04
2025-11-10 12:39:48 [DEBUG] Connection: Sending 18 bytes : [b'2704a793eeca184018531422e50ecc1ed172']
2025-11-10 12:39:48 [DEBUG] Connection: Received 2 bytes : [b'6704']
2025-11-10 12:39:48 [INFO] UdsClient: Received positive response for service SecurityAccess (0x27) from server.
2025-11-10 12:39:48 [INFO] Connection: Connection closed
2025-11-10 12:39:48 [INFO] Connection: Connection closed
2025-11-10 13:15:39 [INFO] Connection: Connection closed
2025-11-10 13:15:52 [INFO] UdsClient: SecurityAccess<0x27> - Requesting seed to unlock security access level 0x03
2025-11-10 13:15:52 [DEBUG] Connection: Sending 2 bytes : [b'2703']
2025-11-10 13:15:52 [DEBUG] Connection: Received 18 bytes : [b'6703000102030405060708090a0b0c0d0e0f']
2025-11-10 13:15:52 [INFO] UdsClient: Received positive response for service SecurityAccess (0x27) from server.
2025-11-10 13:15:52 [INFO] UdsClient: SecurityAccess<0x27> - Sending key to unlock security access level 0x04
2025-11-10 13:15:52 [DEBUG] Connection: Sending 18 bytes : [b'270435343736313033323d3c3f3e39383b3a']
2025-11-10 13:15:52 [DEBUG] Connection: Received 2 bytes : [b'6704']
2025-11-10 13:15:52 [INFO] UdsClient: Received positive response for service SecurityAccess (0x27) from server.
2025-11-10 13:15:52 [INFO] Connection: Connection closed
2025-11-10 13:15:52 [INFO] Connection: Connection closed
2025-11-10 13:16:00 [INFO] UdsClient: SecurityAccess<0x27> - Requesting seed to unlock security access level 0x03
2025-11-10 13:16:00 [DEBUG] Connection: Sending 2 bytes : [b'2703']
2025-11-10 13:16:00 [DEBUG] Connection: Received 18 bytes : [b'6703000102030405060708090a0b0c0d0e0f']
2025-11-10 13:16:00 [INFO] UdsClient: Received positive response for service SecurityAccess (0x27) from server.
2025-11-10 13:16:00 [INFO] UdsClient: SecurityAccess<0x27> - Sending key to unlock security access level 0x04
2025-11-10 13:16:00 [DEBUG] Connection: Sending 18 bytes : [b'270435343736313033323d3c3f3e39383b3a']
2025-11-10 13:16:00 [DEBUG] Connection: Received 2 bytes : [b'6704']
2025-11-10 13:16:00 [INFO] UdsClient: Received positive response for service SecurityAccess (0x27) from server.
2025-11-10 13:16:00 [INFO] Connection: Connection closed
2025-11-10 13:16:00 [INFO] Connection: Connection closed
2025-11-10 13:30:28 [INFO] UdsClient: SecurityAccess<0x27> - Requesting seed to unlock security access level 0x03
2025-11-10 13:30:28 [DEBUG] Connection: Sending 2 bytes : [b'2703']
2025-11-10 13:30:28 [DEBUG] Connection: Received 18 bytes : [b'6703000102030405060708090a0b0c0d0e0f']
2025-11-10 13:30:28 [INFO] UdsClient: Received positive response for service SecurityAccess (0x27) from server.
2025-11-10 13:30:28 [INFO] UdsClient: SecurityAccess<0x27> - Sending key to unlock security access level 0x04
2025-11-10 13:30:28 [DEBUG] Connection: Sending 386 bytes : [b'2704823513aeb6f2b9f06681cd8ff4c5cc4d33c7542880b3161912167fce233c6d6222259e00cbd27ea5d395ac6c6a8e79eb90847bd58e3dbbee3072d8d922f1b1e2a7e16035f51823f8abd203ae095a116ce702f6d2c03b78c2969adab84e8d4a024924d2aa54634f32f905fba16298bceca59d7ff14168a35b55fdf2797adcf28ac56894c068b8e06af847412edf7753f54666e0a9b65484e687bff8227046624a9a4897f0ca0439dc51d5e382cb50f1f79b87899f82dc08daa487bd158fdb205eb4f9255d40f008e2544eebab76fdc238340767637a095d44ab8891f01c9a97c359b8adf8fb61a492b33acac893671239c4b6cbed6ddb284117749dfb5ea29d39de5372f796bbbcc6bfe8999c2f1dbc170441fda6d718d2276d1ab41d3abf7d29963c173f721a6ec57b029f44534d57441e289735e54be9f1b98b3cd038895df08f7a6ecbf7ae3488e8c576cb74e68c56a6c98f414edd357aa935be4af847b0ea1f88037b1c700786be904a101658eb7545fe8a0cceb09d5f899bfda8de6ce9b5']
2025-11-10 13:30:28 [DEBUG] Connection: Received 3 bytes : [b'7f2733']
2025-11-10 13:30:28 [WARNING] UdsClient: SecurityAccess service execution returned a negative response SecurityAccessDenied (0x33)
2025-11-10 13:30:28 [INFO] Connection: Connection closed
2025-11-10 13:30:28 [INFO] Connection: Connection closed
2025-11-10 13:34:51 [INFO] UdsClient: SecurityAccess<0x27> - Requesting seed to unlock security access level 0x03
2025-11-10 13:34:51 [DEBUG] Connection: Sending 2 bytes : [b'2703']
2025-11-10 13:34:51 [DEBUG] Connection: Received 18 bytes : [b'6703000102030405060708090a0b0c0d0e0f']
2025-11-10 13:34:51 [INFO] UdsClient: Received positive response for service SecurityAccess (0x27) from server.
2025-11-10 13:34:51 [INFO] UdsClient: SecurityAccess<0x27> - Sending key to unlock security access level 0x04
2025-11-10 13:34:51 [DEBUG] Connection: Sending 386 bytes : [b'2704a5b2f085850264b41661aa1ad8d680472c3b6720e8904d6a4ca461903c9d0dc25b4e82696dbdd08009772f86fb71e5ca6d5cd265c280acae2973724e377ed525f3db9795c95fe245b052e99e82c6b3e777f9afc0d1e5b6b6524a86ee6c28f6f9cc3416251e4cb6d2a7eaffa6e757f2232a17c60bf23bc254d59ec61182e2fce7e7f4d5748d98e4bffafbaeda8d4c74e38e08b9a4627104cab7d379e8a3ea706bca5e6058995aea684d9358d4e9524e33e5ef775c186be7d93cae3f30fd87d81522fe27494d056c2ed52e0a5f4f9a6eb4365bfb4ea1c339d42197814e7fe0aa6216ec2a439e57e6b9dc37a5d2ef1b5bb58f765f7181b76719a61281651e0cca92aee3f894604abddff84fb166bfd6c578e1190ce20d96828c37e18babc5c23ad440503e7eee5edd24c2ee36950d3cb02fcf7be3f2e9bfb4f0d834f7c549efd98a168be10d259895c2d4d36acd6fb1ef984fcb0e757072c763eb9ba2bee656685ae00c41c638a057c8402dc7cfd507fbdb75bdf8aa11cb8b4df58d70304f49986d']
2025-11-10 13:34:51 [DEBUG] Connection: Received 3 bytes : [b'7f2733']
2025-11-10 13:34:51 [WARNING] UdsClient: SecurityAccess service execution returned a negative response SecurityAccessDenied (0x33)
2025-11-10 13:34:51 [INFO] Connection: Connection closed
2025-11-10 13:34:51 [INFO] Connection: Connection closed
2025-11-10 13:35:01 [INFO] UdsClient: SecurityAccess<0x27> - Requesting seed to unlock security access level 0x03
2025-11-10 13:35:01 [DEBUG] Connection: Sending 2 bytes : [b'2703']
2025-11-10 13:35:01 [DEBUG] Connection: Received 18 bytes : [b'6703000102030405060708090a0b0c0d0e0f']
2025-11-10 13:35:01 [INFO] UdsClient: Received positive response for service SecurityAccess (0x27) from server.
2025-11-10 13:35:01 [INFO] UdsClient: SecurityAccess<0x27> - Sending key to unlock security access level 0x04
2025-11-10 13:35:01 [DEBUG] Connection: Sending 386 bytes : [b'2704a22e3a12eb16ae08a1c2508fae31cd796e3f5f9bd954eecc762f78a90c30d35a646d29c4b564efb32e24f1e999bf1cb64023e89fef2e131548655ffe41e9d70b80b45c5c8ce61c27151094817abe642317ab1b3eb4af1d1f01222d865fc3ce8a0f9ae29f00870f0daaea5411ca09f63b618c832d3483e05f84b72e0640295759146acd4119419df4d736b514999db6d88efecfc8ead41be135013dbfadef5472534831450c13d711a0ff5683e2b0bfbbebe1fcf5f73212e7f95619dbe59e93744b26999d7ef8f25fbdbf995df6d310c29e09c81ffbea4ff3a7ec42ebbd2586e21d42859579542e7b0eb58a040424d4a1a021b8be9a4948212cb7099b36ee1866c4eede4f2e8a05a0629fece108f2576fe2f7610a7997ff84adb39b56466c94637345ec2f5dfd57654c65045346c89ca0f690a2a2efc83bc8ab7bca7fd8fdd8d277c6361d7f013243eeab1f89d1a1fd94a3334b3aa123bda206e9b368aea551e3451290175577154c2f8f618ac7fbd1789996bf6587abdb45a68e615f07800731']
2025-11-10 13:35:01 [DEBUG] Connection: Received 3 bytes : [b'7f2733']
2025-11-10 13:35:01 [WARNING] UdsClient: SecurityAccess service execution returned a negative response SecurityAccessDenied (0x33)
2025-11-10 13:35:01 [INFO] Connection: Connection closed
2025-11-10 13:35:01 [INFO] Connection: Connection closed
2025-11-10 13:36:12 [INFO] UdsClient: SecurityAccess<0x27> - Requesting seed to unlock security access level 0x03
2025-11-10 13:36:12 [DEBUG] Connection: Sending 2 bytes : [b'2703']
2025-11-10 13:36:46 [DEBUG] Connection: No data received: [TimeoutException] - Did not received ISOTP frame in time (timeout=1 sec) 
2025-11-10 13:36:46 [ERROR] UdsClient: [TimeoutException] : Did not receive response in time. P2 timeout time has expired (timeout=1.000 sec)
2025-11-10 13:36:46 [INFO] Connection: Connection closed
2025-11-10 13:36:46 [INFO] Connection: Connection closed
2025-11-10 13:37:26 [INFO] UdsClient: SecurityAccess<0x27> - Requesting seed to unlock security access level 0x03
2025-11-10 13:37:26 [DEBUG] Connection: Sending 2 bytes : [b'2703']
2025-11-10 13:38:01 [DEBUG] Connection: No data received: [TimeoutException] - Did not received ISOTP frame in time (timeout=1 sec) 
2025-11-10 13:38:01 [ERROR] UdsClient: [TimeoutException] : Did not receive response in time. P2 timeout time has expired (timeout=1.000 sec)
2025-11-10 13:38:01 [INFO] Connection: Connection closed
2025-11-10 13:38:01 [INFO] Connection: Connection closed
2025-11-10 13:38:18 [INFO] UdsClient: SecurityAccess<0x27> - Requesting seed to unlock security access level 0x03
2025-11-10 13:38:18 [DEBUG] Connection: Sending 2 bytes : [b'2703']
2025-11-10 13:38:19 [DEBUG] Connection: No data received: [TimeoutException] - Did not received ISOTP frame in time (timeout=1 sec) 
2025-11-10 13:38:19 [ERROR] UdsClient: [TimeoutException] : Did not receive response in time. P2 timeout time has expired (timeout=1.000 sec)
2025-11-10 13:38:19 [INFO] Connection: Connection closed
2025-11-10 13:38:19 [INFO] Connection: Connection closed
2025-11-10 13:38:51 [INFO] UdsClient: SecurityAccess<0x27> - Requesting seed to unlock security access level 0x03
2025-11-10 13:38:51 [DEBUG] Connection: Sending 2 bytes : [b'2703']
2025-11-10 13:38:52 [DEBUG] Connection: No data received: [TimeoutException] - Did not received ISOTP frame in time (timeout=1 sec) 
2025-11-10 13:38:52 [ERROR] UdsClient: [TimeoutException] : Did not receive response in time. P2 timeout time has expired (timeout=1.000 sec)
2025-11-10 13:38:52 [INFO] Connection: Connection closed
2025-11-10 13:38:52 [INFO] Connection: Connection closed
2025-11-10 13:39:09 [INFO] UdsClient: SecurityAccess<0x27> - Requesting seed to unlock security access level 0x03
2025-11-10 13:39:09 [DEBUG] Connection: Sending 2 bytes : [b'2703']
2025-11-10 13:39:09 [DEBUG] Connection: Received 34 bytes : [b'6703fb9b5924cf86b1d6d7b9faac50e85220660479b5c6db6a66e097d91d30ae001e']
2025-11-10 13:39:09 [INFO] UdsClient: Received positive response for service SecurityAccess (0x27) from server.
2025-11-10 13:39:09 [INFO] UdsClient: SecurityAccess<0x27> - Sending key to unlock security access level 0x04
2025-11-10 13:39:09 [DEBUG] Connection: Sending 386 bytes : [b'2704ab38bf894e18f71acc8b7960021c9876584e77a21c6aed1978d8de52be07953fb3a8b62aad5ecd635fcdb38b35ee25fd519851a6c675578189bedb6b3c13182a94151f3a4da0ce80d551f0d8c341aec3c9b83eee77dc48e54e2cfc91391b4a1299bad77b0a82c1263a620abcc1705ab6d1bfae65af4eb2de5b31cfc4a24e06375557e0d65fbf9292840a86bd37e7251483f0794ae59477b73cc8e2272970a3e7e871aa6465f982739715f7f620e365c0e58f8a0a67b22355c6344157880b1918450157e63c7d102ae380c13e248d1493e4ea53e1760996964fdaa6f297370654aa64b9005a9a0e7d1e0bae2e8af65564c75dbffe5f69e249a6ef940b588240d5b5aec10c5753918c5387e0930fc862713ca8877b03e02cd2ac9a1b2e9d5ff9ac62b0cb5ee8757f2cc03a8cde1f47ade860f41b1fc6bb19a0e9729f248c2cb31ab997995e7e9186d3afcefc78b903ee512c8b839a8ce198f5a3572cb472409601c8021e6481d58050a9030ab89858c767fb6244893c4eb404358ff7be85472560']
2025-11-10 13:39:09 [DEBUG] Connection: Received 3 bytes : [b'7f2712']
2025-11-10 13:39:09 [WARNING] UdsClient: SecurityAccess service execution returned a negative response SubFunctionNotSupported (0x12)
2025-11-10 13:39:09 [INFO] Connection: Connection closed
2025-11-10 13:39:09 [INFO] Connection: Connection closed
2025-11-10 13:46:36 [INFO] UdsClient: SecurityAccess<0x27> - Requesting seed to unlock security access level 0x03
2025-11-10 13:46:36 [DEBUG] Connection: Sending 2 bytes : [b'2703']
2025-11-10 13:46:36 [DEBUG] Connection: Received 34 bytes : [b'670364e656847f7a17c1cb86a21b380d1e724b365513dcfbe3f0590a5488c74476bf']
2025-11-10 13:46:36 [INFO] UdsClient: Received positive response for service SecurityAccess (0x27) from server.
2025-11-10 13:46:36 [INFO] UdsClient: SecurityAccess<0x27> - Sending key to unlock security access level 0x04
2025-11-10 13:46:36 [DEBUG] Connection: Sending 386 bytes : [b'270460b50733b8541604a791877dd30d48568dbb00b56852f36f6ae6d3d9751d0daba5ee91ab6370856415b9641cd9a88d86dc3d9ff2cad6662fd8c9d6715505c6891b2d33c1eb77137e0a15e9957c10f22dd0dc546f79262d3b43de433a177695244ac220e02f445cdc415218693b75e3d6b8806794d2314a2c47be626a79b529f131b84959d00e4f9c09114a952fe488846c79af56a7de8bbab655bd3687c3452ef3a71c299691e8a035972452a0ea69f37fbeeb1d157ad219660c7952c44bb0ac141ff877251d2aab60482f0e1c62e30ccba6093bbbf77e4dc11f6ec897181f0766ce986521735623054776186c1c98dfaee1bb51187ccce21b46f42d11a994a65991e392bb29d5471293a03ff13913afd642c3462eec1cc649c8bda0132fafda2e12809eab86977a53ab74bba4058fc1ff962c8f8e4a508ec1c6d4471bcdf06b34902415ab94854edb4960a493f23f6b0ae544caf6a266ecc1e34e598c4f726c22a4d97adc8aaad0fd6fa2551f7aaf1b6932fd1604d668cf30353e9dcbcfa125']
2025-11-10 13:46:37 [DEBUG] Connection: No data received: [TimeoutException] - Did not received ISOTP frame in time (timeout=1 sec) 
2025-11-10 13:46:37 [ERROR] UdsClient: [TimeoutException] : Did not receive response in time. P2 timeout time has expired (timeout=1.000 sec)
2025-11-10 13:47:07 [INFO] Connection: Connection closed
2025-11-10 13:47:07 [INFO] Connection: Connection closed
2025-11-10 13:47:16 [INFO] UdsClient: SecurityAccess<0x27> - Requesting seed to unlock security access level 0x03
2025-11-10 13:47:16 [DEBUG] Connection: Sending 2 bytes : [b'2703']
2025-11-10 13:47:16 [DEBUG] Connection: Received 34 bytes : [b'6703f7b1f786f1aa9bd3e102cf7d64d994cb69c1a97acebbabf6dae3475835972a31']
2025-11-10 13:47:16 [INFO] UdsClient: Received positive response for service SecurityAccess (0x27) from server.
2025-11-10 13:47:16 [INFO] UdsClient: SecurityAccess<0x27> - Sending key to unlock security access level 0x04
2025-11-10 13:47:16 [DEBUG] Connection: Sending 386 bytes : [b'27046a57a676682930218310fccd08f1a4e0095ac62a039c39ca7af9ce4eca42d893b76f43ad54705367efdb132b046bf11e5bb1dc1d9ff7b1e237fc3e3899a0237f21f38507cac2ad5225c1c4fb8fd5af00d4037bbf284f87b0c3ec5d8da1d085da49e53575d3c182f9a80b164382fea1592f0f768eb6631679da2131949b385f51aead434cf378dd96fca465db561ab940517164f5f5229022b7094e8bf49490e4c127a8ecfc76200ea5405fa52392ddd6dfc1f4715edffdc4f9458f903eb9fa85c649de5ccdb433ca1596667eaeb1c8986e5ff1dd71d92e35ddbbcfc4ed44b7ea9bd3d6382dc032ee2d93dbdb454ef2b65fa796bd191d7d6d7488d5204900f0f38d6f68f9586ca8ec09b7a02b7b332dcab5d8affc54e5d74832ad98b4afddfd257a6cd94eddf56384f499503f80bfe1f1f94f544ccf189df4ff8b0c5d1a18a9b27a620cb3f634736e332b6b25e51c538ddddb0b5160c40ab49b24824b71e682971664486a0f54769b3a449e33a70f16e7e08044b40cca804010292cc5c8a69901']
2025-11-10 13:47:16 [DEBUG] Connection: Received 2 bytes : [b'6704']
2025-11-10 13:47:16 [INFO] UdsClient: Received positive response for service SecurityAccess (0x27) from server.
2025-11-10 13:47:16 [INFO] Connection: Connection closed
2025-11-10 13:47:16 [INFO] Connection: Connection closed
2025-11-10 14:20:28 [INFO] UdsClient: SecurityAccess<0x27> - Requesting seed to unlock security access level 0x03
2025-11-10 14:20:28 [DEBUG] Connection: Sending 2 bytes : [b'2703']
2025-11-10 14:20:28 [DEBUG] Connection: Received 34 bytes : [b'670327f652d2a27a206d8aedca6ac30754490027343e8ca270894c6cfcef7e54a01a']
2025-11-10 14:20:28 [INFO] UdsClient: Received positive response for service SecurityAccess (0x27) from server.
2025-11-10 14:20:28 [INFO] UdsClient: SecurityAccess<0x27> - Sending key to unlock security access level 0x04
2025-11-10 14:20:28 [DEBUG] Connection: Sending 386 bytes : [b'270446920aef402a09ce329130d947622947b19cb35efa8960281956c4c529cb5982d86333390a4d30c35e36de18e7ecc67ba482707fa101fa71eebeea577cc02f407153d2dec30050f40fe23eb7bc1471f10d0a57c94c80f46aab8ad0f5ea8a2b8bd1f7bb4f1ef305d00059406f112efe0c52faed056c528b6b51af9a92bb5a6193679e0e988fcd975acee5bb67452e1303c48ce0ef41ffca6f638b66ba9656e1c9fb45d4cb61e92b1628f2a5839a8217762cb28f08c7a46565755a5c4dd10e78b3c4381394c0983ff95b55f6a6b1a562778832c559d2a631db1c80381a0bd0593d7ff861184faede19ba7fef362ea151ab9082f6929858e38f60e4d5dd1a728023653c0dc9b01a2441dd349b6d67f1f3023d09703f114867a23d1a882706b88223e99c374d70dbc7b7b7d0884dba2647a49b38f32a1af3b582fb865a7f98282dbf3ceb1648e6b5b4a71d470f215f56a9d9737370c5b96e1b2bbd39137fc05df361db80373c2845fcef82c4b220b792fc5d49da43df5503d05abbabce498759e462']
2025-11-10 14:20:28 [DEBUG] Connection: Received 2 bytes : [b'6704']
2025-11-10 14:20:28 [INFO] UdsClient: Received positive response for service SecurityAccess (0x27) from server.
2025-11-10 14:20:28 [INFO] Connection: Connection closed
2025-11-10 14:20:28 [INFO] Connection: Connection closed
2025-11-10 14:28:07 [INFO] Connection: Connection closed
2025-11-10 14:28:22 [INFO] Connection: Connection closed
2025-11-10 14:28:37 [INFO] Connection: Connection closed
2025-11-10 14:28:37 [INFO] Connection: Connection closed
2025-11-10 14:29:05 [INFO] UdsClient: SecurityAccess<0x27> - Requesting seed to unlock security access level 0x03
2025-11-10 14:29:05 [DEBUG] Connection: Sending 2 bytes : [b'2703']
2025-11-10 14:29:05 [DEBUG] Connection: Received 34 bytes : [b'6703e29f26eebab89f45152e6049a8335008df41f75eb22d15df1d11c63546a12a7c']
2025-11-10 14:29:05 [INFO] UdsClient: Received positive response for service SecurityAccess (0x27) from server.
2025-11-10 14:29:34 [INFO] UdsClient: SecurityAccess<0x27> - Sending key to unlock security access level 0x04
2025-11-10 14:29:34 [DEBUG] Connection: Sending 258 bytes : [b'27049975b566ca3dd3d8851e2ff2951191f52f691f593ac0a018145d4427fb8581a281826a4fd28685208cc6e8fad64887fd6720a58f5777699085badf486fe77f37881abd6cf23392b71f05c26b570943d677bc1c3091f7e8f0c7787de2d396af65679aaad0dd3d9bb2a69733d1df55636767d1eb530f82e54990a3129fd565dbb2071b2cc5634ac9904a5965f290eef4467a5fe556f39c3a38b5cdf75333eee234cd0e340b4d173eb13ee1afec2a94646e6ae77bf28c0e92a77af49cafe555ce8e45b90cf9df83fed439fbb4c2aa014c64281944199d9b0701a4019100446b06951408d0b8b2490422e696b7dcc21021ab49d144df8f36ffd12b5607d7a8f9b006']
2025-11-10 14:29:35 [DEBUG] Connection: Received 3 bytes : [b'7f2735']
2025-11-10 14:29:35 [WARNING] UdsClient: SecurityAccess service execution returned a negative response InvalidKey (0x35)
2025-11-10 14:29:05 [INFO] Connection: Connection closed
2025-11-10 14:29:05 [INFO] Connection: Connection closed
2025-11-10 14:35:12 [INFO] UdsClient: SecurityAccess<0x27> - Requesting seed to unlock security access level 0x03
2025-11-10 14:35:12 [DEBUG] Connection: Sending 2 bytes : [b'2703']
2025-11-10 14:35:12 [DEBUG] Connection: Received 34 bytes : [b'6703dccbf794ff63d3544b8d667dc19767ddad42e0527747ae60915f149cb0c87daf']
2025-11-10 14:35:12 [INFO] UdsClient: Received positive response for service SecurityAccess (0x27) from server.
2025-11-10 14:35:45 [INFO] UdsClient: SecurityAccess<0x27> - Sending key to unlock security access level 0x04
2025-11-10 14:35:45 [DEBUG] Connection: Sending 258 bytes : [b'2704d2a3010e7e5c0d12b6b5c4e7fa8a36455183777b34eb446f1fec80be86fb6e60647b2f5e047b69e3c2e7fbeafb184048b17c3039a7bf0de4822c5e9adfcaba98ee8f333a1eb17a04846ec4f400342923d6abf1546f1824728da7813fb24facac3854ce66092e411f82426de84a04c0aebf1497b1f6ceb8d6bda1897ebc164163b789e16eedb394aa7efc4f726692930454c527a15c17c80df20077b4f74b216aa6363e144ae77d7e5c47884d1983c475f529f055902271f06d00fcd4945202457c81ec2993b6d8681cf4434d24bc86806683277bfda7b10ef1e49f7787374faebbeeb67bf9677dfb4bef64d405e8a7d173e5993783083b4c4b7de316d844a2a0']
2025-11-10 14:35:45 [DEBUG] Connection: Received 3 bytes : [b'7f2735']
2025-11-10 14:35:45 [WARNING] UdsClient: SecurityAccess service execution returned a negative response InvalidKey (0x35)
2025-11-10 14:35:16 [INFO] Connection: Connection closed
2025-11-10 14:35:16 [INFO] Connection: Connection closed
2025-11-10 14:36:11 [INFO] UdsClient: SecurityAccess<0x27> - Requesting seed to unlock security access level 0x03
2025-11-10 14:36:11 [DEBUG] Connection: Sending 2 bytes : [b'2703']
2025-11-10 14:36:11 [DEBUG] Connection: Received 34 bytes : [b'670339996a5a98439dace24244f18976682f8a861b138c8b4244cca4cdbbab9dc982']
2025-11-10 14:36:11 [INFO] UdsClient: Received positive response for service SecurityAccess (0x27) from server.
2025-11-10 14:36:45 [INFO] UdsClient: SecurityAccess<0x27> - Sending key to unlock security access level 0x04
2025-11-10 14:36:45 [DEBUG] Connection: Sending 258 bytes : [b'2704ea2fdb9e07afcad64500f5d7ce53f614f36f750298c2c697f779088b431fd9249480848a5ca2225cfb965e18c09029cb3c951348ad0d6c811c7c7d95c867d189dc12a1a8196b37c9ccf5ce50aadad79a8958c7b904727f4de47d3e94564650866b99d0d1ecf0f5adeb7f1cd0057e33e95ac4d72b8bfc4eb5044a1554edc18563f62e9b5b497af3f7e79f7a7a759ae4adcd135f07f54a939fa954c72258e09c11899b46bf1ddcb06caa16c318fb2c948d3cca0d492524241329381ffa3c59111f14108a14469b04b0972d34284d339da86e54b515447470e7b0da66e6aef6a6340939304ca0b7f8c0a14eaa40c25c5838d70d09e5a90ae3690472f26a08c82699']
2025-11-10 14:36:45 [DEBUG] Connection: Received 3 bytes : [b'7f2735']
2025-11-10 14:36:45 [WARNING] UdsClient: SecurityAccess service execution returned a negative response InvalidKey (0x35)
2025-11-10 14:36:16 [INFO] Connection: Connection closed
2025-11-10 14:36:16 [INFO] Connection: Connection closed
2025-11-10 14:39:01 [INFO] UdsClient: SecurityAccess<0x27> - Requesting seed to unlock security access level 0x03
2025-11-10 14:39:01 [DEBUG] Connection: Sending 2 bytes : [b'2703']
2025-11-10 14:39:01 [DEBUG] Connection: Received 34 bytes : [b'670398b58b8c8f935fc95536f5b9ebe90f1f42be7fc3cc3596f58e8f62ecf4d003b6']
2025-11-10 14:39:01 [INFO] UdsClient: Received positive response for service SecurityAccess (0x27) from server.
2025-11-10 14:39:02 [INFO] UdsClient: SecurityAccess<0x27> - Sending key to unlock security access level 0x04
2025-11-10 14:39:02 [DEBUG] Connection: Sending 258 bytes : [b'27046b1241de366045e687c14462be0a7ffb147893136dd6d460037dfc27c4c9b541ae271642e5fa9cf8880bc22b223b0e34a7e5a204a32554349855d81f95b8c2ee8eb3f512dd7de2910cc615cf702700f1fd7e58229e4791c5d06a42393fa30a1163049fd5454ab9f8d9eaca7c12f47e8b8cd58ecda863ee2fd6ea22e3d1ece31f435af70a94d72825a0056e8234644fb9125d747601d85b1b30fea71046e8b98bea6e7db96308c89ae410c33e879cfa666f2caa720f933564d03112f676dcf52db980aedcaf1707aab56c7e69232e0779ae47bf6458a809836e0dcf720edcfd2d5d6c3a706941425e45eb88d7b859d6a8d72b63e4591250007fffa9ed8ec62135']
2025-11-10 14:39:02 [DEBUG] Connection: Received 3 bytes : [b'7f2735']
2025-11-10 14:39:02 [WARNING] UdsClient: SecurityAccess service execution returned a negative response InvalidKey (0x35)
2025-11-10 14:39:02 [INFO] Connection: Connection closed
2025-11-10 14:39:02 [INFO] Connection: Connection closed
2025-11-10 14:41:53 [INFO] UdsClient: SecurityAccess<0x27> - Requesting seed to unlock security access level 0x03
2025-11-10 14:41:53 [DEBUG] Connection: Sending 2 bytes : [b'2703']
2025-11-10 14:41:53 [DEBUG] Connection: Received 34 bytes : [b'6703f922eb2d2431611cc4a2836a9088556b7f386fe681ff93b40a23b64326d70abf']
2025-11-10 14:41:53 [INFO] UdsClient: Received positive response for service SecurityAccess (0x27) from server.
2025-11-10 14:41:54 [INFO] UdsClient: SecurityAccess<0x27> - Sending key to unlock security access level 0x04
2025-11-10 14:41:54 [DEBUG] Connection: Sending 258 bytes : [b'2704554343be22619b134d508331f8098c48b0220428eefed27d256edc55a81bb9edf54747604bcaadca7c86724dc826c5bf8609bbfb6641827ab2b255e1d25a8e19786b582677b78ff92d7092b0dbd6035796884ba77ca201060e4d5370d42f193962b500a7c567b26ed401d5b96f1831e79762cdba60f95ddf25739c788350521e2ea3116ffca5bb37b18b0d835c2270931cdc396d7756f402414e47a2a5cbabad8c7846e693bf27b595217efbf667be4284e9a0a7bdb96aadd5348ab66d7bccd6c02d3ee7a1e98345b47f71bed84cae2725b743e3339ef2a92b52283b24ba482778ac6ea2f269a237bcc67c21bd9b670d227ee1a2e8024937818ed72441b09377']
2025-11-10 14:41:54 [DEBUG] Connection: Received 3 bytes : [b'7f2735']
2025-11-10 14:41:54 [WARNING] UdsClient: SecurityAccess service execution returned a negative response InvalidKey (0x35)
2025-11-10 14:41:54 [INFO] UdsClient: SecurityAccess<0x27> - Requesting seed to unlock security access level 0x03
2025-11-10 14:41:54 [DEBUG] Connection: Sending 2 bytes : [b'2703']
2025-11-10 14:41:54 [DEBUG] Connection: Received 34 bytes : [b'6703e20b852b210baf804d5b53271611f14f0a0dd6996a7993e89798764e0791a3d8']
2025-11-10 14:41:54 [INFO] UdsClient: Received positive response for service SecurityAccess (0x27) from server.
2025-11-10 14:41:55 [INFO] UdsClient: SecurityAccess<0x27> - Sending key to unlock security access level 0x04
2025-11-10 14:41:55 [DEBUG] Connection: Sending 258 bytes : [b'2704ff28b88c10e8d7499ef3892ac8337fb4fbf1f5f407649c340141a25d9944f15bedd93cc450d5b2d41871ba595a9104325c6fff4375d7f9d190ffad89111c0a01f11d31873ff1e52d191d7e6d1774ef4a815eae3dc47f70e2e1c2d56ab20aeeebc9cef396d856cf80cb82c9da52c12500f865f7e7af6359697b105c371fc708f58ef9562d3aa3ba37a07524ad8190d7295ef82521e76e00f755f834e2b3f20e3eb47968d77dabbd6c448137b496de9595f6f2d5a63f1840247447feae9cf510e27b52ca9fb673a9952b810abc1316a69e6a4cb61d8f83e19b6fbf53d4421fef98d94e7008e808e8cbc1ffe4ebf77692874cf2198448d5b8fc9e6b7445f2c8e842']
2025-11-10 14:41:55 [DEBUG] Connection: Received 3 bytes : [b'7f2735']
2025-11-10 14:41:55 [WARNING] UdsClient: SecurityAccess service execution returned a negative response InvalidKey (0x35)
2025-11-10 14:41:55 [INFO] UdsClient: SecurityAccess<0x27> - Requesting seed to unlock security access level 0x03
2025-11-10 14:41:55 [DEBUG] Connection: Sending 2 bytes : [b'2703']
2025-11-10 14:41:55 [DEBUG] Connection: Received 34 bytes : [b'67034a8ff1ca4b7f9f5861b0c0ac5abae6fc1c5985d3637825210acbe43255bc20f0']
2025-11-10 14:41:55 [INFO] UdsClient: Received positive response for service SecurityAccess (0x27) from server.
2025-11-10 14:42:25 [INFO] UdsClient: SecurityAccess<0x27> - Sending key to unlock security access level 0x04
2025-11-10 14:42:25 [DEBUG] Connection: Sending 258 bytes : [b'2704d90eeb01af103b9678eac4a08d4f88ed3111fe857c5b34ccdeb3377f7cc00835c965778557a2dbcc748fa8103239add55494c3219f5e9899590674312d2d6f6c94da20c8fe290815baa2b3dabfe3985a1c8ad4bdb48714311aa290a4ac83071562370d88564620cde51ff7387b2d1da4bf2dca2b94f241e36b6eca9ef5aff472b3dface9a0c80a945202b2c798a19f176c7649745cf3cd0a0caebf756d7ba8c0f8bb7cf87771366fe7d06cf348e8f400404ea048ba63f32389f568973a18fedc580f0861f79de88b1e6802dbd49b40cf9d6752e416b04d4b0f723565ffb46380084ef12ea74001f5effe3a8d502bab8f78db6d2738c4ab33a8b5d07f3b63ffb1']
2025-11-10 14:42:25 [DEBUG] Connection: Received 3 bytes : [b'7f2735']
2025-11-10 14:42:25 [WARNING] UdsClient: SecurityAccess service execution returned a negative response InvalidKey (0x35)
2025-11-10 14:42:25 [INFO] UdsClient: SecurityAccess<0x27> - Requesting seed to unlock security access level 0x03
2025-11-10 14:42:25 [DEBUG] Connection: Sending 2 bytes : [b'2703']
2025-11-10 14:42:25 [DEBUG] Connection: Received 34 bytes : [b'67038325edf2255e6d848b2282bbd0556d207fb4bda6a381071650e492f161f61613']
2025-11-10 14:42:25 [INFO] UdsClient: Received positive response for service SecurityAccess (0x27) from server.
2025-11-10 14:42:00 [INFO] Connection: Connection closed
2025-11-10 14:42:00 [INFO] Connection: Connection closed
2025-11-10 15:52:39 [INFO] UdsClient: SecurityAccess<0x27> - Requesting seed to unlock security access level 0x03
2025-11-10 15:52:39 [DEBUG] Connection: Sending 2 bytes : [b'2703']
2025-11-10 15:52:39 [DEBUG] Connection: Received 18 bytes : [b'6703000102030405060708090a0b0c0d0e0f']
2025-11-10 15:52:39 [INFO] UdsClient: Received positive response for service SecurityAccess (0x27) from server.
2025-11-10 15:52:39 [INFO] UdsClient: SecurityAccess<0x27> - Sending key to unlock security access level 0x04
2025-11-10 15:52:39 [DEBUG] Connection: Sending 18 bytes : [b'2704c867b02f364f1766379831e278cf289d']
2025-11-10 15:52:39 [DEBUG] Connection: Received 2 bytes : [b'6704']
2025-11-10 15:52:39 [INFO] UdsClient: Received positive response for service SecurityAccess (0x27) from server.
2025-11-10 15:52:39 [INFO] Connection: Connection closed
2025-11-10 15:52:39 [INFO] Connection: Connection closed
2025-11-10 16:36:14 [INFO] UdsClient: SecurityAccess<0x27> - Requesting seed to unlock security access level 0x03
2025-11-10 16:36:14 [DEBUG] Connection: Sending 2 bytes : [b'2703']
2025-11-10 16:36:14 [DEBUG] Connection: Received 18 bytes : [b'6703000102030405060708090a0b0c0d0e0f']
2025-11-10 16:36:14 [INFO] UdsClient: Received positive response for service SecurityAccess (0x27) from server.
2025-11-10 16:36:14 [INFO] UdsClient: SecurityAccess<0x27> - Sending key to unlock security access level 0x04
2025-11-10 16:36:14 [DEBUG] Connection: Sending 18 bytes : [b'270435343736313033323d3c3f3e39383b3a']
2025-11-10 16:36:14 [DEBUG] Connection: Received 2 bytes : [b'6704']
2025-11-10 16:36:14 [INFO] UdsClient: Received positive response for service SecurityAccess (0x27) from server.
2025-11-10 16:36:14 [INFO] UdsClient: RoutineControl<0x31> - ControlType=0x01 - Starting routine ID 0x01a9 (TachographTestIds) with a payload of 1 bytes
2025-11-10 16:36:14 [DEBUG] Connection: Sending 5 bytes : [b'310101a964']
2025-11-10 16:36:14 [DEBUG] Connection: Received 4 bytes : [b'710101a9']
2025-11-10 16:36:14 [INFO] UdsClient: Received positive response for service RoutineControl (0x31) from server.
2025-11-10 16:36:16 [INFO] UdsClient: RoutineControl<0x31> - ControlType=0x02 - Stoping routine ID 0x01a9 (TachographTestIds) with a payload of 1 bytes
2025-11-10 16:36:16 [DEBUG] Connection: Sending 5 bytes : [b'310201a964']
2025-11-10 16:36:16 [DEBUG] Connection: Received 4 bytes : [b'710201a9']
2025-11-10 16:36:16 [INFO] UdsClient: Received positive response for service RoutineControl (0x31) from server.
2025-11-10 16:36:16 [INFO] Connection: Connection closed
2025-11-10 16:36:16 [INFO] Connection: Connection closed
2025-11-10 16:37:41 [INFO] UdsClient: SecurityAccess<0x27> - Requesting seed to unlock security access level 0x03
2025-11-10 16:37:41 [DEBUG] Connection: Sending 2 bytes : [b'2703']
2025-11-10 16:37:42 [DEBUG] Connection: No data received: [TimeoutException] - Did not received ISOTP frame in time (timeout=1 sec) 
2025-11-10 16:37:42 [ERROR] UdsClient: [TimeoutException] : Did not receive response in time. P2 timeout time has expired (timeout=1.000 sec)
2025-11-10 16:37:42 [INFO] Connection: Connection closed
2025-11-10 16:37:42 [INFO] Connection: Connection closed
2025-11-10 16:37:48 [INFO] UdsClient: SecurityAccess<0x27> - Requesting seed to unlock security access level 0x03
2025-11-10 16:37:48 [DEBUG] Connection: Sending 2 bytes : [b'2703']
2025-11-10 16:37:48 [DEBUG] Connection: Received 18 bytes : [b'6703000102030405060708090a0b0c0d0e0f']
2025-11-10 16:37:48 [INFO] UdsClient: Received positive response for service SecurityAccess (0x27) from server.
2025-11-10 16:37:48 [INFO] UdsClient: SecurityAccess<0x27> - Sending key to unlock security access level 0x04
2025-11-10 16:37:48 [DEBUG] Connection: Sending 18 bytes : [b'270435343736313033323d3c3f3e39383b3a']
2025-11-10 16:37:48 [DEBUG] Connection: Received 2 bytes : [b'6704']
2025-11-10 16:37:48 [INFO] UdsClient: Received positive response for service SecurityAccess (0x27) from server.
2025-11-10 16:37:48 [INFO] UdsClient: RoutineControl<0x31> - ControlType=0x01 - Starting routine ID 0x01a9 (TachographTestIds) with a payload of 1 bytes
2025-11-10 16:37:48 [DEBUG] Connection: Sending 5 bytes : [b'310101a964']
2025-11-10 16:37:48 [DEBUG] Connection: Received 4 bytes : [b'710101a9']
2025-11-10 16:37:48 [INFO] UdsClient: Received positive response for service RoutineControl (0x31) from server.
2025-11-10 16:37:48 [INFO] Connection: Connection closed
2025-11-10 16:37:48 [INFO] Connection: Connection closed
2025-11-10 16:42:09 [INFO] UdsClient: SecurityAccess<0x27> - Requesting seed to unlock security access level 0x03
2025-11-10 16:42:09 [DEBUG] Connection: Sending 2 bytes : [b'2703']
2025-11-10 16:42:09 [DEBUG] Connection: Received 18 bytes : [b'6703000102030405060708090a0b0c0d0e0f']
2025-11-10 16:42:09 [INFO] UdsClient: Received positive response for service SecurityAccess (0x27) from server.
2025-11-10 16:42:09 [INFO] UdsClient: SecurityAccess<0x27> - Sending key to unlock security access level 0x04
2025-11-10 16:42:09 [DEBUG] Connection: Sending 18 bytes : [b'2704c867b02f364f1766379831e278cf289d']
2025-11-10 16:42:09 [DEBUG] Connection: Received 2 bytes : [b'6704']
2025-11-10 16:42:09 [INFO] UdsClient: Received positive response for service SecurityAccess (0x27) from server.
2025-11-10 16:42:09 [INFO] UdsClient: RoutineControl<0x31> - ControlType=0x01 - Starting routine ID 0x01a9 (TachographTestIds) with a payload of 1 bytes
2025-11-10 16:42:09 [DEBUG] Connection: Sending 5 bytes : [b'310101a964']
2025-11-10 16:42:09 [DEBUG] Connection: Received 4 bytes : [b'710101a9']
2025-11-10 16:42:09 [INFO] UdsClient: Received positive response for service RoutineControl (0x31) from server.
2025-11-10 16:42:10 [INFO] Connection: Connection closed
2025-11-10 16:42:10 [INFO] Connection: Connection closed
2025-11-10 16:44:16 [INFO] UdsClient: SecurityAccess<0x27> - Requesting seed to unlock security access level 0x03
2025-11-10 16:44:16 [DEBUG] Connection: Sending 2 bytes : [b'2703']
2025-11-10 16:44:16 [DEBUG] Connection: Received 18 bytes : [b'6703000102030405060708090a0b0c0d0e0f']
2025-11-10 16:44:17 [INFO] UdsClient: Received positive response for service SecurityAccess (0x27) from server.
2025-11-10 16:44:17 [INFO] UdsClient: SecurityAccess<0x27> - Sending key to unlock security access level 0x04
2025-11-10 16:44:17 [DEBUG] Connection: Sending 18 bytes : [b'2704c867b02f364f1766379831e278cf289d']
2025-11-10 16:44:17 [DEBUG] Connection: Received 2 bytes : [b'6704']
2025-11-10 16:44:17 [INFO] UdsClient: Received positive response for service SecurityAccess (0x27) from server.
2025-11-10 16:44:17 [INFO] Connection: Connection closed
2025-11-10 16:44:17 [INFO] Connection: Connection closed
2025-11-10 16:47:17 [INFO] UdsClient: SecurityAccess<0x27> - Requesting seed to unlock security access level 0x03
2025-11-10 16:47:17 [DEBUG] Connection: Sending 2 bytes : [b'2703']
2025-11-10 16:47:17 [DEBUG] Connection: Received 18 bytes : [b'6703000102030405060708090a0b0c0d0e0f']
2025-11-10 16:47:17 [INFO] UdsClient: Received positive response for service SecurityAccess (0x27) from server.
2025-11-10 16:47:17 [INFO] UdsClient: SecurityAccess<0x27> - Sending key to unlock security access level 0x04
2025-11-10 16:47:17 [DEBUG] Connection: Sending 18 bytes : [b'2704c867b02f364f1766379831e278cf289d']
2025-11-10 16:47:17 [DEBUG] Connection: Received 2 bytes : [b'6704']
2025-11-10 16:47:17 [INFO] UdsClient: Received positive response for service SecurityAccess (0x27) from server.
2025-11-10 16:47:17 [INFO] UdsClient: RoutineControl<0x31> - ControlType=0x01 - Starting routine ID 0x01a9 (TachographTestIds) with a payload of 1 bytes
2025-11-10 16:47:17 [DEBUG] Connection: Sending 5 bytes : [b'310101a964']
2025-11-10 16:47:17 [DEBUG] Connection: Received 4 bytes : [b'710101a9']
2025-11-10 16:47:17 [INFO] UdsClient: Received positive response for service RoutineControl (0x31) from server.
2025-11-10 16:47:17 [INFO] Connection: Connection closed
2025-11-10 16:47:17 [INFO] Connection: Connection closed
2025-11-10 16:49:23 [INFO] UdsClient: SecurityAccess<0x27> - Requesting seed to unlock security access level 0x03
2025-11-10 16:49:23 [DEBUG] Connection: Sending 2 bytes : [b'2703']
2025-11-10 16:49:23 [DEBUG] Connection: Received 34 bytes : [b'670301c720bd24b1923f64fb1cccc9c47d6bc254154b7ff38172bcdae738bfe21a38']
2025-11-10 16:49:23 [INFO] UdsClient: Received positive response for service SecurityAccess (0x27) from server.
2025-11-10 16:49:23 [ERROR] UdsClient: [RuntimeError] : No RSA private key loaded (set self._rsa_privkey with load_rsa_private_key_from_file)
2025-11-10 16:49:24 [INFO] Connection: Connection closed
2025-11-10 16:49:24 [INFO] Connection: Connection closed
2025-11-10 16:51:25 [INFO] UdsClient: SecurityAccess<0x27> - Requesting seed to unlock security access level 0x03
2025-11-10 16:51:25 [DEBUG] Connection: Sending 2 bytes : [b'2703']
2025-11-10 16:51:25 [DEBUG] Connection: Received 34 bytes : [b'670352e2c5a8861f4886df3eddde84caf41793619df4d32970514ae5d7b8bd4bc21b']
2025-11-10 16:51:25 [INFO] UdsClient: Received positive response for service SecurityAccess (0x27) from server.
2025-11-10 16:51:25 [INFO] UdsClient: SecurityAccess<0x27> - Sending key to unlock security access level 0x04
2025-11-10 16:51:25 [DEBUG] Connection: Sending 386 bytes : [b'27048d7b7d4dd9f7bcc4e3893b012fb80e19cd4a04f124ec126b59b01873c333960e6da13980ef03eedceb936b2bfb928995cc9a1344ec7176c1319ca53c629c85f7bb1fa1e187d808b76995c618b95a8fbc8c84e093c57cb7505db88719d3ad7564d78f100fd7b3d3def7ea9398f4319900e1edaf1771fb9bcc6d6637501f82b85eb3d40c8e7593d9a38c28082fe400fb1fab15de4b66165850c0337e0ecac8a7b29949bef56e5302b321e1cb05818bb41e9caf697b112f36208f2fe25841c89f700d17f4ee855647c7e924ca817b3ff3c7688c5fa52f6fff6ef5a2b4a35eb39426b03323e91fe0f25aae798e3e6279762857d33b29ae765a5c9c611ae8d86419fb236732c194244ddd2159ac7e34addddcce297fc268228bfe68ff36ab14ee3a81eb0bca7cb7cce75ce18bfad4ee17872e494ac25c56fea9e2fbedab0ac7b0c5e219794374f6b0d022b2023070ac6a4c16d5da16e727fd634dd1cfcda6abd2647da74e0390fd74d6249d845649366f650806439b1c234514e24196c73d84c16fc6']
2025-11-10 16:51:25 [DEBUG] Connection: Received 3 bytes : [b'7f2712']
2025-11-10 16:51:25 [WARNING] UdsClient: SecurityAccess service execution returned a negative response SubFunctionNotSupported (0x12)
2025-11-10 16:51:25 [INFO] UdsClient: RoutineControl<0x31> - ControlType=0x01 - Starting routine ID 0x01a9 (TachographTestIds) with a payload of 1 bytes
2025-11-10 16:51:25 [DEBUG] Connection: Sending 5 bytes : [b'310101a964']
2025-11-10 16:51:25 [DEBUG] Connection: Received 4 bytes : [b'710101a9']
2025-11-10 16:51:25 [INFO] UdsClient: Received positive response for service RoutineControl (0x31) from server.
2025-11-10 16:51:26 [INFO] Connection: Connection closed
2025-11-10 16:51:26 [INFO] Connection: Connection closed
2025-11-12 21:27:01 [INFO] UdsClient: SecurityAccess<0x27> - Requesting seed to unlock security access level 0x03
2025-11-12 21:27:01 [DEBUG] Connection: Sending 2 bytes : [b'2703']
2025-11-12 21:27:01 [DEBUG] Connection: Received 18 bytes : [b'6703000102030405060708090a0b0c0d0e0f']
2025-11-12 21:27:01 [INFO] UdsClient: Received positive response for service SecurityAccess (0x27) from server.
2025-11-12 21:27:01 [INFO] UdsClient: SecurityAccess<0x27> - Sending key to unlock security access level 0x04
2025-11-12 21:27:01 [DEBUG] Connection: Sending 386 bytes : [b'27045e679cff7a2f302ec5e7e97a9f4ac83fd44694e6ec9c88a6c1a284b11d16422ac4865affb01504e17a46c57b6ca3bb98fcc7acd06212b732f9a49214e44a241ee17909b1d75f4959c727cca1961117d9de7dcb550589d9e7f694175299c0c5f76f6b2e505d6ec9707fbad166bcbe5afd15d6592678804ef5b7d814b9b5e6d0831c96b52365a0b4e28b2450f030c93758ac9d272841c4d2e76b5945fb9d2dadfd12c6499782e1b68c7935376dbe0668117d70c2d8b018171954f7ecf3bb5415a137edc78b151f2df67f48e97ced09f19f8434e62b3a818737fa8211ca8f16e9d3946e28bed0a59006b02cfc403b0065745a8c75c276fca23456973550dd8b55797913cb9cfc3ef3a430739986df1d650073d1642dced1c1c767cde1377280cb9eeec71e553b9c7df1970da1c5c3aa8f313388a2715e4bfd89b99a8b1c55db822d79218de660dca52dd9e3d3c8f5256d44c6800e26383a0718e690126968a61648f6bd9987f074fc74b6e90cbe6728633042a62bf2f575b3eda4993c3918629e3c']
2025-11-12 21:27:01 [DEBUG] Connection: Received 3 bytes : [b'7f2733']
2025-11-12 21:27:01 [WARNING] UdsClient: SecurityAccess service execution returned a negative response SecurityAccessDenied (0x33)
2025-11-12 21:27:01 [INFO] UdsClient: SecurityAccess<0x27> - Requesting seed to unlock security access level 0x03
2025-11-12 21:27:01 [DEBUG] Connection: Sending 2 bytes : [b'2703']
2025-11-12 21:27:01 [DEBUG] Connection: Received 18 bytes : [b'6703000102030405060708090a0b0c0d0e0f']
2025-11-12 21:27:01 [INFO] UdsClient: Received positive response for service SecurityAccess (0x27) from server.
2025-11-12 21:27:01 [INFO] UdsClient: SecurityAccess<0x27> - Sending key to unlock security access level 0x04
2025-11-12 21:27:01 [DEBUG] Connection: Sending 386 bytes : [b'2704279f89547fb395f55440f76464128806d43a421b34f113ecd78f57306e389d29bd9785ee676bbc355451271105860c122248e9952ac70c57b9418f341c371b18110a9f5ca975961ff75ceaee8e4bd7996d4270b2525d3f302fda538a7fd3835073a2d1ab81a09f7a3406464f323870ecab3a659b2e4ae12c98f438467f04cc98de145bac83032f35fbd8668c1af1e5402f9ccd7cfa847e805d479c8cabfdefa7190acada009915a1031399bbb2d454d4aa6fd4b91aa4cc0e41547304947409d4796f829cf93f714ae7d3163e6b00067e7f41c1271db464dc337ae81ab47dfc6986888196076800f7dc26e434887c712355b4680ca5ee4acb5dddb86267dec1bae9c009aceff92ce7626c0feec614a744b8c564935e13900dcd9846f3f0e1cf55b0dca07f696566da833f750e91ba3b5210f680305a210e9ec60ce09cba7ff6d063ea08831edfce352aef636c8a5006201064cf2e0152b3b4f1a42805088e88cc5f6ec95e740701ae80088d1b7bbcb9676b1bd3f95c81fd854f391a8aa071e3eb']
2025-11-12 21:27:02 [DEBUG] Connection: Received 3 bytes : [b'7f2733']
2025-11-12 21:27:02 [WARNING] UdsClient: SecurityAccess service execution returned a negative response SecurityAccessDenied (0x33)
2025-11-12 21:27:02 [INFO] UdsClient: SecurityAccess<0x27> - Requesting seed to unlock security access level 0x03
2025-11-12 21:27:02 [DEBUG] Connection: Sending 2 bytes : [b'2703']
2025-11-12 21:27:02 [DEBUG] Connection: Received 18 bytes : [b'6703000102030405060708090a0b0c0d0e0f']
2025-11-12 21:27:02 [INFO] UdsClient: Received positive response for service SecurityAccess (0x27) from server.
2025-11-12 21:27:02 [INFO] UdsClient: SecurityAccess<0x27> - Sending key to unlock security access level 0x04
2025-11-12 21:27:02 [DEBUG] Connection: Sending 386 bytes : [b'270482e9620200f40c88688e58213349764bc335522c45ec30100d42197435a93d11e02d391dec5a4a6af05e2992280a061418aed202a52cf95d40960cf07147e66ea9d33350130047f3ea74bc8793fb5013e6f660c8471aaf20e00501fc691186dc47e275e919eb3ead70c4c2bb2a0d8e044d7d31f8301307bee53c5c4b76a1b2c75deb9bb87e88675006c46e51f945872a9e970eb89dc35bfbcd9ca647f5ae723ea6f57c53467bf86a52df9db04929758a8a65aac8ce3ff071f516e89df5bfd25a8885456ac9b34f9367e8dfe48781b9f75686a01ce38dc6bf378a6a62557d6463abc81318f7133305dc6e0bc6e279e1c7dddfd883f454c4e4cc0c271d193a557ec4f09d015c45336860fcefafc441c9bda1c693344812875b3854f07f57df87c2c1277b3383d724883b1e72c4ac4449dbdcad6b795de1f3aa5e13e8d4c99095312f00d1906db0f78441c2312d9e1bfc0e188e21ecf86fc1a493d148c5142672b646f61abc8845aefb6a64296cf8d29f171bcb61b9109bfbd38e1019c9a39b5de2']
2025-11-12 21:27:02 [DEBUG] Connection: Received 3 bytes : [b'7f2733']
2025-11-12 21:27:02 [WARNING] UdsClient: SecurityAccess service execution returned a negative response SecurityAccessDenied (0x33)
2025-11-12 21:27:02 [INFO] UdsClient: SecurityAccess<0x27> - Requesting seed to unlock security access level 0x03
2025-11-12 21:27:02 [DEBUG] Connection: Sending 2 bytes : [b'2703']
2025-11-12 21:27:02 [DEBUG] Connection: Received 18 bytes : [b'6703000102030405060708090a0b0c0d0e0f']
2025-11-12 21:27:02 [INFO] UdsClient: Received positive response for service SecurityAccess (0x27) from server.
2025-11-12 21:27:02 [INFO] UdsClient: SecurityAccess<0x27> - Sending key to unlock security access level 0x04
2025-11-12 21:27:02 [DEBUG] Connection: Sending 386 bytes : [b'270492636755d75fcd683d15bc5676e5f692050a59284189778d6794a5950790c942788d9eeba130615c23a0bdbad572c359d82e3a4c1175c3eb7b16c3ef2a0f6b98bbc427529b3ddf43146b11e5f5226e4c324e706441d4411158e9f2158ae265ceb4dea9a4170ab15678e13eb26a151e9bb7f2976d50971278758960dfcb9a907a0059736704ba27088c89f6ad4e97164cc1a524b41a78ad9af1b7a90ef0d34e4225d329ba5240976641b0601cf01331fe5fb3c4e025a9e9d9a596bd8d2635637a2c2afc8165b27666676f9618b8d36a2b678423e90cfa89393ab596995722235e973ceeab16c07d694c7cb2feea1401229da39e78d05078b8219b18fb98aebee0d1132d20db8b39a459ecc9b21c84a2d6520b7b6131223e7f3b62f7eccbf7bc4033287c17dab341191bb8eb5d7d86ea601888358d078f1743ae947e170146303e24e8d170bd3b788f67520cd847d0aa9eb9eb72ca2adcfe197773eec5941c2afedf97ac2c61f6c9c26514505e304dea78e49adb123b922a64aaf8e494ab131022']
2025-11-12 21:27:02 [DEBUG] Connection: Received 3 bytes : [b'7f2733']
2025-11-12 21:27:02 [WARNING] UdsClient: SecurityAccess service execution returned a negative response SecurityAccessDenied (0x33)
2025-11-12 21:27:02 [INFO] UdsClient: SecurityAccess<0x27> - Requesting seed to unlock security access level 0x03
2025-11-12 21:27:02 [DEBUG] Connection: Sending 2 bytes : [b'2703']
2025-11-12 21:27:02 [DEBUG] Connection: Received 18 bytes : [b'6703000102030405060708090a0b0c0d0e0f']
2025-11-12 21:27:02 [INFO] UdsClient: Received positive response for service SecurityAccess (0x27) from server.
2025-11-12 21:27:02 [INFO] UdsClient: SecurityAccess<0x27> - Sending key to unlock security access level 0x04
2025-11-12 21:27:02 [DEBUG] Connection: Sending 386 bytes : [b'270416bda274afb9059b38812973dac9abb15e38dea114acad16c240a7b861a70a4102deadd733c3ebc12c0724c94ffb432cd41b3b208e177556c749426ed044881d5c1fb73c435c67496bcc7ad4d71ea73260a477d3c2413d692bc188390d6e016b186b0a803d37b214fe6decf1641835c3511e5d60ed08f63d0f79d1fddb560fb8f0cd54bd881bf35d88e79f43bf17d668590f84d9287169209911dd0e9e117a5c7dc82852eda80925a3c4614e9104356009b7f4dacc7288fc95e20508bfaf37773af80a8dc46b376b31ce0c035ad3d37afa0b3e785ca90869ebf64817c8c76276fd439fb82f0c85e4cf0a98d30b9b92d376e844d6a3fa255bc05921ec21378294b5880c5759e8f2e0223987bc1bbeea30247d35a6648d1a6ad72a7eab923459ad0051854b550ccc395a374223360c8693d28e20003f735417943774c04cefc9b2f79d2b85bc18044b708c3ddfe569634b37219eec2667ecc088c962f8ca47fbe83a8d66da55e032a13063a87ff6a701ef4ebd8055c51411b3f0e57de8ff363a40']
2025-11-12 21:27:03 [DEBUG] Connection: Received 3 bytes : [b'7f2733']
2025-11-12 21:27:03 [WARNING] UdsClient: SecurityAccess service execution returned a negative response SecurityAccessDenied (0x33)
2025-11-12 21:27:03 [INFO] UdsClient: SecurityAccess<0x27> - Requesting seed to unlock security access level 0x03
2025-11-12 21:27:03 [DEBUG] Connection: Sending 2 bytes : [b'2703']
2025-11-12 21:27:03 [DEBUG] Connection: Received 18 bytes : [b'6703000102030405060708090a0b0c0d0e0f']
2025-11-12 21:27:03 [INFO] UdsClient: Received positive response for service SecurityAccess (0x27) from server.
2025-11-12 21:27:03 [INFO] UdsClient: SecurityAccess<0x27> - Sending key to unlock security access level 0x04
2025-11-12 21:27:03 [DEBUG] Connection: Sending 386 bytes : [b'2704314b081c16317043fb009201e2e085edee25d5f0ac941558e7831074b1ed9e9eab8c61aa47e721cb83dfef69c269b3c938c82f695f235bf31b2d97fe982aff6357044b609c3dd8af1c75afd98d5e45fecf7db6cb595dfff4a6d7d375d429718298d24f6a43401a3a8ba04700db15e3c96ed92b1362f4a40c4dc7a5cc7297bfbe555b4a76d575e96e2895bf263f821dd42dca4fbc2ed036745d9a207adb1e2706d604f43bd0848b347f8675601e999e9c00725d4ff28753cd3deeb54e0796f9fc2b77776e7f1e1024841932ef4044f3a7312765134e167b012a485781eb66c425986ccf961de74627bd4c644fd56f067be5cb28e75d79f78450d3dd287a27053c014960b8e9d4625703f7f04c04e594f872222155fb4aabd8e6e4f4aec034065942adfc854950e6f53d2791dc6229066cdb0667dd4d16167a0c05d16e35c5a74f25dd62575e84030c9a6debd0993f218e8a30b458a84ea1187b855e625ca799790675cb6d17241dd1a59dd1480042fdf0a96289d811ab4aca4ad5f0152ff5a85c']
2025-11-12 21:27:03 [DEBUG] Connection: Received 3 bytes : [b'7f2733']
2025-11-12 21:27:03 [WARNING] UdsClient: SecurityAccess service execution returned a negative response SecurityAccessDenied (0x33)
2025-11-12 21:27:03 [INFO] UdsClient: SecurityAccess<0x27> - Requesting seed to unlock security access level 0x03
2025-11-12 21:27:03 [DEBUG] Connection: Sending 2 bytes : [b'2703']
2025-11-12 21:27:03 [DEBUG] Connection: Received 18 bytes : [b'6703000102030405060708090a0b0c0d0e0f']
2025-11-12 21:27:03 [INFO] UdsClient: Received positive response for service SecurityAccess (0x27) from server.
2025-11-12 21:27:03 [INFO] UdsClient: SecurityAccess<0x27> - Sending key to unlock security access level 0x04
2025-11-12 21:27:03 [DEBUG] Connection: Sending 386 bytes : [b'27046e5a640de87276d179cf8a3aeebc59fb48fe8c0a54177bca5dd3f0a0fca7c4ee2a85dbe31ffcb486652fcd965a98d61696e7bb6dd00e168c60daeaf37da9b2d418af44f38ce914a5ca6ea073da1baa1e0e7b93b7729c6379ebcc2e568379be4dc83642dae2b17e5899f678fea7da1a03ccea5905f2beb8a540caa00b4c7da52b3c24764a352df449dbec41a44a8416bc56c6efb232b122cb4ac1ea4f35a165e88388c7cfc489e9afe2189c304ca1a6f8135e54bc3190917989a0aabd05df035384f9b010fd8fc2d7b388145d449ff3f6c3ffbd092c9aee740bd68b472cbaf9f380c72c96ddb613da4297c296b4e23da54c26160b2ceb26e6c597f81a553666cfa4faffddaca1b3d58020cc48669cc7b6db70e2f5a86690f7b03730b31634396977de44f3d099ef3e239464852139ba5344bcc49e3c13e8565e55d4601bb343f5f32952b1634fd76239cd4718bbcb45ea7b54d85ec1e032c1666e52484eafdd6a2318de8559d64015e422e376966fd493d29f9e6d71edb9391884d898d7bdd9ad']
2025-11-12 21:27:03 [DEBUG] Connection: Received 3 bytes : [b'7f2733']
2025-11-12 21:27:03 [WARNING] UdsClient: SecurityAccess service execution returned a negative response SecurityAccessDenied (0x33)
2025-11-12 21:27:03 [INFO] UdsClient: SecurityAccess<0x27> - Requesting seed to unlock security access level 0x03
2025-11-12 21:27:03 [DEBUG] Connection: Sending 2 bytes : [b'2703']
2025-11-12 21:27:03 [DEBUG] Connection: Received 18 bytes : [b'6703000102030405060708090a0b0c0d0e0f']
2025-11-12 21:27:03 [INFO] UdsClient: Received positive response for service SecurityAccess (0x27) from server.
2025-11-12 21:27:03 [INFO] UdsClient: SecurityAccess<0x27> - Sending key to unlock security access level 0x04
2025-11-12 21:27:03 [DEBUG] Connection: Sending 386 bytes : [b'270488d323e9d4a0a9da61e8b8fd50efacb2a3134a7fa12d83613f06cb40eaa307a1eae6031ea8444e65c1be90aefcac3a3b66016824e92c92f11fc808dc3ff3298f070bdeaf0a0256800e6de6f297e893158fd209a68d0d08477258243671bd7af122af95cb9cd438022b6e973aa980cc438e69b34a55790dfa0fe6a1e1420eac322d75775ce3b061253ebcabdc3b6d772b34fb0a4bee820dac261cc5bb7f146b7ff70397da069edd7aea9f266b9fa5f632979396f9034e759e0c845795149f45779006b0e1a5bbdae0ca107584a868d6e3d77f308a7efa8767dd074dbb04273703b577e777c8c2e4374b2c862f95aa894c078f491f0d5bb39fbcf0dadd2c74a440271f667567f1f7b66a5650820555fd5ac8175c926931ef0a5e418181cb44e4418a98f503ef29c434b20ba78c8c23ef7f7f3f2379806122890853c8d5e939f832b73c03f1e1f7b8bce383a07c297fcc1ad4be37490d25028ef13f195efb1551735e554f7d88f70ba7b0dadcbb01a40d6bf8200965a1305466214cc737dfd20060']
2025-11-12 21:27:04 [DEBUG] Connection: Received 3 bytes : [b'7f2733']
2025-11-12 21:27:04 [WARNING] UdsClient: SecurityAccess service execution returned a negative response SecurityAccessDenied (0x33)
2025-11-12 21:27:04 [INFO] Connection: Connection closed
2025-11-12 21:27:04 [INFO] Connection: Connection closed
2025-11-12 21:30:00 [INFO] UdsClient: SecurityAccess<0x27> - Requesting seed to unlock security access level 0x03
2025-11-12 21:30:00 [DEBUG] Connection: Sending 2 bytes : [b'2703']
2025-11-12 21:30:00 [DEBUG] Connection: Received 18 bytes : [b'6703000102030405060708090a0b0c0d0e0f']
2025-11-12 21:30:00 [INFO] UdsClient: Received positive response for service SecurityAccess (0x27) from server.
2025-11-12 21:30:00 [INFO] UdsClient: SecurityAccess<0x27> - Sending key to unlock security access level 0x04
2025-11-12 21:30:00 [DEBUG] Connection: Sending 18 bytes : [b'270435343736313033323d3c3f3e39383b3a']
2025-11-12 21:30:00 [DEBUG] Connection: Received 2 bytes : [b'6704']
2025-11-12 21:30:00 [INFO] UdsClient: Received positive response for service SecurityAccess (0x27) from server.
2025-11-12 21:30:00 [INFO] UdsClient: SecurityAccess<0x27> - Requesting seed to unlock security access level 0x03
2025-11-12 21:30:00 [DEBUG] Connection: Sending 2 bytes : [b'2703']
2025-11-12 21:30:00 [DEBUG] Connection: Received 18 bytes : [b'6703000102030405060708090a0b0c0d0e0f']
2025-11-12 21:30:00 [INFO] UdsClient: Received positive response for service SecurityAccess (0x27) from server.
2025-11-12 21:30:00 [INFO] UdsClient: SecurityAccess<0x27> - Sending key to unlock security access level 0x04
2025-11-12 21:30:00 [DEBUG] Connection: Sending 18 bytes : [b'270435343736313033323d3c3f3e39383b3a']
2025-11-12 21:30:00 [DEBUG] Connection: Received 2 bytes : [b'6704']
2025-11-12 21:30:00 [INFO] UdsClient: Received positive response for service SecurityAccess (0x27) from server.
2025-11-12 21:30:00 [INFO] UdsClient: SecurityAccess<0x27> - Requesting seed to unlock security access level 0x03
2025-11-12 21:30:00 [DEBUG] Connection: Sending 2 bytes : [b'2703']
2025-11-12 21:30:00 [DEBUG] Connection: Received 18 bytes : [b'6703000102030405060708090a0b0c0d0e0f']
2025-11-12 21:30:00 [INFO] UdsClient: Received positive response for service SecurityAccess (0x27) from server.
2025-11-12 21:30:00 [INFO] UdsClient: SecurityAccess<0x27> - Sending key to unlock security access level 0x04
2025-11-12 21:30:00 [DEBUG] Connection: Sending 18 bytes : [b'270435343736313033323d3c3f3e39383b3a']
2025-11-12 21:30:00 [DEBUG] Connection: Received 2 bytes : [b'6704']
2025-11-12 21:30:00 [INFO] UdsClient: Received positive response for service SecurityAccess (0x27) from server.
2025-11-12 21:30:00 [INFO] UdsClient: SecurityAccess<0x27> - Requesting seed to unlock security access level 0x03
2025-11-12 21:30:00 [DEBUG] Connection: Sending 2 bytes : [b'2703']
2025-11-12 21:30:00 [DEBUG] Connection: Received 18 bytes : [b'6703000102030405060708090a0b0c0d0e0f']
2025-11-12 21:30:00 [INFO] UdsClient: Received positive response for service SecurityAccess (0x27) from server.
2025-11-12 21:30:00 [INFO] UdsClient: SecurityAccess<0x27> - Sending key to unlock security access level 0x04
2025-11-12 21:30:00 [DEBUG] Connection: Sending 18 bytes : [b'270435343736313033323d3c3f3e39383b3a']
2025-11-12 21:30:00 [DEBUG] Connection: Received 2 bytes : [b'6704']
2025-11-12 21:30:00 [INFO] UdsClient: Received positive response for service SecurityAccess (0x27) from server.
2025-11-12 21:30:00 [INFO] UdsClient: SecurityAccess<0x27> - Requesting seed to unlock security access level 0x03
2025-11-12 21:30:00 [DEBUG] Connection: Sending 2 bytes : [b'2703']
2025-11-12 21:30:00 [DEBUG] Connection: Received 18 bytes : [b'6703000102030405060708090a0b0c0d0e0f']
2025-11-12 21:30:00 [INFO] UdsClient: Received positive response for service SecurityAccess (0x27) from server.
2025-11-12 21:30:00 [INFO] UdsClient: SecurityAccess<0x27> - Sending key to unlock security access level 0x04
2025-11-12 21:30:00 [DEBUG] Connection: Sending 18 bytes : [b'270435343736313033323d3c3f3e39383b3a']
2025-11-12 21:30:00 [DEBUG] Connection: Received 2 bytes : [b'6704']
2025-11-12 21:30:00 [INFO] UdsClient: Received positive response for service SecurityAccess (0x27) from server.
2025-11-12 21:30:00 [INFO] UdsClient: SecurityAccess<0x27> - Requesting seed to unlock security access level 0x03
2025-11-12 21:30:00 [DEBUG] Connection: Sending 2 bytes : [b'2703']
2025-11-12 21:30:00 [DEBUG] Connection: Received 18 bytes : [b'6703000102030405060708090a0b0c0d0e0f']
2025-11-12 21:30:00 [INFO] UdsClient: Received positive response for service SecurityAccess (0x27) from server.
2025-11-12 21:30:00 [INFO] UdsClient: SecurityAccess<0x27> - Sending key to unlock security access level 0x04
2025-11-12 21:30:00 [DEBUG] Connection: Sending 18 bytes : [b'270435343736313033323d3c3f3e39383b3a']
2025-11-12 21:30:00 [DEBUG] Connection: Received 2 bytes : [b'6704']
2025-11-12 21:30:00 [INFO] UdsClient: Received positive response for service SecurityAccess (0x27) from server.
2025-11-12 21:30:00 [INFO] UdsClient: SecurityAccess<0x27> - Requesting seed to unlock security access level 0x03
2025-11-12 21:30:00 [DEBUG] Connection: Sending 2 bytes : [b'2703']
2025-11-12 21:30:00 [DEBUG] Connection: Received 18 bytes : [b'6703000102030405060708090a0b0c0d0e0f']
2025-11-12 21:30:00 [INFO] UdsClient: Received positive response for service SecurityAccess (0x27) from server.
2025-11-12 21:30:00 [INFO] UdsClient: SecurityAccess<0x27> - Sending key to unlock security access level 0x04
2025-11-12 21:30:00 [DEBUG] Connection: Sending 18 bytes : [b'270435343736313033323d3c3f3e39383b3a']
2025-11-12 21:30:00 [DEBUG] Connection: Received 2 bytes : [b'6704']
2025-11-12 21:30:00 [INFO] UdsClient: Received positive response for service SecurityAccess (0x27) from server.
2025-11-12 21:30:00 [INFO] UdsClient: SecurityAccess<0x27> - Requesting seed to unlock security access level 0x03
2025-11-12 21:30:00 [DEBUG] Connection: Sending 2 bytes : [b'2703']
2025-11-12 21:30:00 [DEBUG] Connection: Received 18 bytes : [b'6703000102030405060708090a0b0c0d0e0f']
2025-11-12 21:30:00 [INFO] UdsClient: Received positive response for service SecurityAccess (0x27) from server.
2025-11-12 21:30:00 [INFO] UdsClient: SecurityAccess<0x27> - Sending key to unlock security access level 0x04
2025-11-12 21:30:00 [DEBUG] Connection: Sending 18 bytes : [b'270435343736313033323d3c3f3e39383b3a']
2025-11-12 21:30:00 [DEBUG] Connection: Received 2 bytes : [b'6704']
2025-11-12 21:30:00 [INFO] UdsClient: Received positive response for service SecurityAccess (0x27) from server.
2025-11-12 21:30:00 [INFO] Connection: Connection closed
2025-11-12 21:30:00 [INFO] Connection: Connection closed
2025-11-12 21:31:36 [INFO] UdsClient: SecurityAccess<0x27> - Requesting seed to unlock security access level 0x03
2025-11-12 21:31:36 [DEBUG] Connection: Sending 2 bytes : [b'2703']
2025-11-12 21:31:36 [DEBUG] Connection: Received 18 bytes : [b'6703000102030405060708090a0b0c0d0e0f']
2025-11-12 21:31:36 [INFO] UdsClient: Received positive response for service SecurityAccess (0x27) from server.
2025-11-12 21:31:36 [INFO] UdsClient: SecurityAccess<0x27> - Sending key to unlock security access level 0x04
2025-11-12 21:31:36 [DEBUG] Connection: Sending 18 bytes : [b'270435343736313033323d3c3f3e39383b3a']
2025-11-12 21:31:36 [DEBUG] Connection: Received 2 bytes : [b'6704']
2025-11-12 21:31:36 [INFO] UdsClient: Received positive response for service SecurityAccess (0x27) from server.
2025-11-12 21:31:36 [INFO] UdsClient: SecurityAccess<0x27> - Requesting seed to unlock security access level 0x03
2025-11-12 21:31:36 [DEBUG] Connection: Sending 2 bytes : [b'2703']
2025-11-12 21:31:36 [DEBUG] Connection: Received 18 bytes : [b'6703000102030405060708090a0b0c0d0e0f']
2025-11-12 21:31:36 [INFO] UdsClient: Received positive response for service SecurityAccess (0x27) from server.
2025-11-12 21:31:36 [INFO] UdsClient: SecurityAccess<0x27> - Sending key to unlock security access level 0x04
2025-11-12 21:31:36 [DEBUG] Connection: Sending 18 bytes : [b'270435343736313033323d3c3f3e39383b3a']
2025-11-12 21:31:36 [DEBUG] Connection: Received 2 bytes : [b'6704']
2025-11-12 21:31:36 [INFO] UdsClient: Received positive response for service SecurityAccess (0x27) from server.
2025-11-12 21:31:36 [INFO] UdsClient: SecurityAccess<0x27> - Requesting seed to unlock security access level 0x03
2025-11-12 21:31:36 [DEBUG] Connection: Sending 2 bytes : [b'2703']
2025-11-12 21:31:36 [DEBUG] Connection: Received 18 bytes : [b'6703000102030405060708090a0b0c0d0e0f']
2025-11-12 21:31:36 [INFO] UdsClient: Received positive response for service SecurityAccess (0x27) from server.
2025-11-12 21:31:36 [INFO] UdsClient: SecurityAccess<0x27> - Sending key to unlock security access level 0x04
2025-11-12 21:31:36 [DEBUG] Connection: Sending 18 bytes : [b'270435343736313033323d3c3f3e39383b3a']
2025-11-12 21:31:36 [DEBUG] Connection: Received 2 bytes : [b'6704']
2025-11-12 21:31:36 [INFO] UdsClient: Received positive response for service SecurityAccess (0x27) from server.
2025-11-12 21:31:36 [INFO] UdsClient: SecurityAccess<0x27> - Requesting seed to unlock security access level 0x03
2025-11-12 21:31:36 [DEBUG] Connection: Sending 2 bytes : [b'2703']
2025-11-12 21:31:36 [DEBUG] Connection: Received 18 bytes : [b'6703000102030405060708090a0b0c0d0e0f']
2025-11-12 21:31:36 [INFO] UdsClient: Received positive response for service SecurityAccess (0x27) from server.
2025-11-12 21:31:36 [INFO] UdsClient: SecurityAccess<0x27> - Sending key to unlock security access level 0x04
2025-11-12 21:31:36 [DEBUG] Connection: Sending 18 bytes : [b'270435343736313033323d3c3f3e39383b3a']
2025-11-12 21:31:36 [DEBUG] Connection: Received 2 bytes : [b'6704']
2025-11-12 21:31:36 [INFO] UdsClient: Received positive response for service SecurityAccess (0x27) from server.
2025-11-12 21:31:36 [INFO] UdsClient: SecurityAccess<0x27> - Requesting seed to unlock security access level 0x03
2025-11-12 21:31:36 [DEBUG] Connection: Sending 2 bytes : [b'2703']
2025-11-12 21:31:36 [DEBUG] Connection: Received 18 bytes : [b'6703000102030405060708090a0b0c0d0e0f']
2025-11-12 21:31:36 [INFO] UdsClient: Received positive response for service SecurityAccess (0x27) from server.
2025-11-12 21:31:36 [INFO] UdsClient: SecurityAccess<0x27> - Sending key to unlock security access level 0x04
2025-11-12 21:31:36 [DEBUG] Connection: Sending 18 bytes : [b'270435343736313033323d3c3f3e39383b3a']
2025-11-12 21:31:36 [DEBUG] Connection: Received 2 bytes : [b'6704']
2025-11-12 21:31:36 [INFO] UdsClient: Received positive response for service SecurityAccess (0x27) from server.
2025-11-12 21:31:36 [INFO] UdsClient: SecurityAccess<0x27> - Requesting seed to unlock security access level 0x03
2025-11-12 21:31:36 [DEBUG] Connection: Sending 2 bytes : [b'2703']
2025-11-12 21:31:36 [DEBUG] Connection: Received 18 bytes : [b'6703000102030405060708090a0b0c0d0e0f']
2025-11-12 21:31:36 [INFO] UdsClient: Received positive response for service SecurityAccess (0x27) from server.
2025-11-12 21:31:36 [INFO] UdsClient: SecurityAccess<0x27> - Sending key to unlock security access level 0x04
2025-11-12 21:31:36 [DEBUG] Connection: Sending 18 bytes : [b'270435343736313033323d3c3f3e39383b3a']
2025-11-12 21:31:36 [DEBUG] Connection: Received 2 bytes : [b'6704']
2025-11-12 21:31:36 [INFO] UdsClient: Received positive response for service SecurityAccess (0x27) from server.
2025-11-12 21:31:36 [INFO] UdsClient: SecurityAccess<0x27> - Requesting seed to unlock security access level 0x03
2025-11-12 21:31:36 [DEBUG] Connection: Sending 2 bytes : [b'2703']
2025-11-12 21:31:36 [DEBUG] Connection: Received 18 bytes : [b'6703000102030405060708090a0b0c0d0e0f']
2025-11-12 21:31:36 [INFO] UdsClient: Received positive response for service SecurityAccess (0x27) from server.
2025-11-12 21:31:36 [INFO] UdsClient: SecurityAccess<0x27> - Sending key to unlock security access level 0x04
2025-11-12 21:31:36 [DEBUG] Connection: Sending 18 bytes : [b'270435343736313033323d3c3f3e39383b3a']
2025-11-12 21:31:36 [DEBUG] Connection: Received 2 bytes : [b'6704']
2025-11-12 21:31:36 [INFO] UdsClient: Received positive response for service SecurityAccess (0x27) from server.
2025-11-12 21:31:36 [INFO] Connection: Connection closed
2025-11-12 21:31:36 [INFO] Connection: Connection closed
2025-11-12 21:31:43 [INFO] UdsClient: SecurityAccess<0x27> - Requesting seed to unlock security access level 0x03
2025-11-12 21:31:43 [DEBUG] Connection: Sending 2 bytes : [b'2703']
2025-11-12 21:31:43 [DEBUG] Connection: Received 18 bytes : [b'6703000102030405060708090a0b0c0d0e0f']
2025-11-12 21:31:43 [INFO] UdsClient: Received positive response for service SecurityAccess (0x27) from server.
2025-11-12 21:31:43 [INFO] UdsClient: SecurityAccess<0x27> - Sending key to unlock security access level 0x04
2025-11-12 21:31:43 [DEBUG] Connection: Sending 18 bytes : [b'270435343736313033323d3c3f3e39383b3a']
2025-11-12 21:31:43 [DEBUG] Connection: Received 2 bytes : [b'6704']
2025-11-12 21:31:43 [INFO] UdsClient: Received positive response for service SecurityAccess (0x27) from server.
2025-11-12 21:31:43 [INFO] UdsClient: SecurityAccess<0x27> - Requesting seed to unlock security access level 0x03
2025-11-12 21:31:43 [DEBUG] Connection: Sending 2 bytes : [b'2703']
2025-11-12 21:31:43 [DEBUG] Connection: Received 18 bytes : [b'6703000102030405060708090a0b0c0d0e0f']
2025-11-12 21:31:43 [INFO] UdsClient: Received positive response for service SecurityAccess (0x27) from server.
2025-11-12 21:31:43 [INFO] UdsClient: SecurityAccess<0x27> - Sending key to unlock security access level 0x04
2025-11-12 21:31:43 [DEBUG] Connection: Sending 18 bytes : [b'270435343736313033323d3c3f3e39383b3a']
2025-11-12 21:31:43 [DEBUG] Connection: Received 2 bytes : [b'6704']
2025-11-12 21:31:43 [INFO] UdsClient: Received positive response for service SecurityAccess (0x27) from server.
2025-11-12 21:31:43 [INFO] UdsClient: SecurityAccess<0x27> - Requesting seed to unlock security access level 0x03
2025-11-12 21:31:43 [DEBUG] Connection: Sending 2 bytes : [b'2703']
2025-11-12 21:31:43 [DEBUG] Connection: Received 18 bytes : [b'6703000102030405060708090a0b0c0d0e0f']
2025-11-12 21:31:43 [INFO] UdsClient: Received positive response for service SecurityAccess (0x27) from server.
2025-11-12 21:31:43 [INFO] UdsClient: SecurityAccess<0x27> - Sending key to unlock security access level 0x04
2025-11-12 21:31:43 [DEBUG] Connection: Sending 18 bytes : [b'270435343736313033323d3c3f3e39383b3a']
2025-11-12 21:31:43 [DEBUG] Connection: Received 2 bytes : [b'6704']
2025-11-12 21:31:43 [INFO] UdsClient: Received positive response for service SecurityAccess (0x27) from server.
2025-11-12 21:31:43 [INFO] UdsClient: SecurityAccess<0x27> - Requesting seed to unlock security access level 0x03
2025-11-12 21:31:43 [DEBUG] Connection: Sending 2 bytes : [b'2703']
2025-11-12 21:31:43 [DEBUG] Connection: Received 18 bytes : [b'6703000102030405060708090a0b0c0d0e0f']
2025-11-12 21:31:43 [INFO] UdsClient: Received positive response for service SecurityAccess (0x27) from server.
2025-11-12 21:31:43 [INFO] UdsClient: SecurityAccess<0x27> - Sending key to unlock security access level 0x04
2025-11-12 21:31:43 [DEBUG] Connection: Sending 18 bytes : [b'270435343736313033323d3c3f3e39383b3a']
2025-11-12 21:31:43 [DEBUG] Connection: Received 2 bytes : [b'6704']
2025-11-12 21:31:43 [INFO] UdsClient: Received positive response for service SecurityAccess (0x27) from server.
2025-11-12 21:31:43 [INFO] UdsClient: SecurityAccess<0x27> - Requesting seed to unlock security access level 0x03
2025-11-12 21:31:43 [DEBUG] Connection: Sending 2 bytes : [b'2703']
2025-11-12 21:31:43 [DEBUG] Connection: Received 18 bytes : [b'6703000102030405060708090a0b0c0d0e0f']
2025-11-12 21:31:43 [INFO] UdsClient: Received positive response for service SecurityAccess (0x27) from server.
2025-11-12 21:31:43 [INFO] UdsClient: SecurityAccess<0x27> - Sending key to unlock security access level 0x04
2025-11-12 21:31:43 [DEBUG] Connection: Sending 18 bytes : [b'270435343736313033323d3c3f3e39383b3a']
2025-11-12 21:31:43 [DEBUG] Connection: Received 2 bytes : [b'6704']
2025-11-12 21:31:43 [INFO] UdsClient: Received positive response for service SecurityAccess (0x27) from server.
2025-11-12 21:31:43 [INFO] UdsClient: SecurityAccess<0x27> - Requesting seed to unlock security access level 0x03
2025-11-12 21:31:43 [DEBUG] Connection: Sending 2 bytes : [b'2703']
2025-11-12 21:31:43 [DEBUG] Connection: Received 18 bytes : [b'6703000102030405060708090a0b0c0d0e0f']
2025-11-12 21:31:43 [INFO] UdsClient: Received positive response for service SecurityAccess (0x27) from server.
2025-11-12 21:31:43 [INFO] UdsClient: SecurityAccess<0x27> - Sending key to unlock security access level 0x04
2025-11-12 21:31:43 [DEBUG] Connection: Sending 18 bytes : [b'270435343736313033323d3c3f3e39383b3a']
2025-11-12 21:31:43 [DEBUG] Connection: Received 2 bytes : [b'6704']
2025-11-12 21:31:43 [INFO] UdsClient: Received positive response for service SecurityAccess (0x27) from server.
2025-11-12 21:31:44 [INFO] UdsClient: SecurityAccess<0x27> - Requesting seed to unlock security access level 0x03
2025-11-12 21:31:44 [DEBUG] Connection: Sending 2 bytes : [b'2703']
2025-11-12 21:31:44 [DEBUG] Connection: Received 18 bytes : [b'6703000102030405060708090a0b0c0d0e0f']
2025-11-12 21:31:44 [INFO] UdsClient: Received positive response for service SecurityAccess (0x27) from server.
2025-11-12 21:31:44 [INFO] UdsClient: SecurityAccess<0x27> - Sending key to unlock security access level 0x04
2025-11-12 21:31:44 [DEBUG] Connection: Sending 18 bytes : [b'270435343736313033323d3c3f3e39383b3a']
2025-11-12 21:31:44 [DEBUG] Connection: Received 2 bytes : [b'6704']
2025-11-12 21:31:44 [INFO] UdsClient: Received positive response for service SecurityAccess (0x27) from server.
2025-11-12 21:31:44 [INFO] Connection: Connection closed
2025-11-12 21:31:44 [INFO] Connection: Connection closed
2025-11-12 21:35:42 [INFO] UdsClient: SecurityAccess<0x27> - Requesting seed to unlock security access level 0x03
2025-11-12 21:35:42 [DEBUG] Connection: Sending 2 bytes : [b'2703']
2025-11-12 21:35:42 [DEBUG] Connection: Received 18 bytes : [b'6703000102030405060708090a0b0c0d0e0f']
2025-11-12 21:35:42 [INFO] UdsClient: Received positive response for service SecurityAccess (0x27) from server.
2025-11-12 21:35:42 [INFO] UdsClient: SecurityAccess<0x27> - Sending key to unlock security access level 0x04
2025-11-12 21:35:42 [DEBUG] Connection: Sending 18 bytes : [b'2704c867b02f364f1766379831e278cf289d']
2025-11-12 21:35:42 [DEBUG] Connection: Received 2 bytes : [b'6704']
2025-11-12 21:35:42 [INFO] UdsClient: Received positive response for service SecurityAccess (0x27) from server.
2025-11-12 21:35:42 [INFO] UdsClient: SecurityAccess<0x27> - Requesting seed to unlock security access level 0x03
2025-11-12 21:35:42 [DEBUG] Connection: Sending 2 bytes : [b'2703']
2025-11-12 21:35:42 [DEBUG] Connection: Received 18 bytes : [b'6703000102030405060708090a0b0c0d0e0f']
2025-11-12 21:35:42 [INFO] UdsClient: Received positive response for service SecurityAccess (0x27) from server.
2025-11-12 21:35:42 [INFO] UdsClient: SecurityAccess<0x27> - Sending key to unlock security access level 0x04
2025-11-12 21:35:42 [DEBUG] Connection: Sending 18 bytes : [b'2704c867b02f364f1766379831e278cf289d']
2025-11-12 21:35:42 [DEBUG] Connection: Received 2 bytes : [b'6704']
2025-11-12 21:35:42 [INFO] UdsClient: Received positive response for service SecurityAccess (0x27) from server.
2025-11-12 21:35:42 [INFO] UdsClient: SecurityAccess<0x27> - Requesting seed to unlock security access level 0x03
2025-11-12 21:35:42 [DEBUG] Connection: Sending 2 bytes : [b'2703']
2025-11-12 21:35:42 [DEBUG] Connection: Received 18 bytes : [b'6703000102030405060708090a0b0c0d0e0f']
2025-11-12 21:35:42 [INFO] UdsClient: Received positive response for service SecurityAccess (0x27) from server.
2025-11-12 21:35:42 [INFO] UdsClient: SecurityAccess<0x27> - Sending key to unlock security access level 0x04
2025-11-12 21:35:42 [DEBUG] Connection: Sending 18 bytes : [b'2704c867b02f364f1766379831e278cf289d']
2025-11-12 21:35:42 [DEBUG] Connection: Received 2 bytes : [b'6704']
2025-11-12 21:35:42 [INFO] UdsClient: Received positive response for service SecurityAccess (0x27) from server.
2025-11-12 21:35:42 [INFO] UdsClient: SecurityAccess<0x27> - Requesting seed to unlock security access level 0x03
2025-11-12 21:35:42 [DEBUG] Connection: Sending 2 bytes : [b'2703']
2025-11-12 21:35:42 [DEBUG] Connection: Received 18 bytes : [b'6703000102030405060708090a0b0c0d0e0f']
2025-11-12 21:35:42 [INFO] UdsClient: Received positive response for service SecurityAccess (0x27) from server.
2025-11-12 21:35:42 [INFO] UdsClient: SecurityAccess<0x27> - Sending key to unlock security access level 0x04
2025-11-12 21:35:42 [DEBUG] Connection: Sending 18 bytes : [b'2704c867b02f364f1766379831e278cf289d']
2025-11-12 21:35:42 [DEBUG] Connection: Received 2 bytes : [b'6704']
2025-11-12 21:35:42 [INFO] UdsClient: Received positive response for service SecurityAccess (0x27) from server.
2025-11-12 21:35:42 [INFO] UdsClient: SecurityAccess<0x27> - Requesting seed to unlock security access level 0x03
2025-11-12 21:35:42 [DEBUG] Connection: Sending 2 bytes : [b'2703']
2025-11-12 21:35:42 [DEBUG] Connection: Received 18 bytes : [b'6703000102030405060708090a0b0c0d0e0f']
2025-11-12 21:35:42 [INFO] UdsClient: Received positive response for service SecurityAccess (0x27) from server.
2025-11-12 21:35:42 [INFO] UdsClient: SecurityAccess<0x27> - Sending key to unlock security access level 0x04
2025-11-12 21:35:42 [DEBUG] Connection: Sending 18 bytes : [b'2704c867b02f364f1766379831e278cf289d']
2025-11-12 21:35:42 [DEBUG] Connection: Received 2 bytes : [b'6704']
2025-11-12 21:35:42 [INFO] UdsClient: Received positive response for service SecurityAccess (0x27) from server.
2025-11-12 21:35:42 [INFO] UdsClient: SecurityAccess<0x27> - Requesting seed to unlock security access level 0x03
2025-11-12 21:35:42 [DEBUG] Connection: Sending 2 bytes : [b'2703']
2025-11-12 21:35:42 [DEBUG] Connection: Received 18 bytes : [b'6703000102030405060708090a0b0c0d0e0f']
2025-11-12 21:35:42 [INFO] UdsClient: Received positive response for service SecurityAccess (0x27) from server.
2025-11-12 21:35:42 [INFO] UdsClient: SecurityAccess<0x27> - Sending key to unlock security access level 0x04
2025-11-12 21:35:42 [DEBUG] Connection: Sending 18 bytes : [b'2704c867b02f364f1766379831e278cf289d']
2025-11-12 21:35:42 [DEBUG] Connection: Received 2 bytes : [b'6704']
2025-11-12 21:35:42 [INFO] UdsClient: Received positive response for service SecurityAccess (0x27) from server.
2025-11-12 21:35:42 [INFO] UdsClient: SecurityAccess<0x27> - Requesting seed to unlock security access level 0x03
2025-11-12 21:35:42 [DEBUG] Connection: Sending 2 bytes : [b'2703']
2025-11-12 21:35:42 [DEBUG] Connection: Received 18 bytes : [b'6703000102030405060708090a0b0c0d0e0f']
2025-11-12 21:35:42 [INFO] UdsClient: Received positive response for service SecurityAccess (0x27) from server.
2025-11-12 21:35:42 [INFO] UdsClient: SecurityAccess<0x27> - Sending key to unlock security access level 0x04
2025-11-12 21:35:42 [DEBUG] Connection: Sending 18 bytes : [b'2704c867b02f364f1766379831e278cf289d']
2025-11-12 21:35:42 [DEBUG] Connection: Received 2 bytes : [b'6704']
2025-11-12 21:35:42 [INFO] UdsClient: Received positive response for service SecurityAccess (0x27) from server.
2025-11-12 21:35:42 [INFO] Connection: Connection closed
2025-11-12 21:35:42 [INFO] Connection: Connection closed
2025-11-12 21:35:48 [INFO] UdsClient: SecurityAccess<0x27> - Requesting seed to unlock security access level 0x03
2025-11-12 21:35:48 [DEBUG] Connection: Sending 2 bytes : [b'2703']
2025-11-12 21:35:48 [DEBUG] Connection: Received 18 bytes : [b'6703000102030405060708090a0b0c0d0e0f']
2025-11-12 21:35:48 [INFO] UdsClient: Received positive response for service SecurityAccess (0x27) from server.
2025-11-12 21:35:48 [INFO] UdsClient: SecurityAccess<0x27> - Sending key to unlock security access level 0x04
2025-11-12 21:35:48 [DEBUG] Connection: Sending 18 bytes : [b'2704c867b02f364f1766379831e278cf289d']
2025-11-12 21:35:48 [DEBUG] Connection: Received 2 bytes : [b'6704']
2025-11-12 21:35:48 [INFO] UdsClient: Received positive response for service SecurityAccess (0x27) from server.
2025-11-12 21:35:48 [INFO] UdsClient: SecurityAccess<0x27> - Requesting seed to unlock security access level 0x03
2025-11-12 21:35:48 [DEBUG] Connection: Sending 2 bytes : [b'2703']
2025-11-12 21:35:48 [DEBUG] Connection: Received 18 bytes : [b'6703000102030405060708090a0b0c0d0e0f']
2025-11-12 21:35:48 [INFO] UdsClient: Received positive response for service SecurityAccess (0x27) from server.
2025-11-12 21:35:48 [INFO] UdsClient: SecurityAccess<0x27> - Sending key to unlock security access level 0x04
2025-11-12 21:35:48 [DEBUG] Connection: Sending 18 bytes : [b'2704c867b02f364f1766379831e278cf289d']
2025-11-12 21:35:48 [DEBUG] Connection: Received 2 bytes : [b'6704']
2025-11-12 21:35:48 [INFO] UdsClient: Received positive response for service SecurityAccess (0x27) from server.
2025-11-12 21:35:48 [INFO] UdsClient: SecurityAccess<0x27> - Requesting seed to unlock security access level 0x03
2025-11-12 21:35:48 [DEBUG] Connection: Sending 2 bytes : [b'2703']
2025-11-12 21:35:48 [DEBUG] Connection: Received 18 bytes : [b'6703000102030405060708090a0b0c0d0e0f']
2025-11-12 21:35:48 [INFO] UdsClient: Received positive response for service SecurityAccess (0x27) from server.
2025-11-12 21:35:48 [INFO] UdsClient: SecurityAccess<0x27> - Sending key to unlock security access level 0x04
2025-11-12 21:35:48 [DEBUG] Connection: Sending 18 bytes : [b'2704c867b02f364f1766379831e278cf289d']
2025-11-12 21:35:48 [DEBUG] Connection: Received 2 bytes : [b'6704']
2025-11-12 21:35:48 [INFO] UdsClient: Received positive response for service SecurityAccess (0x27) from server.
2025-11-12 21:35:48 [INFO] UdsClient: SecurityAccess<0x27> - Requesting seed to unlock security access level 0x03
2025-11-12 21:35:48 [DEBUG] Connection: Sending 2 bytes : [b'2703']
2025-11-12 21:35:48 [DEBUG] Connection: Received 18 bytes : [b'6703000102030405060708090a0b0c0d0e0f']
2025-11-12 21:35:48 [INFO] UdsClient: Received positive response for service SecurityAccess (0x27) from server.
2025-11-12 21:35:48 [INFO] UdsClient: SecurityAccess<0x27> - Sending key to unlock security access level 0x04
2025-11-12 21:35:48 [DEBUG] Connection: Sending 18 bytes : [b'2704c867b02f364f1766379831e278cf289d']
2025-11-12 21:35:48 [DEBUG] Connection: Received 2 bytes : [b'6704']
2025-11-12 21:35:48 [INFO] UdsClient: Received positive response for service SecurityAccess (0x27) from server.
2025-11-12 21:35:48 [INFO] UdsClient: SecurityAccess<0x27> - Requesting seed to unlock security access level 0x03
2025-11-12 21:35:48 [DEBUG] Connection: Sending 2 bytes : [b'2703']
2025-11-12 21:35:48 [DEBUG] Connection: Received 18 bytes : [b'6703000102030405060708090a0b0c0d0e0f']
2025-11-12 21:35:48 [INFO] UdsClient: Received positive response for service SecurityAccess (0x27) from server.
2025-11-12 21:35:48 [INFO] UdsClient: SecurityAccess<0x27> - Sending key to unlock security access level 0x04
2025-11-12 21:35:48 [DEBUG] Connection: Sending 18 bytes : [b'2704c867b02f364f1766379831e278cf289d']
2025-11-12 21:35:48 [DEBUG] Connection: Received 2 bytes : [b'6704']
2025-11-12 21:35:48 [INFO] UdsClient: Received positive response for service SecurityAccess (0x27) from server.
2025-11-12 21:35:48 [INFO] UdsClient: SecurityAccess<0x27> - Requesting seed to unlock security access level 0x03
2025-11-12 21:35:48 [DEBUG] Connection: Sending 2 bytes : [b'2703']
2025-11-12 21:35:48 [DEBUG] Connection: Received 18 bytes : [b'6703000102030405060708090a0b0c0d0e0f']
2025-11-12 21:35:48 [INFO] UdsClient: Received positive response for service SecurityAccess (0x27) from server.
2025-11-12 21:35:48 [INFO] UdsClient: SecurityAccess<0x27> - Sending key to unlock security access level 0x04
2025-11-12 21:35:48 [DEBUG] Connection: Sending 18 bytes : [b'2704c867b02f364f1766379831e278cf289d']
2025-11-12 21:35:48 [DEBUG] Connection: Received 2 bytes : [b'6704']
2025-11-12 21:35:48 [INFO] UdsClient: Received positive response for service SecurityAccess (0x27) from server.
2025-11-12 21:35:48 [INFO] UdsClient: SecurityAccess<0x27> - Requesting seed to unlock security access level 0x03
2025-11-12 21:35:48 [DEBUG] Connection: Sending 2 bytes : [b'2703']
2025-11-12 21:35:48 [DEBUG] Connection: Received 18 bytes : [b'6703000102030405060708090a0b0c0d0e0f']
2025-11-12 21:35:48 [INFO] UdsClient: Received positive response for service SecurityAccess (0x27) from server.
2025-11-12 21:35:48 [INFO] UdsClient: SecurityAccess<0x27> - Sending key to unlock security access level 0x04
2025-11-12 21:35:48 [DEBUG] Connection: Sending 18 bytes : [b'2704c867b02f364f1766379831e278cf289d']
2025-11-12 21:35:48 [DEBUG] Connection: Received 2 bytes : [b'6704']
2025-11-12 21:35:48 [INFO] UdsClient: Received positive response for service SecurityAccess (0x27) from server.
2025-11-12 21:35:49 [INFO] Connection: Connection closed
2025-11-12 21:35:49 [INFO] Connection: Connection closed
2025-11-12 21:35:52 [INFO] UdsClient: SecurityAccess<0x27> - Requesting seed to unlock security access level 0x03
2025-11-12 21:35:52 [DEBUG] Connection: Sending 2 bytes : [b'2703']
2025-11-12 21:35:52 [DEBUG] Connection: Received 18 bytes : [b'6703000102030405060708090a0b0c0d0e0f']
2025-11-12 21:35:52 [INFO] UdsClient: Received positive response for service SecurityAccess (0x27) from server.
2025-11-12 21:35:52 [INFO] UdsClient: SecurityAccess<0x27> - Sending key to unlock security access level 0x04
2025-11-12 21:35:52 [DEBUG] Connection: Sending 18 bytes : [b'2704c867b02f364f1766379831e278cf289d']
2025-11-12 21:35:52 [DEBUG] Connection: Received 2 bytes : [b'6704']
2025-11-12 21:35:52 [INFO] UdsClient: Received positive response for service SecurityAccess (0x27) from server.
2025-11-12 21:35:52 [INFO] UdsClient: SecurityAccess<0x27> - Requesting seed to unlock security access level 0x03
2025-11-12 21:35:52 [DEBUG] Connection: Sending 2 bytes : [b'2703']
2025-11-12 21:35:52 [DEBUG] Connection: Received 18 bytes : [b'6703000102030405060708090a0b0c0d0e0f']
2025-11-12 21:35:52 [INFO] UdsClient: Received positive response for service SecurityAccess (0x27) from server.
2025-11-12 21:35:52 [INFO] UdsClient: SecurityAccess<0x27> - Sending key to unlock security access level 0x04
2025-11-12 21:35:52 [DEBUG] Connection: Sending 18 bytes : [b'2704c867b02f364f1766379831e278cf289d']
2025-11-12 21:35:52 [DEBUG] Connection: Received 2 bytes : [b'6704']
2025-11-12 21:35:52 [INFO] UdsClient: Received positive response for service SecurityAccess (0x27) from server.
2025-11-12 21:35:52 [INFO] UdsClient: SecurityAccess<0x27> - Requesting seed to unlock security access level 0x03
2025-11-12 21:35:52 [DEBUG] Connection: Sending 2 bytes : [b'2703']
2025-11-12 21:35:52 [DEBUG] Connection: Received 18 bytes : [b'6703000102030405060708090a0b0c0d0e0f']
2025-11-12 21:35:52 [INFO] UdsClient: Received positive response for service SecurityAccess (0x27) from server.
2025-11-12 21:35:52 [INFO] UdsClient: SecurityAccess<0x27> - Sending key to unlock security access level 0x04
2025-11-12 21:35:52 [DEBUG] Connection: Sending 18 bytes : [b'2704c867b02f364f1766379831e278cf289d']
2025-11-12 21:35:52 [DEBUG] Connection: Received 2 bytes : [b'6704']
2025-11-12 21:35:52 [INFO] UdsClient: Received positive response for service SecurityAccess (0x27) from server.
2025-11-12 21:35:52 [INFO] UdsClient: SecurityAccess<0x27> - Requesting seed to unlock security access level 0x03
2025-11-12 21:35:52 [DEBUG] Connection: Sending 2 bytes : [b'2703']
2025-11-12 21:35:52 [DEBUG] Connection: Received 18 bytes : [b'6703000102030405060708090a0b0c0d0e0f']
2025-11-12 21:35:52 [INFO] UdsClient: Received positive response for service SecurityAccess (0x27) from server.
2025-11-12 21:35:52 [INFO] UdsClient: SecurityAccess<0x27> - Sending key to unlock security access level 0x04
2025-11-12 21:35:52 [DEBUG] Connection: Sending 18 bytes : [b'2704c867b02f364f1766379831e278cf289d']
2025-11-12 21:35:52 [DEBUG] Connection: Received 2 bytes : [b'6704']
2025-11-12 21:35:52 [INFO] UdsClient: Received positive response for service SecurityAccess (0x27) from server.
2025-11-12 21:35:52 [INFO] UdsClient: SecurityAccess<0x27> - Requesting seed to unlock security access level 0x03
2025-11-12 21:35:52 [DEBUG] Connection: Sending 2 bytes : [b'2703']
2025-11-12 21:35:52 [DEBUG] Connection: Received 18 bytes : [b'6703000102030405060708090a0b0c0d0e0f']
2025-11-12 21:35:52 [INFO] UdsClient: Received positive response for service SecurityAccess (0x27) from server.
2025-11-12 21:35:52 [INFO] UdsClient: SecurityAccess<0x27> - Sending key to unlock security access level 0x04
2025-11-12 21:35:52 [DEBUG] Connection: Sending 18 bytes : [b'2704c867b02f364f1766379831e278cf289d']
2025-11-12 21:35:52 [DEBUG] Connection: Received 2 bytes : [b'6704']
2025-11-12 21:35:52 [INFO] UdsClient: Received positive response for service SecurityAccess (0x27) from server.
2025-11-12 21:35:52 [INFO] UdsClient: SecurityAccess<0x27> - Requesting seed to unlock security access level 0x03
2025-11-12 21:35:52 [DEBUG] Connection: Sending 2 bytes : [b'2703']
2025-11-12 21:35:52 [DEBUG] Connection: Received 18 bytes : [b'6703000102030405060708090a0b0c0d0e0f']
2025-11-12 21:35:52 [INFO] UdsClient: Received positive response for service SecurityAccess (0x27) from server.
2025-11-12 21:35:52 [INFO] UdsClient: SecurityAccess<0x27> - Sending key to unlock security access level 0x04
2025-11-12 21:35:52 [DEBUG] Connection: Sending 18 bytes : [b'2704c867b02f364f1766379831e278cf289d']
2025-11-12 21:35:52 [DEBUG] Connection: Received 2 bytes : [b'6704']
2025-11-12 21:35:52 [INFO] UdsClient: Received positive response for service SecurityAccess (0x27) from server.
2025-11-12 21:35:52 [INFO] UdsClient: SecurityAccess<0x27> - Requesting seed to unlock security access level 0x03
2025-11-12 21:35:52 [DEBUG] Connection: Sending 2 bytes : [b'2703']
2025-11-12 21:35:52 [DEBUG] Connection: Received 18 bytes : [b'6703000102030405060708090a0b0c0d0e0f']
2025-11-12 21:35:52 [INFO] UdsClient: Received positive response for service SecurityAccess (0x27) from server.
2025-11-12 21:35:52 [INFO] UdsClient: SecurityAccess<0x27> - Sending key to unlock security access level 0x04
2025-11-12 21:35:52 [DEBUG] Connection: Sending 18 bytes : [b'2704c867b02f364f1766379831e278cf289d']
2025-11-12 21:35:52 [DEBUG] Connection: Received 2 bytes : [b'6704']
2025-11-12 21:35:52 [INFO] UdsClient: Received positive response for service SecurityAccess (0x27) from server.
2025-11-12 21:35:52 [INFO] Connection: Connection closed
2025-11-12 21:35:52 [INFO] Connection: Connection closed
2025-11-12 21:37:28 [INFO] UdsClient: SecurityAccess<0x27> - Requesting seed to unlock security access level 0x03
2025-11-12 21:37:28 [DEBUG] Connection: Sending 2 bytes : [b'2703']
2025-11-12 21:37:28 [DEBUG] Connection: Received 18 bytes : [b'6703000102030405060708090a0b0c0d0e0f']
2025-11-12 21:37:28 [INFO] UdsClient: Received positive response for service SecurityAccess (0x27) from server.
2025-11-12 21:37:28 [INFO] UdsClient: SecurityAccess<0x27> - Sending key to unlock security access level 0x04
2025-11-12 21:37:28 [DEBUG] Connection: Sending 18 bytes : [b'2704c867b02f364f1766379831e278cf289d']
2025-11-12 21:37:28 [DEBUG] Connection: Received 2 bytes : [b'6704']
2025-11-12 21:37:28 [INFO] UdsClient: Received positive response for service SecurityAccess (0x27) from server.
2025-11-12 21:37:28 [INFO] UdsClient: SecurityAccess<0x27> - Requesting seed to unlock security access level 0x03
2025-11-12 21:37:28 [DEBUG] Connection: Sending 2 bytes : [b'2703']
2025-11-12 21:37:28 [DEBUG] Connection: Received 18 bytes : [b'6703000102030405060708090a0b0c0d0e0f']
2025-11-12 21:37:28 [INFO] UdsClient: Received positive response for service SecurityAccess (0x27) from server.
2025-11-12 21:37:28 [INFO] UdsClient: SecurityAccess<0x27> - Sending key to unlock security access level 0x04
2025-11-12 21:37:28 [DEBUG] Connection: Sending 18 bytes : [b'2704c867b02f364f1766379831e278cf289d']
2025-11-12 21:37:28 [DEBUG] Connection: Received 2 bytes : [b'6704']
2025-11-12 21:37:28 [INFO] UdsClient: Received positive response for service SecurityAccess (0x27) from server.
2025-11-12 21:37:28 [INFO] UdsClient: SecurityAccess<0x27> - Requesting seed to unlock security access level 0x03
2025-11-12 21:37:28 [DEBUG] Connection: Sending 2 bytes : [b'2703']
2025-11-12 21:37:28 [DEBUG] Connection: Received 18 bytes : [b'6703000102030405060708090a0b0c0d0e0f']
2025-11-12 21:37:28 [INFO] UdsClient: Received positive response for service SecurityAccess (0x27) from server.
2025-11-12 21:37:28 [INFO] UdsClient: SecurityAccess<0x27> - Sending key to unlock security access level 0x04
2025-11-12 21:37:28 [DEBUG] Connection: Sending 18 bytes : [b'2704c867b02f364f1766379831e278cf289d']
2025-11-12 21:37:28 [DEBUG] Connection: Received 2 bytes : [b'6704']
2025-11-12 21:37:28 [INFO] UdsClient: Received positive response for service SecurityAccess (0x27) from server.
2025-11-12 21:37:28 [INFO] UdsClient: SecurityAccess<0x27> - Requesting seed to unlock security access level 0x03
2025-11-12 21:37:28 [DEBUG] Connection: Sending 2 bytes : [b'2703']
2025-11-12 21:37:28 [DEBUG] Connection: Received 18 bytes : [b'6703000102030405060708090a0b0c0d0e0f']
2025-11-12 21:37:28 [INFO] UdsClient: Received positive response for service SecurityAccess (0x27) from server.
2025-11-12 21:37:28 [INFO] UdsClient: SecurityAccess<0x27> - Sending key to unlock security access level 0x04
2025-11-12 21:37:28 [DEBUG] Connection: Sending 18 bytes : [b'2704c867b02f364f1766379831e278cf289d']
2025-11-12 21:37:28 [DEBUG] Connection: Received 2 bytes : [b'6704']
2025-11-12 21:37:28 [INFO] UdsClient: Received positive response for service SecurityAccess (0x27) from server.
2025-11-12 21:37:28 [INFO] UdsClient: SecurityAccess<0x27> - Requesting seed to unlock security access level 0x03
2025-11-12 21:37:28 [DEBUG] Connection: Sending 2 bytes : [b'2703']
2025-11-12 21:37:28 [DEBUG] Connection: Received 18 bytes : [b'6703000102030405060708090a0b0c0d0e0f']
2025-11-12 21:37:28 [INFO] UdsClient: Received positive response for service SecurityAccess (0x27) from server.
2025-11-12 21:37:28 [INFO] UdsClient: SecurityAccess<0x27> - Sending key to unlock security access level 0x04
2025-11-12 21:37:28 [DEBUG] Connection: Sending 18 bytes : [b'2704c867b02f364f1766379831e278cf289d']
2025-11-12 21:37:28 [DEBUG] Connection: Received 2 bytes : [b'6704']
2025-11-12 21:37:28 [INFO] UdsClient: Received positive response for service SecurityAccess (0x27) from server.
2025-11-12 21:37:28 [INFO] UdsClient: SecurityAccess<0x27> - Requesting seed to unlock security access level 0x03
2025-11-12 21:37:28 [DEBUG] Connection: Sending 2 bytes : [b'2703']
2025-11-12 21:37:28 [DEBUG] Connection: Received 18 bytes : [b'6703000102030405060708090a0b0c0d0e0f']
2025-11-12 21:37:28 [INFO] UdsClient: Received positive response for service SecurityAccess (0x27) from server.
2025-11-12 21:37:28 [INFO] UdsClient: SecurityAccess<0x27> - Sending key to unlock security access level 0x04
2025-11-12 21:37:28 [DEBUG] Connection: Sending 18 bytes : [b'2704c867b02f364f1766379831e278cf289d']
2025-11-12 21:37:28 [DEBUG] Connection: Received 2 bytes : [b'6704']
2025-11-12 21:37:28 [INFO] UdsClient: Received positive response for service SecurityAccess (0x27) from server.
2025-11-12 21:37:28 [INFO] UdsClient: SecurityAccess<0x27> - Requesting seed to unlock security access level 0x03
2025-11-12 21:37:28 [DEBUG] Connection: Sending 2 bytes : [b'2703']
2025-11-12 21:37:28 [DEBUG] Connection: Received 18 bytes : [b'6703000102030405060708090a0b0c0d0e0f']
2025-11-12 21:37:28 [INFO] UdsClient: Received positive response for service SecurityAccess (0x27) from server.
2025-11-12 21:37:28 [INFO] UdsClient: SecurityAccess<0x27> - Sending key to unlock security access level 0x04
2025-11-12 21:37:28 [DEBUG] Connection: Sending 18 bytes : [b'2704c867b02f364f1766379831e278cf289d']
2025-11-12 21:37:28 [DEBUG] Connection: Received 2 bytes : [b'6704']
2025-11-12 21:37:28 [INFO] UdsClient: Received positive response for service SecurityAccess (0x27) from server.
2025-11-12 21:37:28 [INFO] Connection: Connection closed
2025-11-12 21:37:28 [INFO] Connection: Connection closed
2025-11-12 21:37:31 [INFO] UdsClient: SecurityAccess<0x27> - Requesting seed to unlock security access level 0x03
2025-11-12 21:37:31 [DEBUG] Connection: Sending 2 bytes : [b'2703']
2025-11-12 21:37:31 [DEBUG] Connection: Received 18 bytes : [b'6703000102030405060708090a0b0c0d0e0f']
2025-11-12 21:37:31 [INFO] UdsClient: Received positive response for service SecurityAccess (0x27) from server.
2025-11-12 21:37:31 [INFO] UdsClient: SecurityAccess<0x27> - Sending key to unlock security access level 0x04
2025-11-12 21:37:31 [DEBUG] Connection: Sending 18 bytes : [b'2704c867b02f364f1766379831e278cf289d']
2025-11-12 21:37:31 [DEBUG] Connection: Received 2 bytes : [b'6704']
2025-11-12 21:37:31 [INFO] UdsClient: Received positive response for service SecurityAccess (0x27) from server.
2025-11-12 21:37:31 [INFO] UdsClient: SecurityAccess<0x27> - Requesting seed to unlock security access level 0x03
2025-11-12 21:37:31 [DEBUG] Connection: Sending 2 bytes : [b'2703']
2025-11-12 21:37:31 [DEBUG] Connection: Received 18 bytes : [b'6703000102030405060708090a0b0c0d0e0f']
2025-11-12 21:37:31 [INFO] UdsClient: Received positive response for service SecurityAccess (0x27) from server.
2025-11-12 21:37:31 [INFO] UdsClient: SecurityAccess<0x27> - Sending key to unlock security access level 0x04
2025-11-12 21:37:31 [DEBUG] Connection: Sending 18 bytes : [b'2704c867b02f364f1766379831e278cf289d']
2025-11-12 21:37:31 [DEBUG] Connection: Received 2 bytes : [b'6704']
2025-11-12 21:37:31 [INFO] UdsClient: Received positive response for service SecurityAccess (0x27) from server.
2025-11-12 21:37:31 [INFO] UdsClient: SecurityAccess<0x27> - Requesting seed to unlock security access level 0x03
2025-11-12 21:37:31 [DEBUG] Connection: Sending 2 bytes : [b'2703']
2025-11-12 21:37:31 [DEBUG] Connection: Received 18 bytes : [b'6703000102030405060708090a0b0c0d0e0f']
2025-11-12 21:37:31 [INFO] UdsClient: Received positive response for service SecurityAccess (0x27) from server.
2025-11-12 21:37:31 [INFO] UdsClient: SecurityAccess<0x27> - Sending key to unlock security access level 0x04
2025-11-12 21:37:31 [DEBUG] Connection: Sending 18 bytes : [b'2704c867b02f364f1766379831e278cf289d']
2025-11-12 21:37:31 [DEBUG] Connection: Received 2 bytes : [b'6704']
2025-11-12 21:37:31 [INFO] UdsClient: Received positive response for service SecurityAccess (0x27) from server.
2025-11-12 21:37:31 [INFO] UdsClient: SecurityAccess<0x27> - Requesting seed to unlock security access level 0x03
2025-11-12 21:37:31 [DEBUG] Connection: Sending 2 bytes : [b'2703']
2025-11-12 21:37:31 [DEBUG] Connection: Received 18 bytes : [b'6703000102030405060708090a0b0c0d0e0f']
2025-11-12 21:37:31 [INFO] UdsClient: Received positive response for service SecurityAccess (0x27) from server.
2025-11-12 21:37:31 [INFO] UdsClient: SecurityAccess<0x27> - Sending key to unlock security access level 0x04
2025-11-12 21:37:31 [DEBUG] Connection: Sending 18 bytes : [b'2704c867b02f364f1766379831e278cf289d']
2025-11-12 21:37:31 [DEBUG] Connection: Received 2 bytes : [b'6704']
2025-11-12 21:37:31 [INFO] UdsClient: Received positive response for service SecurityAccess (0x27) from server.
2025-11-12 21:37:31 [INFO] UdsClient: SecurityAccess<0x27> - Requesting seed to unlock security access level 0x03
2025-11-12 21:37:31 [DEBUG] Connection: Sending 2 bytes : [b'2703']
2025-11-12 21:37:31 [DEBUG] Connection: Received 18 bytes : [b'6703000102030405060708090a0b0c0d0e0f']
2025-11-12 21:37:31 [INFO] UdsClient: Received positive response for service SecurityAccess (0x27) from server.
2025-11-12 21:37:31 [INFO] UdsClient: SecurityAccess<0x27> - Sending key to unlock security access level 0x04
2025-11-12 21:37:31 [DEBUG] Connection: Sending 18 bytes : [b'2704c867b02f364f1766379831e278cf289d']
2025-11-12 21:37:31 [DEBUG] Connection: Received 2 bytes : [b'6704']
2025-11-12 21:37:31 [INFO] UdsClient: Received positive response for service SecurityAccess (0x27) from server.
2025-11-12 21:37:31 [INFO] UdsClient: SecurityAccess<0x27> - Requesting seed to unlock security access level 0x03
2025-11-12 21:37:31 [DEBUG] Connection: Sending 2 bytes : [b'2703']
2025-11-12 21:37:31 [DEBUG] Connection: Received 18 bytes : [b'6703000102030405060708090a0b0c0d0e0f']
2025-11-12 21:37:31 [INFO] UdsClient: Received positive response for service SecurityAccess (0x27) from server.
2025-11-12 21:37:31 [INFO] UdsClient: SecurityAccess<0x27> - Sending key to unlock security access level 0x04
2025-11-12 21:37:31 [DEBUG] Connection: Sending 18 bytes : [b'2704c867b02f364f1766379831e278cf289d']
2025-11-12 21:37:31 [DEBUG] Connection: Received 2 bytes : [b'6704']
2025-11-12 21:37:31 [INFO] UdsClient: Received positive response for service SecurityAccess (0x27) from server.
2025-11-12 21:37:31 [INFO] UdsClient: SecurityAccess<0x27> - Requesting seed to unlock security access level 0x03
2025-11-12 21:37:31 [DEBUG] Connection: Sending 2 bytes : [b'2703']
2025-11-12 21:37:31 [DEBUG] Connection: Received 18 bytes : [b'6703000102030405060708090a0b0c0d0e0f']
2025-11-12 21:37:31 [INFO] UdsClient: Received positive response for service SecurityAccess (0x27) from server.
2025-11-12 21:37:31 [INFO] UdsClient: SecurityAccess<0x27> - Sending key to unlock security access level 0x04
2025-11-12 21:37:31 [DEBUG] Connection: Sending 18 bytes : [b'2704c867b02f364f1766379831e278cf289d']
2025-11-12 21:37:31 [DEBUG] Connection: Received 2 bytes : [b'6704']
2025-11-12 21:37:31 [INFO] UdsClient: Received positive response for service SecurityAccess (0x27) from server.
2025-11-12 21:37:31 [INFO] Connection: Connection closed
2025-11-12 21:37:31 [INFO] Connection: Connection closed
2025-11-12 21:37:33 [INFO] UdsClient: SecurityAccess<0x27> - Requesting seed to unlock security access level 0x03
2025-11-12 21:37:33 [DEBUG] Connection: Sending 2 bytes : [b'2703']
2025-11-12 21:37:33 [DEBUG] Connection: Received 18 bytes : [b'6703000102030405060708090a0b0c0d0e0f']
2025-11-12 21:37:33 [INFO] UdsClient: Received positive response for service SecurityAccess (0x27) from server.
2025-11-12 21:37:33 [INFO] UdsClient: SecurityAccess<0x27> - Sending key to unlock security access level 0x04
2025-11-12 21:37:33 [DEBUG] Connection: Sending 18 bytes : [b'2704c867b02f364f1766379831e278cf289d']
2025-11-12 21:37:33 [DEBUG] Connection: Received 2 bytes : [b'6704']
2025-11-12 21:37:33 [INFO] UdsClient: Received positive response for service SecurityAccess (0x27) from server.
2025-11-12 21:37:33 [INFO] UdsClient: SecurityAccess<0x27> - Requesting seed to unlock security access level 0x03
2025-11-12 21:37:33 [DEBUG] Connection: Sending 2 bytes : [b'2703']
2025-11-12 21:37:33 [DEBUG] Connection: Received 18 bytes : [b'6703000102030405060708090a0b0c0d0e0f']
2025-11-12 21:37:33 [INFO] UdsClient: Received positive response for service SecurityAccess (0x27) from server.
2025-11-12 21:37:33 [INFO] UdsClient: SecurityAccess<0x27> - Sending key to unlock security access level 0x04
2025-11-12 21:37:33 [DEBUG] Connection: Sending 18 bytes : [b'2704c867b02f364f1766379831e278cf289d']
2025-11-12 21:37:33 [DEBUG] Connection: Received 2 bytes : [b'6704']
2025-11-12 21:37:33 [INFO] UdsClient: Received positive response for service SecurityAccess (0x27) from server.
2025-11-12 21:37:33 [INFO] UdsClient: SecurityAccess<0x27> - Requesting seed to unlock security access level 0x03
2025-11-12 21:37:33 [DEBUG] Connection: Sending 2 bytes : [b'2703']
2025-11-12 21:37:33 [DEBUG] Connection: Received 18 bytes : [b'6703000102030405060708090a0b0c0d0e0f']
2025-11-12 21:37:33 [INFO] UdsClient: Received positive response for service SecurityAccess (0x27) from server.
2025-11-12 21:37:33 [INFO] UdsClient: SecurityAccess<0x27> - Sending key to unlock security access level 0x04
2025-11-12 21:37:33 [DEBUG] Connection: Sending 18 bytes : [b'2704c867b02f364f1766379831e278cf289d']
2025-11-12 21:37:33 [DEBUG] Connection: Received 2 bytes : [b'6704']
2025-11-12 21:37:33 [INFO] UdsClient: Received positive response for service SecurityAccess (0x27) from server.
2025-11-12 21:37:33 [INFO] UdsClient: SecurityAccess<0x27> - Requesting seed to unlock security access level 0x03
2025-11-12 21:37:33 [DEBUG] Connection: Sending 2 bytes : [b'2703']
2025-11-12 21:37:33 [DEBUG] Connection: Received 18 bytes : [b'6703000102030405060708090a0b0c0d0e0f']
2025-11-12 21:37:33 [INFO] UdsClient: Received positive response for service SecurityAccess (0x27) from server.
2025-11-12 21:37:33 [INFO] UdsClient: SecurityAccess<0x27> - Sending key to unlock security access level 0x04
2025-11-12 21:37:33 [DEBUG] Connection: Sending 18 bytes : [b'2704c867b02f364f1766379831e278cf289d']
2025-11-12 21:37:33 [DEBUG] Connection: Received 2 bytes : [b'6704']
2025-11-12 21:37:33 [INFO] UdsClient: Received positive response for service SecurityAccess (0x27) from server.
2025-11-12 21:37:33 [INFO] UdsClient: SecurityAccess<0x27> - Requesting seed to unlock security access level 0x03
2025-11-12 21:37:33 [DEBUG] Connection: Sending 2 bytes : [b'2703']
2025-11-12 21:37:33 [DEBUG] Connection: Received 18 bytes : [b'6703000102030405060708090a0b0c0d0e0f']
2025-11-12 21:37:33 [INFO] UdsClient: Received positive response for service SecurityAccess (0x27) from server.
2025-11-12 21:37:33 [INFO] UdsClient: SecurityAccess<0x27> - Sending key to unlock security access level 0x04
2025-11-12 21:37:33 [DEBUG] Connection: Sending 18 bytes : [b'2704c867b02f364f1766379831e278cf289d']
2025-11-12 21:37:33 [DEBUG] Connection: Received 2 bytes : [b'6704']
2025-11-12 21:37:33 [INFO] UdsClient: Received positive response for service SecurityAccess (0x27) from server.
2025-11-12 21:37:33 [INFO] UdsClient: SecurityAccess<0x27> - Requesting seed to unlock security access level 0x03
2025-11-12 21:37:33 [DEBUG] Connection: Sending 2 bytes : [b'2703']
2025-11-12 21:37:33 [DEBUG] Connection: Received 18 bytes : [b'6703000102030405060708090a0b0c0d0e0f']
2025-11-12 21:37:33 [INFO] UdsClient: Received positive response for service SecurityAccess (0x27) from server.
2025-11-12 21:37:33 [INFO] UdsClient: SecurityAccess<0x27> - Sending key to unlock security access level 0x04
2025-11-12 21:37:33 [DEBUG] Connection: Sending 18 bytes : [b'2704c867b02f364f1766379831e278cf289d']
2025-11-12 21:37:33 [DEBUG] Connection: Received 2 bytes : [b'6704']
2025-11-12 21:37:33 [INFO] UdsClient: Received positive response for service SecurityAccess (0x27) from server.
2025-11-12 21:37:33 [INFO] UdsClient: SecurityAccess<0x27> - Requesting seed to unlock security access level 0x03
2025-11-12 21:37:33 [DEBUG] Connection: Sending 2 bytes : [b'2703']
2025-11-12 21:37:33 [DEBUG] Connection: Received 18 bytes : [b'6703000102030405060708090a0b0c0d0e0f']
2025-11-12 21:37:33 [INFO] UdsClient: Received positive response for service SecurityAccess (0x27) from server.
2025-11-12 21:37:33 [INFO] UdsClient: SecurityAccess<0x27> - Sending key to unlock security access level 0x04
2025-11-12 21:37:33 [DEBUG] Connection: Sending 18 bytes : [b'2704c867b02f364f1766379831e278cf289d']
2025-11-12 21:37:33 [DEBUG] Connection: Received 2 bytes : [b'6704']
2025-11-12 21:37:33 [INFO] UdsClient: Received positive response for service SecurityAccess (0x27) from server.
2025-11-12 21:37:33 [INFO] Connection: Connection closed
2025-11-12 21:37:33 [INFO] Connection: Connection closed
2025-11-12 21:37:35 [INFO] UdsClient: SecurityAccess<0x27> - Requesting seed to unlock security access level 0x03
2025-11-12 21:37:35 [DEBUG] Connection: Sending 2 bytes : [b'2703']
2025-11-12 21:37:35 [DEBUG] Connection: Received 18 bytes : [b'6703000102030405060708090a0b0c0d0e0f']
2025-11-12 21:37:35 [INFO] UdsClient: Received positive response for service SecurityAccess (0x27) from server.
2025-11-12 21:37:35 [INFO] UdsClient: SecurityAccess<0x27> - Sending key to unlock security access level 0x04
2025-11-12 21:37:35 [DEBUG] Connection: Sending 18 bytes : [b'2704c867b02f364f1766379831e278cf289d']
2025-11-12 21:37:35 [DEBUG] Connection: Received 2 bytes : [b'6704']
2025-11-12 21:37:35 [INFO] UdsClient: Received positive response for service SecurityAccess (0x27) from server.
2025-11-12 21:37:35 [INFO] UdsClient: SecurityAccess<0x27> - Requesting seed to unlock security access level 0x03
2025-11-12 21:37:35 [DEBUG] Connection: Sending 2 bytes : [b'2703']
2025-11-12 21:37:35 [DEBUG] Connection: Received 18 bytes : [b'6703000102030405060708090a0b0c0d0e0f']
2025-11-12 21:37:35 [INFO] UdsClient: Received positive response for service SecurityAccess (0x27) from server.
2025-11-12 21:37:35 [INFO] UdsClient: SecurityAccess<0x27> - Sending key to unlock security access level 0x04
2025-11-12 21:37:35 [DEBUG] Connection: Sending 18 bytes : [b'2704c867b02f364f1766379831e278cf289d']
2025-11-12 21:37:35 [DEBUG] Connection: Received 2 bytes : [b'6704']
2025-11-12 21:37:35 [INFO] UdsClient: Received positive response for service SecurityAccess (0x27) from server.
2025-11-12 21:37:35 [INFO] UdsClient: SecurityAccess<0x27> - Requesting seed to unlock security access level 0x03
2025-11-12 21:37:35 [DEBUG] Connection: Sending 2 bytes : [b'2703']
2025-11-12 21:37:35 [DEBUG] Connection: Received 18 bytes : [b'6703000102030405060708090a0b0c0d0e0f']
2025-11-12 21:37:35 [INFO] UdsClient: Received positive response for service SecurityAccess (0x27) from server.
2025-11-12 21:37:35 [INFO] UdsClient: SecurityAccess<0x27> - Sending key to unlock security access level 0x04
2025-11-12 21:37:35 [DEBUG] Connection: Sending 18 bytes : [b'2704c867b02f364f1766379831e278cf289d']
2025-11-12 21:37:35 [DEBUG] Connection: Received 2 bytes : [b'6704']
2025-11-12 21:37:35 [INFO] UdsClient: Received positive response for service SecurityAccess (0x27) from server.
2025-11-12 21:37:35 [INFO] UdsClient: SecurityAccess<0x27> - Requesting seed to unlock security access level 0x03
2025-11-12 21:37:35 [DEBUG] Connection: Sending 2 bytes : [b'2703']
2025-11-12 21:37:35 [DEBUG] Connection: Received 18 bytes : [b'6703000102030405060708090a0b0c0d0e0f']
2025-11-12 21:37:35 [INFO] UdsClient: Received positive response for service SecurityAccess (0x27) from server.
2025-11-12 21:37:35 [INFO] UdsClient: SecurityAccess<0x27> - Sending key to unlock security access level 0x04
2025-11-12 21:37:35 [DEBUG] Connection: Sending 18 bytes : [b'2704c867b02f364f1766379831e278cf289d']
2025-11-12 21:37:35 [DEBUG] Connection: Received 2 bytes : [b'6704']
2025-11-12 21:37:35 [INFO] UdsClient: Received positive response for service SecurityAccess (0x27) from server.
2025-11-12 21:37:35 [INFO] UdsClient: SecurityAccess<0x27> - Requesting seed to unlock security access level 0x03
2025-11-12 21:37:35 [DEBUG] Connection: Sending 2 bytes : [b'2703']
2025-11-12 21:37:35 [DEBUG] Connection: Received 18 bytes : [b'6703000102030405060708090a0b0c0d0e0f']
2025-11-12 21:37:35 [INFO] UdsClient: Received positive response for service SecurityAccess (0x27) from server.
2025-11-12 21:37:35 [INFO] UdsClient: SecurityAccess<0x27> - Sending key to unlock security access level 0x04
2025-11-12 21:37:35 [DEBUG] Connection: Sending 18 bytes : [b'2704c867b02f364f1766379831e278cf289d']
2025-11-12 21:37:35 [DEBUG] Connection: Received 2 bytes : [b'6704']
2025-11-12 21:37:35 [INFO] UdsClient: Received positive response for service SecurityAccess (0x27) from server.
2025-11-12 21:37:35 [INFO] UdsClient: SecurityAccess<0x27> - Requesting seed to unlock security access level 0x03
2025-11-12 21:37:35 [DEBUG] Connection: Sending 2 bytes : [b'2703']
2025-11-12 21:37:35 [DEBUG] Connection: Received 18 bytes : [b'6703000102030405060708090a0b0c0d0e0f']
2025-11-12 21:37:35 [INFO] UdsClient: Received positive response for service SecurityAccess (0x27) from server.
2025-11-12 21:37:35 [INFO] UdsClient: SecurityAccess<0x27> - Sending key to unlock security access level 0x04
2025-11-12 21:37:35 [DEBUG] Connection: Sending 18 bytes : [b'2704c867b02f364f1766379831e278cf289d']
2025-11-12 21:37:35 [DEBUG] Connection: Received 2 bytes : [b'6704']
2025-11-12 21:37:35 [INFO] UdsClient: Received positive response for service SecurityAccess (0x27) from server.
2025-11-12 21:37:35 [INFO] UdsClient: SecurityAccess<0x27> - Requesting seed to unlock security access level 0x03
2025-11-12 21:37:35 [DEBUG] Connection: Sending 2 bytes : [b'2703']
2025-11-12 21:37:35 [DEBUG] Connection: Received 18 bytes : [b'6703000102030405060708090a0b0c0d0e0f']
2025-11-12 21:37:35 [INFO] UdsClient: Received positive response for service SecurityAccess (0x27) from server.
2025-11-12 21:37:35 [INFO] UdsClient: SecurityAccess<0x27> - Sending key to unlock security access level 0x04
2025-11-12 21:37:35 [DEBUG] Connection: Sending 18 bytes : [b'2704c867b02f364f1766379831e278cf289d']
2025-11-12 21:37:35 [DEBUG] Connection: Received 2 bytes : [b'6704']
2025-11-12 21:37:35 [INFO] UdsClient: Received positive response for service SecurityAccess (0x27) from server.
2025-11-12 21:37:35 [INFO] Connection: Connection closed
2025-11-12 21:37:35 [INFO] Connection: Connection closed
2025-11-12 21:37:37 [INFO] UdsClient: SecurityAccess<0x27> - Requesting seed to unlock security access level 0x03
2025-11-12 21:37:37 [DEBUG] Connection: Sending 2 bytes : [b'2703']
2025-11-12 21:37:37 [DEBUG] Connection: Received 18 bytes : [b'6703000102030405060708090a0b0c0d0e0f']
2025-11-12 21:37:37 [INFO] UdsClient: Received positive response for service SecurityAccess (0x27) from server.
2025-11-12 21:37:37 [INFO] UdsClient: SecurityAccess<0x27> - Sending key to unlock security access level 0x04
2025-11-12 21:37:37 [DEBUG] Connection: Sending 18 bytes : [b'2704c867b02f364f1766379831e278cf289d']
2025-11-12 21:37:37 [DEBUG] Connection: Received 2 bytes : [b'6704']
2025-11-12 21:37:37 [INFO] UdsClient: Received positive response for service SecurityAccess (0x27) from server.
2025-11-12 21:37:37 [INFO] UdsClient: SecurityAccess<0x27> - Requesting seed to unlock security access level 0x03
2025-11-12 21:37:37 [DEBUG] Connection: Sending 2 bytes : [b'2703']
2025-11-12 21:37:37 [DEBUG] Connection: Received 18 bytes : [b'6703000102030405060708090a0b0c0d0e0f']
2025-11-12 21:37:37 [INFO] UdsClient: Received positive response for service SecurityAccess (0x27) from server.
2025-11-12 21:37:37 [INFO] UdsClient: SecurityAccess<0x27> - Sending key to unlock security access level 0x04
2025-11-12 21:37:37 [DEBUG] Connection: Sending 18 bytes : [b'2704c867b02f364f1766379831e278cf289d']
2025-11-12 21:37:37 [DEBUG] Connection: Received 2 bytes : [b'6704']
2025-11-12 21:37:37 [INFO] UdsClient: Received positive response for service SecurityAccess (0x27) from server.
2025-11-12 21:37:37 [INFO] UdsClient: SecurityAccess<0x27> - Requesting seed to unlock security access level 0x03
2025-11-12 21:37:37 [DEBUG] Connection: Sending 2 bytes : [b'2703']
2025-11-12 21:37:37 [DEBUG] Connection: Received 18 bytes : [b'6703000102030405060708090a0b0c0d0e0f']
2025-11-12 21:37:37 [INFO] UdsClient: Received positive response for service SecurityAccess (0x27) from server.
2025-11-12 21:37:37 [INFO] UdsClient: SecurityAccess<0x27> - Sending key to unlock security access level 0x04
2025-11-12 21:37:37 [DEBUG] Connection: Sending 18 bytes : [b'2704c867b02f364f1766379831e278cf289d']
2025-11-12 21:37:37 [DEBUG] Connection: Received 2 bytes : [b'6704']
2025-11-12 21:37:37 [INFO] UdsClient: Received positive response for service SecurityAccess (0x27) from server.
2025-11-12 21:37:37 [INFO] UdsClient: SecurityAccess<0x27> - Requesting seed to unlock security access level 0x03
2025-11-12 21:37:37 [DEBUG] Connection: Sending 2 bytes : [b'2703']
2025-11-12 21:37:37 [DEBUG] Connection: Received 18 bytes : [b'6703000102030405060708090a0b0c0d0e0f']
2025-11-12 21:37:37 [INFO] UdsClient: Received positive response for service SecurityAccess (0x27) from server.
2025-11-12 21:37:37 [INFO] UdsClient: SecurityAccess<0x27> - Sending key to unlock security access level 0x04
2025-11-12 21:37:37 [DEBUG] Connection: Sending 18 bytes : [b'2704c867b02f364f1766379831e278cf289d']
2025-11-12 21:37:37 [DEBUG] Connection: Received 2 bytes : [b'6704']
2025-11-12 21:37:37 [INFO] UdsClient: Received positive response for service SecurityAccess (0x27) from server.
2025-11-12 21:37:37 [INFO] UdsClient: SecurityAccess<0x27> - Requesting seed to unlock security access level 0x03
2025-11-12 21:37:37 [DEBUG] Connection: Sending 2 bytes : [b'2703']
2025-11-12 21:37:37 [DEBUG] Connection: Received 18 bytes : [b'6703000102030405060708090a0b0c0d0e0f']
2025-11-12 21:37:37 [INFO] UdsClient: Received positive response for service SecurityAccess (0x27) from server.
2025-11-12 21:37:37 [INFO] UdsClient: SecurityAccess<0x27> - Sending key to unlock security access level 0x04
2025-11-12 21:37:37 [DEBUG] Connection: Sending 18 bytes : [b'2704c867b02f364f1766379831e278cf289d']
2025-11-12 21:37:37 [DEBUG] Connection: Received 2 bytes : [b'6704']
2025-11-12 21:37:37 [INFO] UdsClient: Received positive response for service SecurityAccess (0x27) from server.
2025-11-12 21:37:37 [INFO] UdsClient: SecurityAccess<0x27> - Requesting seed to unlock security access level 0x03
2025-11-12 21:37:37 [DEBUG] Connection: Sending 2 bytes : [b'2703']
2025-11-12 21:37:37 [DEBUG] Connection: Received 18 bytes : [b'6703000102030405060708090a0b0c0d0e0f']
2025-11-12 21:37:37 [INFO] UdsClient: Received positive response for service SecurityAccess (0x27) from server.
2025-11-12 21:37:37 [INFO] UdsClient: SecurityAccess<0x27> - Sending key to unlock security access level 0x04
2025-11-12 21:37:37 [DEBUG] Connection: Sending 18 bytes : [b'2704c867b02f364f1766379831e278cf289d']
2025-11-12 21:37:37 [DEBUG] Connection: Received 2 bytes : [b'6704']
2025-11-12 21:37:37 [INFO] UdsClient: Received positive response for service SecurityAccess (0x27) from server.
2025-11-12 21:37:37 [INFO] UdsClient: SecurityAccess<0x27> - Requesting seed to unlock security access level 0x03
2025-11-12 21:37:37 [DEBUG] Connection: Sending 2 bytes : [b'2703']
2025-11-12 21:37:37 [DEBUG] Connection: Received 18 bytes : [b'6703000102030405060708090a0b0c0d0e0f']
2025-11-12 21:37:37 [INFO] UdsClient: Received positive response for service SecurityAccess (0x27) from server.
2025-11-12 21:37:37 [INFO] UdsClient: SecurityAccess<0x27> - Sending key to unlock security access level 0x04
2025-11-12 21:37:37 [DEBUG] Connection: Sending 18 bytes : [b'2704c867b02f364f1766379831e278cf289d']
2025-11-12 21:37:37 [DEBUG] Connection: Received 2 bytes : [b'6704']
2025-11-12 21:37:37 [INFO] UdsClient: Received positive response for service SecurityAccess (0x27) from server.
2025-11-12 21:37:38 [INFO] Connection: Connection closed
2025-11-12 21:37:38 [INFO] Connection: Connection closed
2025-11-12 21:37:39 [INFO] UdsClient: SecurityAccess<0x27> - Requesting seed to unlock security access level 0x03
2025-11-12 21:37:39 [DEBUG] Connection: Sending 2 bytes : [b'2703']
2025-11-12 21:37:39 [DEBUG] Connection: Received 18 bytes : [b'6703000102030405060708090a0b0c0d0e0f']
2025-11-12 21:37:39 [INFO] UdsClient: Received positive response for service SecurityAccess (0x27) from server.
2025-11-12 21:37:39 [INFO] UdsClient: SecurityAccess<0x27> - Sending key to unlock security access level 0x04
2025-11-12 21:37:39 [DEBUG] Connection: Sending 18 bytes : [b'2704c867b02f364f1766379831e278cf289d']
2025-11-12 21:37:39 [DEBUG] Connection: Received 2 bytes : [b'6704']
2025-11-12 21:37:39 [INFO] UdsClient: Received positive response for service SecurityAccess (0x27) from server.
2025-11-12 21:37:39 [INFO] UdsClient: SecurityAccess<0x27> - Requesting seed to unlock security access level 0x03
2025-11-12 21:37:39 [DEBUG] Connection: Sending 2 bytes : [b'2703']
2025-11-12 21:37:39 [DEBUG] Connection: Received 18 bytes : [b'6703000102030405060708090a0b0c0d0e0f']
2025-11-12 21:37:39 [INFO] UdsClient: Received positive response for service SecurityAccess (0x27) from server.
2025-11-12 21:37:39 [INFO] UdsClient: SecurityAccess<0x27> - Sending key to unlock security access level 0x04
2025-11-12 21:37:39 [DEBUG] Connection: Sending 18 bytes : [b'2704c867b02f364f1766379831e278cf289d']
2025-11-12 21:37:39 [DEBUG] Connection: Received 2 bytes : [b'6704']
2025-11-12 21:37:39 [INFO] UdsClient: Received positive response for service SecurityAccess (0x27) from server.
2025-11-12 21:37:39 [INFO] UdsClient: SecurityAccess<0x27> - Requesting seed to unlock security access level 0x03
2025-11-12 21:37:39 [DEBUG] Connection: Sending 2 bytes : [b'2703']
2025-11-12 21:37:39 [DEBUG] Connection: Received 18 bytes : [b'6703000102030405060708090a0b0c0d0e0f']
2025-11-12 21:37:39 [INFO] UdsClient: Received positive response for service SecurityAccess (0x27) from server.
2025-11-12 21:37:39 [INFO] UdsClient: SecurityAccess<0x27> - Sending key to unlock security access level 0x04
2025-11-12 21:37:39 [DEBUG] Connection: Sending 18 bytes : [b'2704c867b02f364f1766379831e278cf289d']
2025-11-12 21:37:39 [DEBUG] Connection: Received 2 bytes : [b'6704']
2025-11-12 21:37:39 [INFO] UdsClient: Received positive response for service SecurityAccess (0x27) from server.
2025-11-12 21:37:39 [INFO] UdsClient: SecurityAccess<0x27> - Requesting seed to unlock security access level 0x03
2025-11-12 21:37:39 [DEBUG] Connection: Sending 2 bytes : [b'2703']
2025-11-12 21:37:39 [DEBUG] Connection: Received 18 bytes : [b'6703000102030405060708090a0b0c0d0e0f']
2025-11-12 21:37:39 [INFO] UdsClient: Received positive response for service SecurityAccess (0x27) from server.
2025-11-12 21:37:39 [INFO] UdsClient: SecurityAccess<0x27> - Sending key to unlock security access level 0x04
2025-11-12 21:37:39 [DEBUG] Connection: Sending 18 bytes : [b'2704c867b02f364f1766379831e278cf289d']
2025-11-12 21:37:39 [DEBUG] Connection: Received 2 bytes : [b'6704']
2025-11-12 21:37:39 [INFO] UdsClient: Received positive response for service SecurityAccess (0x27) from server.
2025-11-12 21:37:40 [INFO] UdsClient: SecurityAccess<0x27> - Requesting seed to unlock security access level 0x03
2025-11-12 21:37:40 [DEBUG] Connection: Sending 2 bytes : [b'2703']
2025-11-12 21:37:40 [DEBUG] Connection: Received 18 bytes : [b'6703000102030405060708090a0b0c0d0e0f']
2025-11-12 21:37:40 [INFO] UdsClient: Received positive response for service SecurityAccess (0x27) from server.
2025-11-12 21:37:40 [INFO] UdsClient: SecurityAccess<0x27> - Sending key to unlock security access level 0x04
2025-11-12 21:37:40 [DEBUG] Connection: Sending 18 bytes : [b'2704c867b02f364f1766379831e278cf289d']
2025-11-12 21:37:40 [DEBUG] Connection: Received 2 bytes : [b'6704']
2025-11-12 21:37:40 [INFO] UdsClient: Received positive response for service SecurityAccess (0x27) from server.
2025-11-12 21:37:40 [INFO] UdsClient: SecurityAccess<0x27> - Requesting seed to unlock security access level 0x03
2025-11-12 21:37:40 [DEBUG] Connection: Sending 2 bytes : [b'2703']
2025-11-12 21:37:40 [DEBUG] Connection: Received 18 bytes : [b'6703000102030405060708090a0b0c0d0e0f']
2025-11-12 21:37:40 [INFO] UdsClient: Received positive response for service SecurityAccess (0x27) from server.
2025-11-12 21:37:40 [INFO] UdsClient: SecurityAccess<0x27> - Sending key to unlock security access level 0x04
2025-11-12 21:37:40 [DEBUG] Connection: Sending 18 bytes : [b'2704c867b02f364f1766379831e278cf289d']
2025-11-12 21:37:40 [DEBUG] Connection: Received 2 bytes : [b'6704']
2025-11-12 21:37:40 [INFO] UdsClient: Received positive response for service SecurityAccess (0x27) from server.
2025-11-12 21:37:40 [INFO] UdsClient: SecurityAccess<0x27> - Requesting seed to unlock security access level 0x03
2025-11-12 21:37:40 [DEBUG] Connection: Sending 2 bytes : [b'2703']
2025-11-12 21:37:40 [DEBUG] Connection: Received 18 bytes : [b'6703000102030405060708090a0b0c0d0e0f']
2025-11-12 21:37:40 [INFO] UdsClient: Received positive response for service SecurityAccess (0x27) from server.
2025-11-12 21:37:40 [INFO] UdsClient: SecurityAccess<0x27> - Sending key to unlock security access level 0x04
2025-11-12 21:37:40 [DEBUG] Connection: Sending 18 bytes : [b'2704c867b02f364f1766379831e278cf289d']
2025-11-12 21:37:40 [DEBUG] Connection: Received 2 bytes : [b'6704']
2025-11-12 21:37:40 [INFO] UdsClient: Received positive response for service SecurityAccess (0x27) from server.
2025-11-12 21:37:40 [INFO] Connection: Connection closed
2025-11-12 21:37:40 [INFO] Connection: Connection closed
2025-11-12 21:37:41 [INFO] UdsClient: SecurityAccess<0x27> - Requesting seed to unlock security access level 0x03
2025-11-12 21:37:41 [DEBUG] Connection: Sending 2 bytes : [b'2703']
2025-11-12 21:37:41 [DEBUG] Connection: Received 18 bytes : [b'6703000102030405060708090a0b0c0d0e0f']
2025-11-12 21:37:41 [INFO] UdsClient: Received positive response for service SecurityAccess (0x27) from server.
2025-11-12 21:37:41 [INFO] UdsClient: SecurityAccess<0x27> - Sending key to unlock security access level 0x04
2025-11-12 21:37:41 [DEBUG] Connection: Sending 18 bytes : [b'2704c867b02f364f1766379831e278cf289d']
2025-11-12 21:37:41 [DEBUG] Connection: Received 2 bytes : [b'6704']
2025-11-12 21:37:41 [INFO] UdsClient: Received positive response for service SecurityAccess (0x27) from server.
2025-11-12 21:37:41 [INFO] UdsClient: SecurityAccess<0x27> - Requesting seed to unlock security access level 0x03
2025-11-12 21:37:41 [DEBUG] Connection: Sending 2 bytes : [b'2703']
2025-11-12 21:37:41 [DEBUG] Connection: Received 18 bytes : [b'6703000102030405060708090a0b0c0d0e0f']
2025-11-12 21:37:41 [INFO] UdsClient: Received positive response for service SecurityAccess (0x27) from server.
2025-11-12 21:37:41 [INFO] UdsClient: SecurityAccess<0x27> - Sending key to unlock security access level 0x04
2025-11-12 21:37:41 [DEBUG] Connection: Sending 18 bytes : [b'2704c867b02f364f1766379831e278cf289d']
2025-11-12 21:37:41 [DEBUG] Connection: Received 2 bytes : [b'6704']
2025-11-12 21:37:41 [INFO] UdsClient: Received positive response for service SecurityAccess (0x27) from server.
2025-11-12 21:37:41 [INFO] UdsClient: SecurityAccess<0x27> - Requesting seed to unlock security access level 0x03
2025-11-12 21:37:41 [DEBUG] Connection: Sending 2 bytes : [b'2703']
2025-11-12 21:37:41 [DEBUG] Connection: Received 18 bytes : [b'6703000102030405060708090a0b0c0d0e0f']
2025-11-12 21:37:41 [INFO] UdsClient: Received positive response for service SecurityAccess (0x27) from server.
2025-11-12 21:37:41 [INFO] UdsClient: SecurityAccess<0x27> - Sending key to unlock security access level 0x04
2025-11-12 21:37:41 [DEBUG] Connection: Sending 18 bytes : [b'2704c867b02f364f1766379831e278cf289d']
2025-11-12 21:37:41 [DEBUG] Connection: Received 2 bytes : [b'6704']
2025-11-12 21:37:41 [INFO] UdsClient: Received positive response for service SecurityAccess (0x27) from server.
2025-11-12 21:37:41 [INFO] UdsClient: SecurityAccess<0x27> - Requesting seed to unlock security access level 0x03
2025-11-12 21:37:41 [DEBUG] Connection: Sending 2 bytes : [b'2703']
2025-11-12 21:37:41 [DEBUG] Connection: Received 18 bytes : [b'6703000102030405060708090a0b0c0d0e0f']
2025-11-12 21:37:41 [INFO] UdsClient: Received positive response for service SecurityAccess (0x27) from server.
2025-11-12 21:37:41 [INFO] UdsClient: SecurityAccess<0x27> - Sending key to unlock security access level 0x04
2025-11-12 21:37:41 [DEBUG] Connection: Sending 18 bytes : [b'2704c867b02f364f1766379831e278cf289d']
2025-11-12 21:37:41 [DEBUG] Connection: Received 2 bytes : [b'6704']
2025-11-12 21:37:41 [INFO] UdsClient: Received positive response for service SecurityAccess (0x27) from server.
2025-11-12 21:37:41 [INFO] UdsClient: SecurityAccess<0x27> - Requesting seed to unlock security access level 0x03
2025-11-12 21:37:41 [DEBUG] Connection: Sending 2 bytes : [b'2703']
2025-11-12 21:37:41 [DEBUG] Connection: Received 18 bytes : [b'6703000102030405060708090a0b0c0d0e0f']
2025-11-12 21:37:41 [INFO] UdsClient: Received positive response for service SecurityAccess (0x27) from server.
2025-11-12 21:37:41 [INFO] UdsClient: SecurityAccess<0x27> - Sending key to unlock security access level 0x04
2025-11-12 21:37:41 [DEBUG] Connection: Sending 18 bytes : [b'2704c867b02f364f1766379831e278cf289d']
2025-11-12 21:37:41 [DEBUG] Connection: Received 2 bytes : [b'6704']
2025-11-12 21:37:41 [INFO] UdsClient: Received positive response for service SecurityAccess (0x27) from server.
2025-11-12 21:37:41 [INFO] UdsClient: SecurityAccess<0x27> - Requesting seed to unlock security access level 0x03
2025-11-12 21:37:41 [DEBUG] Connection: Sending 2 bytes : [b'2703']
2025-11-12 21:37:41 [DEBUG] Connection: Received 18 bytes : [b'6703000102030405060708090a0b0c0d0e0f']
2025-11-12 21:37:41 [INFO] UdsClient: Received positive response for service SecurityAccess (0x27) from server.
2025-11-12 21:37:41 [INFO] UdsClient: SecurityAccess<0x27> - Sending key to unlock security access level 0x04
2025-11-12 21:37:41 [DEBUG] Connection: Sending 18 bytes : [b'2704c867b02f364f1766379831e278cf289d']
2025-11-12 21:37:41 [DEBUG] Connection: Received 2 bytes : [b'6704']
2025-11-12 21:37:41 [INFO] UdsClient: Received positive response for service SecurityAccess (0x27) from server.
2025-11-12 21:37:41 [INFO] UdsClient: SecurityAccess<0x27> - Requesting seed to unlock security access level 0x03
2025-11-12 21:37:41 [DEBUG] Connection: Sending 2 bytes : [b'2703']
2025-11-12 21:37:41 [DEBUG] Connection: Received 18 bytes : [b'6703000102030405060708090a0b0c0d0e0f']
2025-11-12 21:37:41 [INFO] UdsClient: Received positive response for service SecurityAccess (0x27) from server.
2025-11-12 21:37:41 [INFO] UdsClient: SecurityAccess<0x27> - Sending key to unlock security access level 0x04
2025-11-12 21:37:41 [DEBUG] Connection: Sending 18 bytes : [b'2704c867b02f364f1766379831e278cf289d']
2025-11-12 21:37:41 [DEBUG] Connection: Received 2 bytes : [b'6704']
2025-11-12 21:37:41 [INFO] UdsClient: Received positive response for service SecurityAccess (0x27) from server.
2025-11-12 21:37:42 [INFO] Connection: Connection closed
2025-11-12 21:37:42 [INFO] Connection: Connection closed
2025-11-12 21:38:23 [INFO] UdsClient: SecurityAccess<0x27> - Requesting seed to unlock security access level 0x03
2025-11-12 21:38:23 [DEBUG] Connection: Sending 2 bytes : [b'2703']
2025-11-12 21:38:23 [DEBUG] Connection: Received 18 bytes : [b'6703000102030405060708090a0b0c0d0e0f']
2025-11-12 21:38:23 [INFO] UdsClient: Received positive response for service SecurityAccess (0x27) from server.
2025-11-12 21:38:23 [INFO] UdsClient: SecurityAccess<0x27> - Sending key to unlock security access level 0x04
2025-11-12 21:38:23 [DEBUG] Connection: Sending 18 bytes : [b'2704c867b02f364f1766379831e278cf289d']
2025-11-12 21:38:23 [DEBUG] Connection: Received 2 bytes : [b'6704']
2025-11-12 21:38:23 [INFO] UdsClient: Received positive response for service SecurityAccess (0x27) from server.
2025-11-12 21:38:23 [INFO] UdsClient: SecurityAccess<0x27> - Requesting seed to unlock security access level 0x03
2025-11-12 21:38:23 [DEBUG] Connection: Sending 2 bytes : [b'2703']
2025-11-12 21:38:23 [DEBUG] Connection: Received 18 bytes : [b'6703000102030405060708090a0b0c0d0e0f']
2025-11-12 21:38:23 [INFO] UdsClient: Received positive response for service SecurityAccess (0x27) from server.
2025-11-12 21:38:23 [INFO] UdsClient: SecurityAccess<0x27> - Sending key to unlock security access level 0x04
2025-11-12 21:38:23 [DEBUG] Connection: Sending 18 bytes : [b'2704c867b02f364f1766379831e278cf289d']
2025-11-12 21:38:23 [DEBUG] Connection: Received 2 bytes : [b'6704']
2025-11-12 21:38:23 [INFO] UdsClient: Received positive response for service SecurityAccess (0x27) from server.
2025-11-12 21:38:24 [INFO] UdsClient: SecurityAccess<0x27> - Requesting seed to unlock security access level 0x03
2025-11-12 21:38:24 [DEBUG] Connection: Sending 2 bytes : [b'2703']
2025-11-12 21:38:24 [DEBUG] Connection: Received 18 bytes : [b'6703000102030405060708090a0b0c0d0e0f']
2025-11-12 21:38:24 [INFO] UdsClient: Received positive response for service SecurityAccess (0x27) from server.
2025-11-12 21:38:24 [INFO] UdsClient: SecurityAccess<0x27> - Sending key to unlock security access level 0x04
2025-11-12 21:38:24 [DEBUG] Connection: Sending 18 bytes : [b'2704c867b02f364f1766379831e278cf289d']
2025-11-12 21:38:24 [DEBUG] Connection: Received 2 bytes : [b'6704']
2025-11-12 21:38:24 [INFO] UdsClient: Received positive response for service SecurityAccess (0x27) from server.
2025-11-12 21:38:24 [INFO] UdsClient: SecurityAccess<0x27> - Requesting seed to unlock security access level 0x03
2025-11-12 21:38:24 [DEBUG] Connection: Sending 2 bytes : [b'2703']
2025-11-12 21:38:24 [DEBUG] Connection: Received 18 bytes : [b'6703000102030405060708090a0b0c0d0e0f']
2025-11-12 21:38:24 [INFO] UdsClient: Received positive response for service SecurityAccess (0x27) from server.
2025-11-12 21:38:24 [INFO] UdsClient: SecurityAccess<0x27> - Sending key to unlock security access level 0x04
2025-11-12 21:38:24 [DEBUG] Connection: Sending 18 bytes : [b'2704c867b02f364f1766379831e278cf289d']
2025-11-12 21:38:24 [DEBUG] Connection: Received 2 bytes : [b'6704']
2025-11-12 21:38:24 [INFO] UdsClient: Received positive response for service SecurityAccess (0x27) from server.
2025-11-12 21:38:24 [INFO] UdsClient: SecurityAccess<0x27> - Requesting seed to unlock security access level 0x03
2025-11-12 21:38:24 [DEBUG] Connection: Sending 2 bytes : [b'2703']
2025-11-12 21:38:24 [DEBUG] Connection: Received 18 bytes : [b'6703000102030405060708090a0b0c0d0e0f']
2025-11-12 21:38:24 [INFO] UdsClient: Received positive response for service SecurityAccess (0x27) from server.
2025-11-12 21:38:24 [INFO] UdsClient: SecurityAccess<0x27> - Sending key to unlock security access level 0x04
2025-11-12 21:38:24 [DEBUG] Connection: Sending 18 bytes : [b'2704c867b02f364f1766379831e278cf289d']
2025-11-12 21:38:24 [DEBUG] Connection: Received 2 bytes : [b'6704']
2025-11-12 21:38:24 [INFO] UdsClient: Received positive response for service SecurityAccess (0x27) from server.
2025-11-12 21:38:24 [INFO] UdsClient: SecurityAccess<0x27> - Requesting seed to unlock security access level 0x03
2025-11-12 21:38:24 [DEBUG] Connection: Sending 2 bytes : [b'2703']
2025-11-12 21:38:24 [DEBUG] Connection: Received 18 bytes : [b'6703000102030405060708090a0b0c0d0e0f']
2025-11-12 21:38:24 [INFO] UdsClient: Received positive response for service SecurityAccess (0x27) from server.
2025-11-12 21:38:24 [INFO] UdsClient: SecurityAccess<0x27> - Sending key to unlock security access level 0x04
2025-11-12 21:38:24 [DEBUG] Connection: Sending 18 bytes : [b'2704c867b02f364f1766379831e278cf289d']
2025-11-12 21:38:24 [DEBUG] Connection: Received 2 bytes : [b'6704']
2025-11-12 21:38:24 [INFO] UdsClient: Received positive response for service SecurityAccess (0x27) from server.
2025-11-12 21:38:24 [INFO] UdsClient: SecurityAccess<0x27> - Requesting seed to unlock security access level 0x03
2025-11-12 21:38:24 [DEBUG] Connection: Sending 2 bytes : [b'2703']
2025-11-12 21:38:24 [DEBUG] Connection: Received 18 bytes : [b'6703000102030405060708090a0b0c0d0e0f']
2025-11-12 21:38:24 [INFO] UdsClient: Received positive response for service SecurityAccess (0x27) from server.
2025-11-12 21:38:24 [INFO] UdsClient: SecurityAccess<0x27> - Sending key to unlock security access level 0x04
2025-11-12 21:38:24 [DEBUG] Connection: Sending 18 bytes : [b'2704c867b02f364f1766379831e278cf289d']
2025-11-12 21:38:24 [DEBUG] Connection: Received 2 bytes : [b'6704']
2025-11-12 21:38:24 [INFO] UdsClient: Received positive response for service SecurityAccess (0x27) from server.
2025-11-12 21:38:24 [INFO] Connection: Connection closed
2025-11-12 21:38:24 [INFO] Connection: Connection closed
2025-11-12 21:40:12 [INFO] UdsClient: SecurityAccess<0x27> - Requesting seed to unlock security access level 0x03
2025-11-12 21:40:12 [DEBUG] Connection: Sending 2 bytes : [b'2703']
2025-11-12 21:40:12 [DEBUG] Connection: Received 34 bytes : [b'670357c873ddc055321429eb29c26a0dde09d40bacff8b9cc5c1ebf95b5654c7f513']
2025-11-12 21:40:12 [INFO] UdsClient: Received positive response for service SecurityAccess (0x27) from server.
2025-11-12 21:40:12 [INFO] UdsClient: SecurityAccess<0x27> - Sending key to unlock security access level 0x04
2025-11-12 21:40:12 [DEBUG] Connection: Sending 386 bytes : [b'27049c3f89187bfac942b426fbc360c31597cf73e41eaedd0bc29ff7f0afd5e1f412ffb223f97f9bf8b99d93db9f9f08bda3f083ad0a2f6836cd0b0649f9f0315ed8456fdd9af7e99937987f1fb12242d15a35ff3d86b243ddc6df235c59833ed8ce23637823fba6956aefb6938f94d38d92c4f6acd934861ebb8bcf76d16d62dab65c5bf97b9a6e06dd92aa919df33d06d95b9aec9a3d5c86e90437533d2d9b9bfb2eeb674caf4eaf72f7a32fa9200b74865dbb1e57a7ca87fad1820cc931e0198e700fc4cc69dea9a4dadd3f1b83fff1ca7c84df34988922982c887014e2cf994e60f541a3224a56a4e71585f031375bf392610c982c74bd951d82bd1f8d90c91dd0e7fabb2c021a273311283a3d235fce471d12c8fa9aaf1a06575e85e0e83f3c5821074ec6cde632bf02dbb5817b4a37495353b967fb2dfbbcc21d8a25b94711fdb0a83e9c4fe4df92360a773db8631bf15490cda65351c83ae3f5e438e2c2e7b1d3fe6956eb2172f7e44b866252ea25b8d2305c708f6ed4fc1fd77d2eb53b6c']
2025-11-12 21:40:12 [DEBUG] Connection: Received 3 bytes : [b'7f2712']
2025-11-12 21:40:12 [WARNING] UdsClient: SecurityAccess service execution returned a negative response SubFunctionNotSupported (0x12)
2025-11-12 21:40:12 [INFO] UdsClient: SecurityAccess<0x27> - Requesting seed to unlock security access level 0x03
2025-11-12 21:40:12 [DEBUG] Connection: Sending 2 bytes : [b'2703']
2025-11-12 21:40:12 [DEBUG] Connection: Received 34 bytes : [b'670329152006e8a08fbbf45439bffc9446e24c604b4b35b4019402ce8cc509242ed5']
2025-11-12 21:40:12 [INFO] UdsClient: Received positive response for service SecurityAccess (0x27) from server.
2025-11-12 21:40:12 [INFO] UdsClient: SecurityAccess<0x27> - Sending key to unlock security access level 0x04
2025-11-12 21:40:12 [DEBUG] Connection: Sending 386 bytes : [b'2704494bc519a68c86b7269e9438dcb6294ffea194f36ce96804a2dd43ddc30df1fdef16476411d363a29e8ca93ab7f8ba104d697e1455b7cacf86f3033b0da4e6f9d4dc9607003be13244fc3ea3e4e89321484e3dfb6af12fddd5abec67daf89ce0132da2f4ec57f280497fe1fcaa472a27369c5492ba48890250c244fc2549cb4b4b9d6f1a98b68b6fabde8ec587e71b16e662ab78208f503df6255d264cd69b89b2e4814dfb566f125812b78d6c217c0871da1a640f107e24284196ed5e31636dedae4fbd1ad5c9ba900f0cc6ea9c4d7074e12b9161dd05e8554a4860533b09ab2c1753a303ca12cdfa5f6fa5483c36a46825e4826f8be83732a6322a3830beeabe22bcf9efd2bf35eb472092e901ef8836c6bbaf39b4f593c399e45ed09278c7b234979b20edbe637707a0ddbbb99317984616dcc088eb0415c987d23c5a19779592ffc49ae0e94855881fd65a51c8c626e78ada1b7266fd3b40ee3916464e1e0e13fe33a39e2ab8dc4f24213fffbc7f6ddee2eb1c135a764c0511e5f40d92f6']
2025-11-12 21:40:12 [DEBUG] Connection: Received 3 bytes : [b'7f2712']
2025-11-12 21:40:12 [WARNING] UdsClient: SecurityAccess service execution returned a negative response SubFunctionNotSupported (0x12)
2025-11-12 21:40:12 [INFO] UdsClient: SecurityAccess<0x27> - Requesting seed to unlock security access level 0x03
2025-11-12 21:40:12 [DEBUG] Connection: Sending 2 bytes : [b'2703']
2025-11-12 21:40:12 [DEBUG] Connection: Received 34 bytes : [b'67032536d9fb342181b88f4c6b27bc876b15ec3f50b29ee5525a2ab2484f9ddfce83']
2025-11-12 21:40:12 [INFO] UdsClient: Received positive response for service SecurityAccess (0x27) from server.
2025-11-12 21:40:12 [INFO] UdsClient: SecurityAccess<0x27> - Sending key to unlock security access level 0x04
2025-11-12 21:40:12 [DEBUG] Connection: Sending 386 bytes : [b'27049fe935a3ecd5a52dca104c4e78c2ccb6c3e4f7e374dbd29488bf50d34b51d58955349004aae9070d85a4c64453e9f3b577b392ae40c23bcfa1ad8ba849ff02fc64c87ff520e8a1c98066d8ad85b0472e0b3e972a840fac49ab2998e8fa0cb79c44007084cdaa6c65154cf805820e4992ceff0d90ee0245b278138d0dab7a0efd7bd88d03399c80451e6f020eb8471f2ade06bbb5e3ff2911ad76029d89c9ae770de13919ea9a5961b32089163faa35be72c981648b56f405bd91a230a080120ebdb899b9e3e43ebfc2803a9b03f9f9555f4c57a677d00a2d649973f2d1a626aa54664021e754c6bb5596705facd447d8c8458cc803acba04d757cfea25b9828ca4a78065b349b0d9714ffdb353a356ba22795eedc41e2466b72afecbc4b6a87a1e5ea9289e6dc87d6735670df42c8ac436132059267123693b111218c3a36c8af9a4ae0a022902e1fc1b6d1a263cd04b3457ad2077333933fc4718099593febb59f1ce1dbd5fe7588df29e15342bb052a187a9c7fe849327f8cbb54fbb64fd50']
2025-11-12 21:40:12 [DEBUG] Connection: Received 3 bytes : [b'7f2712']
2025-11-12 21:40:12 [WARNING] UdsClient: SecurityAccess service execution returned a negative response SubFunctionNotSupported (0x12)
2025-11-12 21:40:13 [INFO] UdsClient: SecurityAccess<0x27> - Requesting seed to unlock security access level 0x03
2025-11-12 21:40:13 [DEBUG] Connection: Sending 2 bytes : [b'2703']
2025-11-12 21:40:13 [DEBUG] Connection: Received 34 bytes : [b'6703bbba832c20858c6ee2223c1652cca48f730931abf1570f4416782fc5affdff42']
2025-11-12 21:40:13 [INFO] UdsClient: Received positive response for service SecurityAccess (0x27) from server.
2025-11-12 21:40:13 [INFO] UdsClient: SecurityAccess<0x27> - Sending key to unlock security access level 0x04
2025-11-12 21:40:13 [DEBUG] Connection: Sending 386 bytes : [b'27045698c73dba53708c8707caba6efdea579cd82a8716a2a4a75cc8f2069b7ff54e4db7aa797358e7c4b59cfd650b277105ad52ce2cb77316465ebab0d94876a5ffc5d4119e7b4a6666abb5943867e1bcb0c9cb21526792582b5161ee62e767c985ca44c19a059c197e60d2239fc1568109c7952ebc30a69640044450f1a1504474d4831f43d59b601bd1fa528012c241129c5e2471aecadca8c9cb0c6300d0650d9bb5eb91b74d358d288935609babf1c64e14ca58f6f0999824077480332836a6bb6007044d79337ad5ea24718b1d1112d297601ad9e46c1c07700f10b77bb434418d543f24469da746e2ded457c515e24b22356c4a1e4f61bdb38bff765f3d91aef7fc48dde6a03913ca488bfff90784df02cd124c88aaebc90fd9c712b514aaae425aeb1c4ad0640d0d70845271c4c3e16508d79084cb63966e96a6098cce55242137d729df6391218eebf5ed32da5f20ad8ef9bf33e303d199d4c859f31cfe027cce0b121195baa0c9efb68f5b385db8be32915f9cbc7df96ad00f99d66d2f']
2025-11-12 21:40:13 [DEBUG] Connection: Received 3 bytes : [b'7f2712']
2025-11-12 21:40:13 [WARNING] UdsClient: SecurityAccess service execution returned a negative response SubFunctionNotSupported (0x12)
2025-11-12 21:40:13 [INFO] UdsClient: SecurityAccess<0x27> - Requesting seed to unlock security access level 0x03
2025-11-12 21:40:13 [DEBUG] Connection: Sending 2 bytes : [b'2703']
2025-11-12 21:40:13 [DEBUG] Connection: Received 34 bytes : [b'670311149dcb5a5fe4abcf79f23757a8e7d3af9445e3cfc781d50493d3ef63642c45']
2025-11-12 21:40:13 [INFO] UdsClient: Received positive response for service SecurityAccess (0x27) from server.
2025-11-12 21:40:13 [INFO] UdsClient: SecurityAccess<0x27> - Sending key to unlock security access level 0x04
2025-11-12 21:40:13 [DEBUG] Connection: Sending 386 bytes : [b'270462055b0633251b4206f3fe055b397510bea722cdb9c5b0df2e9db317a251239d71051cfbb55a182d4eff3a92de05f6ce722641ae2b9ef504f9d275b93c9fc8124d815e1d5bf3045a9941b07a40d7a3161c9489b1057917d83d5be53fc970925266f5d59a478e820ccec2313f8b47f1a00a6aedfba45a45c5bb1d61b05c5e73559bbfdb8f71c0c735c5184d85a914bf0f3b553a95a6a8323cd83ed20902b6ffc34a58f8df203c7ee2fc6f491f52591eac5e68ed018598d645251e9f1950baf20aeca0987df6ad22feb5d45994949bf9e22a4a745bc1968520063de33652574ee0f1570f5e1bc27afee5534612ad550f8648ca9e0aca20eb65f67f962bfa1a451d8c0b0bb821a7cc3e6ba87641b7d49a5757c71124f8ebb850f7ff4e3547383c9e90df9bc99d0f7c610aae25dc30e14c999d4578a40e3ea77df14763ca01b3b5e34acc9b70183459e16e24287224078b226d13fe094d72395824eea44b3b79354fe04184d60d1caa787d0b858584093f9f27ad6ad163a38e5a9c6a3674367beb27']
2025-11-12 21:40:13 [DEBUG] Connection: Received 3 bytes : [b'7f2712']
2025-11-12 21:40:13 [WARNING] UdsClient: SecurityAccess service execution returned a negative response SubFunctionNotSupported (0x12)
2025-11-12 21:40:13 [INFO] UdsClient: SecurityAccess<0x27> - Requesting seed to unlock security access level 0x03
2025-11-12 21:40:11 [DEBUG] Connection: Sending 2 bytes : [b'2703']
2025-11-12 21:40:11 [DEBUG] Connection: Received 34 bytes : [b'67037154e88ac9659c5db6291d6989064bf2014d808aafb0556899f2cc3445a51ac4']
2025-11-12 21:40:11 [INFO] UdsClient: Received positive response for service SecurityAccess (0x27) from server.
2025-11-12 21:40:11 [INFO] UdsClient: SecurityAccess<0x27> - Sending key to unlock security access level 0x04
2025-11-12 21:40:11 [DEBUG] Connection: Sending 386 bytes : [b'270475ff8c69bb850884e067175040ab5eeda6ff5b9113ccde864c85ab5747628acc7e8337808accd92b1392dd53ccc59eaf7fb939c3a065b8c716ac32f9f62bd72dce0c1fe3d4ef3956b3ec21afd338ff1bc466d45c6734fdbcb7f752e21c71e794a3cb0d5e9aaed445d925fc8213181ee8fd4892c62c1c222dd3d93170859a1113d2a9e997e2ed2b262e77945f9a70309b9a237c6cb4215f666bf590807ae11ffac0b0ef5b14b4c02ca733ace98dd4cba7929c5a3e59c048a7aeb17179aa7b492b55dce910db5d299f278cd4f4db93ab46af93d05508f080ed8434145144e6fcbe718b850c44c305c9486f4db9571fcb9a094cc3109f9cbf54bf01f1d9a8470d918908a36533e8bfa813940d019059e251e9d9251f5e5958271b8f0c5bf7d53936ebee1f8ff79e9e2fc6a29a74fdca3f8a5f389f574921d34edfe8dd3284f98c33c91fb52344e58792145d3b4ad409b2ada835026dcb2c458e9aab915e75bf7b5439c4eeb766ed14c15bf005ccf18116c8c2c7e1f4f3b6e1a5c95de00c9931c0ea']
2025-11-12 21:40:11 [DEBUG] Connection: Received 3 bytes : [b'7f2712']
2025-11-12 21:40:11 [WARNING] UdsClient: SecurityAccess service execution returned a negative response SubFunctionNotSupported (0x12)
2025-11-12 21:40:11 [INFO] UdsClient: SecurityAccess<0x27> - Requesting seed to unlock security access level 0x03
2025-11-12 21:40:11 [DEBUG] Connection: Sending 2 bytes : [b'2703']
2025-11-12 21:40:11 [DEBUG] Connection: Received 34 bytes : [b'67039bef1d2cf69cbb95526c1612320e892f89609ca33a25301e05ccefa51ea28de1']
2025-11-12 21:40:11 [INFO] UdsClient: Received positive response for service SecurityAccess (0x27) from server.
2025-11-12 21:40:11 [INFO] UdsClient: SecurityAccess<0x27> - Sending key to unlock security access level 0x04
2025-11-12 21:40:11 [DEBUG] Connection: Sending 386 bytes : [b'27041a0f0712843dc1241c5cfb1f70b68f321d40bff88f9b2d6bb3abaea1aa769d87ccf32bc56403c871174274b4b497755abc4ed354432a369860ffae00bb145590395b86b9876c853d15c469515fd659a6bdb02bbdcf4492f39028b135c9ab1e9e1283f0c45d0fb6da4754d1b00b0b5684cb1fd08aed1c6e21ad03c536beab696791eed64eea4cf68902c9e83da19b69acd73d5e890ba67072e0d7b9cfe4f4d5cf24a210b497a2db9d1d019ca06433f12d5dc85ff69ca8bb87cacee69aca1941978d6ed2a46182a0328a5a83963c4da9105f96442d3ebedde8188fbd41369298ad1b8c6e42aa6cb675a13139f2b9a795492048055e1eaf54f2588e796c859379af3cd30e1e95eb6c4586ed4af1e1e6ffb315f70272124fbfa337846e7294c7dceb73746c3d72d134a2592e879c91ba0154a44ee6bd5e379a438df7a8b214dbc1ebc7ad9df0f24e6602b5dacc09799a67f85987ef663e98d03e8c5c796493b132fe743dbc142d07f304a31f6b6949ef9e3145d83e0b0b64037e0becaa8e4f5b0212']
2025-11-12 21:40:11 [DEBUG] Connection: Received 3 bytes : [b'7f2712']
2025-11-12 21:40:11 [WARNING] UdsClient: SecurityAccess service execution returned a negative response SubFunctionNotSupported (0x12)
2025-11-12 21:40:11 [INFO] Connection: Connection closed
2025-11-12 21:40:11 [INFO] Connection: Connection closed
2025-11-12 21:43:04 [INFO] UdsClient: SecurityAccess<0x27> - Requesting seed to unlock security access level 0x03
2025-11-12 21:43:04 [DEBUG] Connection: Sending 2 bytes : [b'2703']
2025-11-12 21:43:04 [DEBUG] Connection: Received 18 bytes : [b'6703000102030405060708090a0b0c0d0e0f']
2025-11-12 21:43:04 [INFO] UdsClient: Received positive response for service SecurityAccess (0x27) from server.
2025-11-12 21:43:04 [INFO] UdsClient: SecurityAccess<0x27> - Sending key to unlock security access level 0x04
2025-11-12 21:43:04 [DEBUG] Connection: Sending 18 bytes : [b'2704c867b02f364f1766379831e278cf289d']
2025-11-12 21:43:04 [DEBUG] Connection: Received 2 bytes : [b'6704']
2025-11-12 21:43:04 [INFO] UdsClient: Received positive response for service SecurityAccess (0x27) from server.
2025-11-12 21:43:04 [INFO] UdsClient: RoutineControl<0x31> - ControlType=0x01 - Starting routine ID 0x01a9 (TachographTestIds) with a payload of 1 bytes
2025-11-12 21:43:04 [DEBUG] Connection: Sending 5 bytes : [b'310101a964']
2025-11-12 21:43:05 [DEBUG] Connection: No data received: [TimeoutException] - Did not received ISOTP frame in time (timeout=1 sec) 
2025-11-12 21:43:05 [ERROR] UdsClient: [TimeoutException] : Did not receive response in time. P2 timeout time has expired (timeout=1.000 sec)
2025-11-12 21:43:05 [INFO] Connection: Connection closed
2025-11-12 21:43:05 [INFO] Connection: Connection closed
2025-11-12 21:52:42 [INFO] UdsClient: SecurityAccess<0x27> - Requesting seed to unlock security access level 0x03
2025-11-12 21:52:42 [DEBUG] Connection: Sending 2 bytes : [b'2703']
2025-11-12 21:52:42 [DEBUG] Connection: Received 18 bytes : [b'6703000102030405060708090a0b0c0d0e0f']
2025-11-12 21:52:42 [INFO] UdsClient: Received positive response for service SecurityAccess (0x27) from server.
2025-11-12 21:52:42 [INFO] UdsClient: SecurityAccess<0x27> - Sending key to unlock security access level 0x04
2025-11-12 21:52:42 [DEBUG] Connection: Sending 18 bytes : [b'2704c867b02f364f1766379831e278cf289d']
2025-11-12 21:52:42 [DEBUG] Connection: Received 2 bytes : [b'6704']
2025-11-12 21:52:42 [INFO] UdsClient: Received positive response for service SecurityAccess (0x27) from server.
2025-11-12 21:52:42 [INFO] Connection: Connection closed
2025-11-12 21:52:42 [INFO] Connection: Connection closed
