timestamp,can_id,dlc,payload_hex,label,attack_type,attack_id
1762525277.7360466,0x1a0,8,090000f02030024b,benign,,
1762525277.8693848,0xc4,8,0000000000000000,benign,,
1762525277.8750784,0xba,8,033264324100000c,benign,,
1762525277.8786123,0xce,8,8e008e008e008e00,benign,,
1762525277.8813064,0x24b,8,0008000000000000,benign,,
1762525277.889951,0x2f6,8,0800000000000000,benign,,
1762525277.895502,0x1b4,8,0000000000000000,benign,,
1762525277.929131,0x1a0,8,010064f1203002a8,benign,,
1762525278.0164647,0xc4,8,0000000000000000,benign,,
1762525278.0211687,0xba,8,033264324100000c,benign,,
1762525278.023079,0xce,8,0e000e000e000e00,benign,,
1762525278.0249758,0x24b,8,0008000000000000,benign,,
1762525278.0324876,0x2f6,8,0800000000000000,benign,,
1762525278.035796,0x1b4,8,0000000000000000,benign,,
1762525278.0921216,0x1a0,8,011000f020300253,benign,,
1762525278.230184,0xc4,8,0000000000000000,benign,,
1762525278.2339334,0xba,8,033264324100000c,benign,,
1762525278.2356007,0xce,8,0e000e000e000e00,benign,,
1762525278.2378259,0x24b,8,0008000000000000,benign,,
1762525278.2528613,0x2f6,8,0800000000000000,benign,,
1762525278.2600832,0x1b4,8,0000000000000000,benign,,
1762525278.3125656,0x1a0,8,001000f020300252,benign,,
1762525278.458054,0xc4,8,0000000000000000,benign,,
1762525278.4927294,0xba,8,033264324100000c,benign,,
1762525278.4974494,0xce,8,0400040004000400,benign,,
1762525278.5107832,0x24b,8,0008000000000000,benign,,
1762525278.5268295,0x2f6,8,0800000000000000,benign,,
1762525278.5332737,0x1b4,8,0000000000000000,benign,,
1762525278.5853517,0x1a0,8,001000f020300252,benign,,
1762525278.7983458,0xc4,8,0000000000000000,benign,,
1762525278.830213,0xba,8,033264324100000c,benign,,
1762525278.8432686,0xce,8,0100010001000100,benign,,
1762525278.859829,0x24b,8,0008000000000000,benign,,
1762525278.9332037,0x2f6,8,0800000000000000,benign,,
1762525278.9364083,0x1b4,8,0000000000000000,benign,,
1762525278.9888098,0x1a0,8,071000f020300259,benign,,
1762525279.1444519,0xc4,8,0000000000000000,benign,,
1762525279.1494012,0xba,8,033264324101000d,benign,,
1762525279.151412,0xce,8,7000700070007000,benign,,
1762525279.1577368,0x24b,8,0008000000000000,benign,,
1762525279.1696968,0x2f6,8,0800000000000000,benign,,
1762525279.17386,0x1b4,8,0000000000000000,benign,,
1762525279.2253044,0x1a0,8,0a1000f02030025c,benign,,
1762525279.3417099,0xc4,8,ffffffffff0000fb,benign,,
1762525279.3459826,0xba,8,033264324101000d,benign,,
1762525279.347583,0xce,8,9a009a009a009a00,benign,,
1762525279.3494139,0x24b,8,0008000000000000,benign,,
1762525279.3598359,0x2f6,8,0800000000000000,benign,,
1762525279.3635535,0x1b4,8,0000000000000000,benign,,
1762525279.4024796,0x1a0,8,0c1000f02030025e,benign,,
1762525279.505265,0xc4,8,0101010101000005,benign,,
1762525279.5091023,0xba,8,033264324101000d,benign,,
1762525279.511364,0xce,8,c400c400c400c400,benign,,
1762525279.5132246,0x24b,8,0008000000000000,benign,,
1762525279.523523,0x2f6,8,0800000000000000,benign,,
1762525279.525722,0x1b4,8,0000000000000000,benign,,
1762525279.595084,0x1a0,8,101000f020300262,benign,,
1762525279.6772542,0xc4,8,0000000000000000,benign,,
1762525279.681807,0xba,8,033264324101000d,benign,,
1762525279.6834793,0xce,8,f800f800f800f800,benign,,
1762525279.685537,0x24b,8,0008000000000000,benign,,
1762525279.6987689,0x2f6,8,0800000000000000,benign,,
1762525279.707154,0x1b4,8,0000000000000000,benign,,
1762525279.7714076,0x1a0,8,121000f020300264,benign,,
1762525279.8843143,0xc4,8,ffffffffff0000fb,benign,,
1762525279.8900344,0xba,8,033264324101000d,benign,,
1762525279.8916295,0xce,8,2401240124012401,benign,,
1762525279.90565,0x24b,8,0008000000000000,benign,,
1762525279.9181814,0x2f6,8,0800000000000000,benign,,
1762525279.923749,0x1b4,8,0000000000000000,benign,,
1762525279.9968202,0x1a0,8,141000f020300266,benign,,
1762525280.1091077,0xc4,8,020202020200000a,benign,,
1762525280.1194978,0xba,8,033264324101000d,benign,,
1762525280.1238003,0xce,8,4001400140014001,benign,,
1762525280.1283226,0x24b,8,0008000000000000,benign,,
1762525280.1572695,0x2f6,8,0800000000000000,benign,,
1762525280.163268,0x1b4,8,0000000000000000,benign,,
1762525280.2191186,0x1a0,8,171000f020300269,benign,,
1762525280.3220792,0xc4,8,0c0708070800002a,benign,,
1762525280.325768,0xba,8,033264324101000d,benign,,
1762525280.3299654,0xce,8,6a016a016a016a01,benign,,
1762525280.3315668,0x24b,8,0008000000000000,benign,,
1762525280.3382053,0x2f6,8,0800000000000000,benign,,
1762525280.3424609,0x1b4,8,0000000000000000,benign,,
1762525280.3788366,0x3ce,8,25081d6039d51774,attack,spoof,A1762525280_444
1762525280.388057,0x1a0,8,1a1000f02030026c,benign,,
1762525307.464206,0xc4,8,0201010101000006,benign,,
1762525307.4680781,0x56,8,2e96627617f01d8e,benign,,
1762525307.4701183,0xba,8,033264324102000e,benign,,
1762525307.4717388,0xce,8,9901990199019901,benign,,
1762525307.4739676,0x203,8,621e121649071c4f,benign,,
1762525307.4738095,0x24b,8,0008000000000000,benign,,
1762525307.4776247,0x312,8,5c3112a673131ae1,benign,,
1762525307.4818013,0x51a,8,32f3526a45b5453e,benign,,
1762525307.485846,0x220,8,6ded22423f0b10d7,benign,,
1762525307.4868567,0x2f6,8,0800000000000000,benign,,
1762525307.4883788,0x1b4,8,0000000000000000,benign,,
1762525307.4899924,0x5f3,8,46a5797a69d90c4f,benign,,
1762525307.496004,0x70f,8,35292b8552982efa,benign,,
1762525307.4992187,0x612,8,6024389022353d04,benign,,
1762525307.503254,0x37c,8,656f746528294567,benign,,
1762525307.51509,0x1f5,8,30493bac1a8e6f8c,benign,,
1762525307.52019,0x727,8,2ec071b91075080e,benign,,
1762525307.5386167,0x6b3,8,0871229829655d41,benign,,
1762525307.5476875,0x1a0,8,1e001ef12030027f,benign,,
1762525280.6815658,0x6f3,8,1461306011505af6,benign,,
1762525280.6985743,0xc4,8,fbfdfdfdfd0000ef,benign,,
1762525280.7014422,0xba,8,033264324102000e,benign,,
1762525280.7030325,0xce,8,db01db01db01db01,benign,,
1762525280.7033076,0x6ca,8,127b711e277d4666,benign,,
1762525280.7052982,0x24b,8,0008000000000000,benign,,
1762525280.7160223,0x2f6,8,0800000000000000,benign,,
1762525280.7193122,0x1b4,8,0000000000000000,benign,,
1762525280.7499125,0x1a0,8,1d001ef12030027e,benign,,
1762525280.8663728,0xc4,8,0503030303000011,benign,,
1762525280.8699615,0xba,8,033264324102000e,benign,,
1762525280.8719287,0xce,8,cc01cc01cc01cc01,benign,,
1762525280.8741376,0x24b,8,0008000000000000,benign,,
1762525280.886527,0x2f6,8,0800000000000000,benign,,
1762525280.892017,0x1b4,8,0000000000000000,benign,,
1762525280.9522119,0x1a0,8,1a1000f02030026c,benign,,
1762525281.0421379,0xc4,8,0604040404000016,benign,,
1762525281.0447319,0xba,8,033264324102000e,benign,,
1762525281.0465627,0xce,8,a001a001a001a001,benign,,
1762525281.0484595,0x24b,8,0008000000000000,benign,,
1762525281.058931,0x2f6,8,0800000000000000,benign,,
1762525281.0619278,0x1b4,8,0000000000000000,benign,,
1762525281.1277027,0x1a0,8,191000f02030026b,benign,,
1762525281.2843862,0xc4,8,fcfdfefdfe0000f2,benign,,
1762525281.2934783,0xba,8,033264324102000e,benign,,
1762525281.2984843,0xce,8,9501950195019501,benign,,
1762525281.3002534,0x24b,8,0008000000000000,benign,,
1762525281.3241608,0x2f6,8,0800000000000000,benign,,
1762525281.3287146,0x1b4,8,0000000000000000,benign,,
1762525281.3844187,0x1a0,8,1c0004f120300263,benign,,
1762525281.494065,0xc4,8,0604040404000016,benign,,
1762525281.4976501,0xba,8,033264324102000e,benign,,
1762525281.49934,0xce,8,b901b901b901b901,benign,,
1762525281.5014958,0x24b,8,0008000000000000,benign,,
1762525281.5114028,0x2f6,8,0800000000000000,benign,,
1762525281.5170078,0x1b4,8,0000000000000000,benign,,
1762525281.5541868,0x1a0,8,1c001ef12030027d,benign,,
1762525281.6485941,0xc4,8,ff000000000000ff,benign,,
1762525281.6514957,0xba,8,033264324102000e,benign,,
1762525281.6530082,0xce,8,b901b901b901b901,benign,,
1762525281.654587,0x24b,8,0008000000000000,benign,,
1762525281.66405,0x2f6,8,0800000000000000,benign,,
1762525281.666616,0x1b4,8,0000000000000000,benign,,
1762525281.692739,0x1a0,8,1a1000f02030026c,benign,,
1762525281.7757204,0xc4,8,030202020200000b,benign,,
1762525281.7804844,0xba,8,033264324102000e,benign,,
1762525281.7827501,0xce,8,9c019c019c019c01,benign,,
1762525281.7840543,0x24b,8,0008000000000000,benign,,
1762525281.7903552,0x2f6,8,0800000000000000,benign,,
1762525281.7934072,0x1b4,8,0000000000000000,benign,,
1762525281.8261006,0x1a0,8,191000f02030026b,benign,,
1762525281.9389665,0xc4,8,f9fbfcfbfc0000e7,benign,,
1762525281.9414792,0xba,8,033264324102000e,benign,,
1762525281.9428134,0xce,8,8e018e018e018e01,benign,,
1762525281.9442673,0x24b,8,0008000000000000,benign,,
1762525281.955428,0x2f6,8,0800000000000000,benign,,
1762525281.9578238,0x1b4,8,0000000000000000,benign,,
1762525281.9904275,0x1a0,8,1a1000f02030026c,benign,,
1762525282.1036546,0xc4,8,eff6f6f5f60000c6,benign,,
1762525282.1062753,0xba,8,033264324102000e,benign,,
1762525282.107768,0xce,8,9b019b019b019b01,benign,,
1762525282.1099737,0x24b,8,0008000000000000,benign,,
1762525282.1189213,0x2f6,8,0800000000000000,benign,,
1762525282.123338,0x1b4,8,0000000000000000,benign,,
1762525282.171048,0x1a0,8,1c001ef12030027d,benign,,
1762525282.2691703,0xc4,8,e5eff2eff20000a7,benign,,
1762525282.271878,0xba,8,033264324102000e,benign,,
1762525282.273417,0xce,8,b901b901b901b901,benign,,
1762525282.2749178,0x24b,8,0008000000000000,benign,,
1762525282.2858112,0x2f6,8,0800000000000000,benign,,
1762525282.2886796,0x1b4,8,0000000000000000,benign,,
1762525282.3266287,0x1a0,8,1b0018f120300276,benign,,
1762525282.430842,0xc4,8,eff5f6f5f60000c5,benign,,
1762525282.4334724,0xba,8,033264324102000e,benign,,
1762525282.4348783,0xce,8,af01af01af01af01,benign,,
1762525282.4365108,0x24b,8,0008000000000000,benign,,
1762525282.4480762,0x2f6,8,0800000000000000,benign,,
1762525282.4521852,0x1b4,8,0000000000000000,benign,,
1762525282.4930837,0x1a0,8,191000f02030026b,benign,,
1762525282.5877373,0xc4,8,f9fcfcfcfc0000e9,benign,,
1762525282.5950892,0xba,8,033264324102000e,benign,,
1762525282.5977302,0xce,8,9201920192019201,benign,,
1762525282.6000776,0x24b,8,0008000000000000,benign,,
1762525282.6241448,0x2f6,8,0800000000000000,benign,,
1762525282.6281457,0x1b4,8,0000000000000000,benign,,
1762525282.6607685,0x1a0,8,191000f02030026b,benign,,
1762525282.7678921,0xc4,8,030202020200000b,benign,,
1762525282.770469,0xba,8,033264324102000e,benign,,
1762525282.772037,0xce,8,8901890189018901,benign,,
1762525282.7735748,0x24b,8,0008000000000000,benign,,
1762525282.783798,0x2f6,8,0800000000000000,benign,,
1762525282.7860434,0x1b4,8,0000000000000000,benign,,
1762525282.8166816,0x1a0,8,1a1000f02030026c,benign,,
1762525282.9152699,0xc4,8,f9fcfcfcfc0000e9,benign,,
1762525282.917338,0xba,8,033264324102000e,benign,,
1762525282.9188876,0xce,8,9c019c019c019c01,benign,,
1762525282.9202566,0x24b,8,0008000000000000,benign,,
1762525282.9307868,0x2f6,8,0800000000000000,benign,,
1762525282.9338486,0x1b4,8,0000000000000000,benign,,
1762525282.9645846,0x1a0,8,1c001ef12030027d,benign,,
1762525283.0757165,0xc4,8,eff5f6f5f60000c5,benign,,
1762525283.0774045,0xba,8,033264324102000e,benign,,
1762525283.0792053,0xce,8,b901b901b901b901,benign,,
1762525283.0809917,0x24b,8,0008000000000000,benign,,
1762525283.0914996,0x2f6,8,0800000000000000,benign,,
1762525283.0939808,0x1b4,8,0000000000000000,benign,,
1762525283.127105,0x1a0,8,1b001ef12030027c,benign,,
1762525283.25769,0xc4,8,f9fcfcfcfc0000e9,benign,,
1762525283.2686775,0xba,8,033264324102000e,benign,,
1762525283.2747362,0xce,8,b701b701b701b701,benign,,
1762525283.284229,0x24b,8,0008000000000000,benign,,
1762525283.3224106,0x2f6,8,0800000000000000,benign,,
1762525283.3305218,0x1b4,8,0000000000000000,benign,,
1762525283.38186,0x1a0,8,181000f02030026a,benign,,
1762525283.480987,0xc4,8,f3f8f9f8f90000d5,benign,,
1762525283.4874303,0xba,8,033264324100000c,benign,,
1762525283.4901793,0xce,8,8801880188018801,benign,,
1762525283.492428,0x24b,8,0008000000000000,benign,,
1762525283.5028098,0x2f6,8,0800000000000000,benign,,
1762525283.505805,0x1b4,8,0000000000000000,benign,,
1762525283.545207,0x1a0,8,151000f020300267,benign,,
1762525283.6366303,0xc4,8,fdfefefefe0000f5,benign,,
1762525283.6401834,0xba,8,033264324101000d,benign,,
1762525283.641862,0xce,8,5701570157015701,benign,,
1762525283.643456,0x24b,8,0008000000000000,benign,,
1762525283.6517808,0x2f6,8,0800000000000000,benign,,
1762525283.654857,0x1b4,8,0000000000000000,benign,,
1762525283.6848242,0x1a0,8,141000f020300266,benign,,
1762525283.779263,0xc4,8,0704050405000019,benign,,
1762525283.7817132,0xba,8,033264324101000d,benign,,
1762525283.7831714,0xce,8,4701470147014701,benign,,
1762525283.7847779,0x24b,8,0008000000000000,benign,,
1762525283.794074,0x2f6,8,0800000000000000,benign,,
1762525283.7964642,0x1b4,8,0000000000000000,benign,,
1762525283.826343,0x1a0,8,151000f020300267,benign,,
1762525283.92823,0xc4,8,fdfefefefe0000f5,benign,,
1762525283.9305468,0xba,8,033264324101000d,benign,,
1762525283.932288,0xce,8,5601560156015601,benign,,
1762525283.9342291,0x24b,8,0008000000000000,benign,,
1762525283.9446294,0x2f6,8,0800000000000000,benign,,
1762525283.946938,0x1b4,8,0000000000000000,benign,,
1762525283.976994,0x1a0,8,171000f020300269,benign,,
1762525284.0832067,0xc4,8,f3f9f9f8f90000d6,benign,,
1762525284.0869503,0xba,8,033264324101000d,benign,,
1762525284.088563,0xce,8,6f016f016f016f01,benign,,
1762525284.0901554,0x24b,8,0008000000000000,benign,,
1762525284.1006777,0x2f6,8,0800000000000000,benign,,
1762525284.1040077,0x1b4,8,0000000000000000,benign,,
1762525284.1390681,0x1a0,8,191000f02030026b,benign,,
1762525284.2461214,0xc4,8,e9f2f4f2f40000b5,benign,,
1762525284.2496886,0xba,8,033264324102000e,benign,,
1762525284.2516553,0xce,8,9201920192019201,benign,,
1762525284.2534657,0x24b,8,0008000000000000,benign,,
1762525284.2628987,0x2f6,8,0800000000000000,benign,,
1762525284.2697787,0x1b4,8,0000000000000000,benign,,
1762525284.3165214,0x1a0,8,1d001ef12030027e,benign,,
1762525284.424472,0xc4,8,f3f8f9f8f90000d5,benign,,
1762525284.4275668,0xba,8,033264324102000e,benign,,
1762525284.4301229,0xce,8,d701d701d701d701,benign,,
1762525284.4321404,0x24b,8,0008000000000000,benign,,
1762525284.4416487,0x2f6,8,0800000000000000,benign,,
1762525284.445765,0x1b4,8,0000000000000000,benign,,
1762525284.47534,0x1a0,8,1d001ef12030027e,benign,,
1762525284.5660641,0xc4,8,fdfefefefe0000f5,benign,,
1762525284.570093,0xba,8,033264324102000e,benign,,
1762525284.5722628,0xce,8,cf01cf01cf01cf01,benign,,
1762525284.5740032,0x24b,8,0008000000000000,benign,,
1762525284.583002,0x2f6,8,0800000000000000,benign,,
1762525284.5858762,0x1b4,8,0000000000000000,benign,,
1762525284.6172583,0x1a0,8,1b001ef12030027c,benign,,
1762525284.7485273,0xc4,8,f6fafafafa0000de,benign,,
1762525284.751369,0xba,8,033264324102000e,benign,,
1762525284.752781,0xce,8,b201b201b201b201,benign,,
1762525284.7543926,0x24b,8,0008000000000000,benign,,
1762525284.7653313,0x2f6,8,0800000000000000,benign,,
1762525284.7683349,0x1b4,8,0000000000000000,benign,,
1762525284.797049,0x1a0,8,191000f02030026b,benign,,
1762525284.8931997,0xc4,8,00ff0000000000ff,benign,,
1762525284.8989491,0xba,8,033264324100000c,benign,,
1762525284.9008384,0xce,8,8e018e018e018e01,benign,,
1762525284.9029868,0x24b,8,0008000000000000,benign,,
1762525284.9119623,0x2f6,8,0800000000000000,benign,,
1762525284.9166846,0x1b4,8,0000000000000000,benign,,
1762525284.945157,0x1a0,8,161000f020300268,benign,,
1762525285.0501304,0xc4,8,0a03070607000021,benign,,
1762525285.0538545,0xba,8,033264324101000d,benign,,
1762525285.0560818,0xce,8,5901590159015901,benign,,
1762525285.0603786,0x24b,8,0008000000000000,benign,,
1762525285.0684738,0x2f6,8,0800000000000000,benign,,
1762525285.071166,0x1b4,8,0000000000000000,benign,,
1762525285.1020067,0x1a0,8,141000f020300266,benign,,
1762525285.2090282,0xc4,8,0000000000000000,benign,,
1762525285.2134852,0xba,8,033264324101000d,benign,,
1762525285.2154775,0xce,8,4601460146014601,benign,,
1762525285.2196465,0x24b,8,0008000000000000,benign,,
1762525285.2280695,0x2f6,8,0800000000000000,benign,,
1762525285.2305906,0x1b4,8,0000000000000000,benign,,
1762525285.2587729,0x1a0,8,151000f020300267,benign,,
1762525285.3622768,0xc4,8,f6fafafafa0000de,benign,,
1762525285.3652356,0xba,8,033264324101000d,benign,,
1762525285.366974,0xce,8,5001500150015001,benign,,
1762525285.369881,0x24b,8,0008000000000000,benign,,
1762525285.3797023,0x2f6,8,0800000000000000,benign,,
1762525285.3827603,0x1b4,8,0000000000000000,benign,,
1762525285.417823,0x1a0,8,151000f020300267,benign,,
1762525312.4871254,0xc4,8,ecf4f5f4f50000be,benign,,
1762525312.4901166,0xba,8,033264324100000c,benign,,
1762525312.4915302,0xce,8,5501550155015501,benign,,
1762525312.4931464,0x24b,8,0008000000000000,benign,,
1762525312.5055475,0x2f6,8,0800000000000000,benign,,
1762525312.5095112,0x1b4,8,0000000000000000,benign,,
1762525312.5519798,0x1a0,8,1b1000f02030026d,benign,,
1762525285.6689613,0xc4,8,f6fafafafa0000de,benign,,
1762525285.6720154,0xba,8,033264324102000e,benign,,
1762525285.6736856,0xce,8,b301b301b301b301,benign,,
1762525285.6751037,0x24b,8,0008000000000000,benign,,
1762525285.6870573,0x2f6,8,0800000000000000,benign,,
1762525285.6905053,0x1b4,8,0000000000000000,benign,,
1762525285.7201145,0x1a0,8,1e001ef12030027f,benign,,
1762525285.8167782,0xc4,8,0000000000000000,benign,,
1762525285.819842,0xba,8,033264324102000e,benign,,
1762525285.8211784,0xce,8,d901d901d901d901,benign,,
1762525285.8225493,0x24b,8,0008000000000000,benign,,
1762525285.8331692,0x2f6,8,0800000000000000,benign,,
1762525285.8355098,0x1b4,8,0000000000000000,benign,,
1762525285.865745,0x1a0,8,1e001ef12030027f,benign,,
1762525285.974667,0xc4,8,f6fafafafa0000de,benign,,
1762525285.9778352,0xba,8,033264324102000e,benign,,
1762525285.9797676,0xce,8,d901d901d901d901,benign,,
1762525285.9819129,0x24b,8,0008000000000000,benign,,
1762525285.9917643,0x2f6,8,0800000000000000,benign,,
1762525285.9953313,0x1b4,8,0000000000000000,benign,,
1762525286.0274498,0x1a0,8,1b001ef12030027c,benign,,
1762525286.1328397,0xc4,8,0000000000000000,benign,,
1762525286.1354334,0xba,8,033264324102000e,benign,,
1762525286.1371667,0xce,8,b601b601b601b601,benign,,
1762525286.1390579,0x24b,8,0008000000000000,benign,,
1762525286.1501534,0x2f6,8,0800000000000000,benign,,
1762525286.1539001,0x1b4,8,0000000000000000,benign,,
1762525286.1847734,0x1a0,8,191000f02030026b,benign,,
1762525286.2934463,0xc4,8,0201010101000006,benign,,
1762525286.2957366,0xba,8,033264324102000e,benign,,
1762525286.2972848,0xce,8,9301930193019301,benign,,
1762525286.299048,0x24b,8,0008000000000000,benign,,
1762525286.3105812,0x2f6,8,0800000000000000,benign,,
1762525286.3131192,0x1b4,8,0000000000000000,benign,,
1762525286.3437412,0x1a0,8,171000f020300269,benign,,
1762525286.4552858,0xc4,8,f8fbfbfbfb0000e4,benign,,
1762525286.4572446,0xba,8,033264324101000d,benign,,
1762525286.4591315,0xce,8,6b016b016b016b01,benign,,
1762525286.4613378,0x24b,8,0008000000000000,benign,,
1762525286.4727905,0x2f6,8,0800000000000000,benign,,
1762525286.4748008,0x1b4,8,0000000000000000,benign,,
1762525286.5034356,0x1a0,8,151000f020300267,benign,,
1762525286.6125402,0xc4,8,f8fbfbfbfb0000e4,benign,,
1762525286.6171541,0xba,8,033264324101000d,benign,,
1762525286.6200464,0xce,8,4f014f014f014f01,benign,,
1762525286.624621,0x24b,8,0008000000000000,benign,,
1762525286.632853,0x2f6,8,0800000000000000,benign,,
1762525286.6398463,0x1b4,8,0000000000000000,benign,,
1762525286.71912,0x1a0,8,161000f020300268,benign,,
1762525286.8361788,0xc4,8,eef5f6f5f60000c4,benign,,
1762525286.8394568,0xba,8,033264324101000d,benign,,
1762525286.841053,0xce,8,5f015f015f015f01,benign,,
1762525286.8426769,0x24b,8,0008000000000000,benign,,
1762525286.854052,0x2f6,8,0800000000000000,benign,,
1762525286.8571916,0x1b4,8,0000000000000000,benign,,
1762525286.9255753,0x1a0,8,181000f02030026a,benign,,
1762525287.0300994,0xc4,8,f8fbfbfbfb0000e4,benign,,
1762525287.032625,0xba,8,033264324102000e,benign,,
1762525287.0343676,0xce,8,8101810181018101,benign,,
1762525287.0358226,0x24b,8,0008000000000000,benign,,
1762525287.048,0x2f6,8,0800000000000000,benign,,
1762525287.0502295,0x1b4,8,0000000000000000,benign,,
1762525287.0798671,0x1a0,8,1d001ef12030027e,benign,,
1762525287.2293837,0xc4,8,0201010101000006,benign,,
1762525287.2338014,0xba,8,033264324102000e,benign,,
1762525287.235293,0xce,8,cd01cd01cd01cd01,benign,,
1762525287.240102,0x24b,8,0008000000000000,benign,,
1762525287.2512157,0x2f6,8,0800000000000000,benign,,
1762525287.2564886,0x1b4,8,0000000000000000,benign,,
1762525287.293253,0x1a0,8,1c001ef12030027d,benign,,
1762525287.409126,0xc4,8,f8fbfbfbfb0000e4,benign,,
1762525287.4168417,0xba,8,033264324102000e,benign,,
1762525287.4201343,0xce,8,c501c501c501c501,benign,,
1762525287.4267576,0x24b,8,0008000000000000,benign,,
1762525287.4363348,0x2f6,8,0800000000000000,benign,,
1762525287.440696,0x1b4,8,0000000000000000,benign,,
1762525287.4711485,0x1a0,8,1a1000f02030026c,benign,,
1762525287.5614092,0xc4,8,0201010101000006,benign,,
1762525287.563927,0xba,8,033264324102000e,benign,,
1762525287.5653563,0xce,8,9c019c019c019c01,benign,,
1762525287.5668604,0x24b,8,0008000000000000,benign,,
1762525287.577531,0x2f6,8,0800000000000000,benign,,
1762525287.5801644,0x1b4,8,0000000000000000,benign,,
1762525287.6064684,0x1a0,8,191000f02030026b,benign,,
1762525287.6944213,0xc4,8,f8fcfbfbfb0000e5,benign,,
1762525287.697066,0xba,8,033264324102000e,benign,,
1762525287.6993363,0xce,8,8d018d018d018d01,benign,,
1762525287.7009444,0x24b,8,0008000000000000,benign,,
1762525287.7127419,0x2f6,8,0800000000000000,benign,,
1762525287.715663,0x1b4,8,0000000000000000,benign,,
1762525287.743087,0x1a0,8,191000f02030026b,benign,,
1762525287.850874,0xc4,8,fcfefefefe0000f4,benign,,
1762525287.8545468,0xba,8,033264324102000e,benign,,
1762525287.855934,0xce,8,9801980198019801,benign,,
1762525287.8573384,0x24b,8,0008000000000000,benign,,
1762525287.8680606,0x2f6,8,0800000000000000,benign,,
1762525287.8718503,0x1b4,8,0000000000000000,benign,,
1762525287.8986192,0x1a0,8,1b0000f02030025d,benign,,
1762525288.010392,0xc4,8,f2f8f8f7f80000d1,benign,,
1762525288.013009,0xba,8,033264324102000e,benign,,
1762525288.0143988,0xce,8,b201b201b201b201,benign,,
1762525288.0159326,0x24b,8,0008000000000000,benign,,
1762525288.0270844,0x2f6,8,0800000000000000,benign,,
1762525288.0300686,0x1b4,8,0000000000000000,benign,,
1762525288.0614219,0x1a0,8,1c001ef12030027d,benign,,
1762525288.1764784,0xc4,8,fcfefefefe0000f4,benign,,
1762525288.1809452,0xba,8,033264324102000e,benign,,
1762525288.1826067,0xce,8,bb01bb01bb01bb01,benign,,
1762525288.184476,0x24b,8,0008000000000000,benign,,
1762525288.1960213,0x2f6,8,0800000000000000,benign,,
1762525288.200167,0x1b4,8,0000000000000000,benign,,
1762525288.239644,0x1a0,8,1a1000f02030026c,benign,,
1762525288.342724,0xc4,8,f2faf8f7f80000d3,benign,,
1762525288.3467343,0xba,8,033264324102000e,benign,,
1762525288.3493085,0xce,8,9d019d019d019d01,benign,,
1762525288.3535054,0x24b,8,0008000000000000,benign,,
1762525288.3635418,0x2f6,8,0800000000000000,benign,,
1762525288.3666666,0x1b4,8,0000000000000000,benign,,
1762525288.3979738,0x1a0,8,191000f02030026b,benign,,
1762525288.4993923,0xc4,8,fcfdfefefe0000f3,benign,,
1762525288.5019832,0xba,8,033264324102000e,benign,,
1762525288.5031981,0xce,8,9101910191019101,benign,,
1762525288.504698,0x24b,8,0008000000000000,benign,,
1762525288.5158815,0x2f6,8,0800000000000000,benign,,
1762525288.5212786,0x1b4,8,0000000000000000,benign,,
1762525288.548754,0x1a0,8,1a1000f02030026c,benign,,
1762525288.653015,0xc4,8,f4faf9f8f90000d8,benign,,
1762525288.656127,0xba,8,033264324102000e,benign,,
1762525288.6575341,0xce,8,a401a401a401a401,benign,,
1762525288.6587973,0x24b,8,0008000000000000,benign,,
1762525288.6714957,0x2f6,8,0800000000000000,benign,,
1762525288.6768968,0x1b4,8,0000000000000000,benign,,
1762525288.719568,0x1a0,8,1c001ef12030027d,benign,,
1762525288.918873,0xc4,8,fafcfcfcfc0000ea,benign,,
1762525288.9319704,0xba,8,033264324102000e,benign,,
1762525288.9353676,0xce,8,c101c101c101c101,benign,,
1762525288.9386399,0x24b,8,0008000000000000,benign,,
1762525288.975229,0x2f6,8,0800000000000000,benign,,
1762525288.9789648,0x1b4,8,0000000000000000,benign,,
1762525289.017402,0x1a0,8,1a1000f02030026c,benign,,
1762525289.1524098,0xc4,8,040202020200000c,benign,,
1762525289.1575105,0xba,8,033264324102000e,benign,,
1762525289.160499,0xce,8,a201a201a201a201,benign,,
1762525289.1629755,0x24b,8,0008000000000000,benign,,
1762525289.1729655,0x2f6,8,0800000000000000,benign,,
1762525289.1787152,0x1b4,8,0000000000000000,benign,,
1762525289.212167,0x1a0,8,191000f02030026b,benign,,
1762525289.3352783,0xc4,8,fafcfcfcfc0000ea,benign,,
1762525289.3388727,0xba,8,033264324102000e,benign,,
1762525289.3403847,0xce,8,9601960196019601,benign,,
1762525289.3426645,0x24b,8,0008000000000000,benign,,
1762525289.356958,0x2f6,8,0800000000000000,benign,,
1762525289.3625283,0x1b4,8,0000000000000000,benign,,
1762525289.3967512,0x1a0,8,1b0000f02030025d,benign,,
1762525289.517036,0xc4,8,f0f6f7f6f70000ca,benign,,
1762525289.519395,0xba,8,033264324102000e,benign,,
1762525289.5207021,0xce,8,ad01ad01ad01ad01,benign,,
1762525289.522251,0x24b,8,0008000000000000,benign,,
1762525289.533259,0x2f6,8,0800000000000000,benign,,
1762525289.5358453,0x1b4,8,0000000000000000,benign,,
1762525289.563657,0x1a0,8,1c001ef12030027d,benign,,
1762525289.6528287,0xc4,8,fafbfcfcfc0000e9,benign,,
1762525289.6553729,0xba,8,033264324102000e,benign,,
1762525289.6570446,0xce,8,bf01bf01bf01bf01,benign,,
1762525289.6584048,0x24b,8,0008000000000000,benign,,
1762525289.6780684,0x2f6,8,0800000000000000,benign,,
1762525289.680917,0x1b4,8,0000000000000000,benign,,
1762525289.708417,0x1a0,8,1b001ef12030027c,benign,,
1762525289.804031,0xc4,8,0201010101000006,benign,,
1762525289.8063977,0xba,8,033264324102000e,benign,,
1762525289.8077042,0xce,8,b201b201b201b201,benign,,
1762525289.8091207,0x24b,8,0008000000000000,benign,,
1762525289.8206077,0x2f6,8,0800000000000000,benign,,
1762525289.8238301,0x1b4,8,0000000000000000,benign,,
1762525289.851032,0x1a0,8,191000f02030026b,benign,,
1762525289.9584513,0xc4,8,0603040304000014,benign,,
1762525289.961274,0xba,8,033264324102000e,benign,,
1762525289.9626694,0xce,8,9401940194019401,benign,,
1762525289.9647694,0x24b,8,0008000000000000,benign,,
1762525289.978991,0x2f6,8,0800000000000000,benign,,
1762525289.9825504,0x1b4,8,0000000000000000,benign,,
1762525290.019962,0x1a0,8,191000f02030026b,benign,,
1762525290.1274216,0xc4,8,fcfdfdfdfd0000f0,benign,,
1762525290.1297748,0xba,8,033264324102000e,benign,,
1762525290.1313229,0xce,8,8801880188018801,benign,,
1762525290.1332505,0x24b,8,0008000000000000,benign,,
1762525290.144001,0x2f6,8,0800000000000000,benign,,
1762525290.1467428,0x1b4,8,0000000000000000,benign,,
1762525290.1760962,0x1a0,8,191000f02030026b,benign,,
1762525290.2769518,0xc4,8,f8fbfbfbfb0000e4,benign,,
1762525290.2797012,0xba,8,033264324102000e,benign,,
1762525290.2810473,0xce,8,9701970197019701,benign,,
1762525290.282469,0x24b,8,0008000000000000,benign,,
1762525290.2932463,0x2f6,8,0800000000000000,benign,,
1762525290.2970202,0x1b4,8,0000000000000000,benign,,
1762525290.3281913,0x1a0,8,1b0000f02030025d,benign,,
1762525290.4221823,0xc4,8,f7fbfbfbfb0000e3,benign,,
1762525290.4255445,0xba,8,033264324102000e,benign,,
1762525290.4277406,0xce,8,b301b301b301b301,benign,,
1762525290.4303114,0x24b,8,0008000000000000,benign,,
1762525290.4405112,0x2f6,8,0800000000000000,benign,,
1762525290.4450848,0x1b4,8,0000000000000000,benign,,
1762525317.4529426,0x1a0,8,1c001ef12030027d,benign,,
1762525317.593033,0xc4,8,0101010101000005,benign,,
1762525317.59758,0xba,8,033264324102000e,benign,,
1762525317.5992303,0xce,8,bd01bd01bd01bd01,benign,,
1762525317.6010551,0x24b,8,0008000000000000,benign,,
1762525317.601886,0x1a0,8,a4200000000000ba,attack,fuzz,A1762525317_5001
1762525317.609201,0x1a0,8,9b200000000000e1,attack,fuzz,A1762525317_5001
1762525317.6167765,0x2f6,8,0800000000000000,benign,,
1762525317.6211505,0x1b4,8,0000000000000000,benign,,
1762525317.624124,0x1a0,8,7f2000000000004a,attack,fuzz,A1762525317_5001
1762525317.6307945,0x1a0,8,98200000000000ed,attack,fuzz,A1762525317_5001
1762525317.6350062,0x1a0,8,3f200000000000b5,attack,fuzz,A1762525317_5001
1762525290.6914892,0x1a0,8,9720000000000019,attack,fuzz,A1762525317_5001
1762525290.710521,0x1a0,8,191000f02030026b,benign,,
1762525290.7279131,0x1a0,8,4b20000000000074,attack,fuzz,A1762525317_5001
1762525290.8298895,0xc4,8,fdfefefefe0000f5,benign,,
1762525290.8419096,0xba,8,033264324102000e,benign,,
1762525290.842984,0x1a0,8,5520000000000018,attack,fuzz,A1762525317_5001
1762525290.844093,0xce,8,9301930193019301,benign,,
1762525290.845873,0x24b,8,0008000000000000,benign,,
1762525290.846807,0x1a0,8,7b2000000000003b,attack,fuzz,A1762525317_5001
1762525290.8505955,0x1a0,8,83200000000000a7,attack,fuzz,A1762525317_5001
1762525290.857512,0x2f6,8,0800000000000000,benign,,
1762525290.8636703,0x1b4,8,0000000000000000,benign,,
1762525290.8643434,0x1a0,8,98200000000000f6,attack,fuzz,A1762525317_5001
1762525290.873011,0x1a0,8,ad20000000000077,attack,fuzz,A1762525317_5001
1762525290.8948011,0x1a0,8,5f20000000000041,attack,fuzz,A1762525317_5001
1762525290.9000359,0x1a0,8,33200000000000b7,attack,fuzz,A1762525317_5001
1762525290.903529,0x1a0,8,191000f02030026b,benign,,
1762525291.0693903,0xc4,8,f7fbfbfbfb0000e3,benign,,
1762525291.0809457,0x1a0,8,b1200000000000e0,attack,fuzz,A1762525317_5001
1762525291.0837793,0xba,8,033264324102000e,benign,,
1762525291.08466,0xce,8,8f018f018f018f01,benign,,
1762525291.0855834,0x24b,8,0008000000000000,benign,,
1762525291.0924575,0x1a0,8,8b200000000000bc,attack,fuzz,A1762525317_5001
1762525291.095868,0x1a0,8,af20000000000044,attack,fuzz,A1762525317_5001
1762525291.1035316,0x2f6,8,0800000000000000,benign,,
1762525291.104691,0x1a0,8,9420000000000095,attack,fuzz,A1762525317_5001
1762525291.107891,0x1b4,8,0000000000000000,benign,,
1762525291.1108675,0x1a0,8,7520000000000049,attack,fuzz,A1762525317_5001
1762525291.1424694,0x1a0,8,8020000000000049,attack,fuzz,A1762525317_5001
1762525291.1786537,0x1a0,8,862000000000003f,attack,fuzz,A1762525317_5001
1762525291.184094,0x1a0,8,1b0000f02030025d,benign,,
1762525291.3395822,0x1a0,8,93200000000000f6,attack,fuzz,A1762525317_5001
1762525291.3408117,0xc4,8,0101010101000005,benign,,
1762525291.3849525,0xba,8,033264324102000e,benign,,
1762525291.3887014,0xce,8,b701b701b701b701,benign,,
1762525291.3920689,0x1a0,8,54200000000000b4,attack,fuzz,A1762525317_5001
1762525291.3921864,0x24b,8,0008000000000000,benign,,
1762525291.3969767,0x1a0,8,7b20000000000030,attack,fuzz,A1762525317_5001
1762525291.404272,0x1a0,8,1f20000000000047,attack,fuzz,A1762525317_5001
1762525291.4099212,0x2f6,8,0800000000000000,benign,,
1762525291.4131198,0x1a0,8,9c200000000000e4,attack,fuzz,A1762525317_5001
1762525291.414893,0x1b4,8,0000000000000000,benign,,
1762525291.4178169,0x1a0,8,c7200000000000f6,attack,fuzz,A1762525317_5001
1762525291.4283013,0x1a0,8,522000000000003b,attack,fuzz,A1762525317_5001
1762525291.466406,0x1a0,8,2620000000000044,attack,fuzz,A1762525317_5001
1762525291.4711053,0x1a0,8,7820000000000082,attack,fuzz,A1762525317_5001
1762525291.4822917,0x1a0,8,53200000000000a1,attack,fuzz,A1762525317_5001
1762525291.4971402,0x1a0,8,b420000000000074,attack,fuzz,A1762525317_5001
1762525291.504197,0x1a0,8,b5200000000000d2,attack,fuzz,A1762525317_5001
1762525291.5432053,0x1a0,8,472000000000004f,attack,fuzz,A1762525317_5001
1762525291.5493767,0x1a0,8,4720000000000058,attack,fuzz,A1762525317_5001
1762525291.5615106,0x1a0,8,1a001ef12030027b,benign,,
1762525291.5664237,0x1a0,8,c6200000000000d9,attack,fuzz,A1762525317_5001
1762525291.6885407,0xc4,8,040202020200000c,benign,,
1762525291.6942642,0x1a0,8,8a2000000000009d,attack,fuzz,A1762525317_5001
1762525291.694617,0xba,8,033264324102000e,benign,,
1762525291.6981032,0xce,8,9d019d019d019d01,benign,,
1762525291.702288,0x24b,8,0008000000000000,benign,,
1762525291.7052157,0x1a0,8,be20000000000033,attack,fuzz,A1762525317_5001
1762525291.7162755,0x1a0,8,6420000000000026,attack,fuzz,A1762525317_5001
1762525291.7181485,0x2f6,8,0800000000000000,benign,,
1762525291.7229202,0x1b4,8,0000000000000000,benign,,
1762525291.7283099,0x1a0,8,67200000000000eb,attack,fuzz,A1762525317_5001
1762525291.7382536,0x1a0,8,b12000000000008e,attack,fuzz,A1762525317_5001
1762525291.7808914,0x1a0,8,54200000000000d6,attack,fuzz,A1762525317_5001
1762525291.808381,0x1a0,8,151000f020300267,benign,,
1762525291.809456,0x1a0,8,ba20000000000087,attack,fuzz,A1762525317_5001
1762525291.9130356,0xc4,8,fafcfcfcfc0000ea,benign,,
1762525291.9155173,0x1a0,8,552000000000004b,attack,fuzz,A1762525317_5001
1762525291.9161732,0xba,8,033264324101000d,benign,,
1762525291.9174275,0xce,8,5601560156015601,benign,,
1762525291.9184694,0x1a0,8,912000000000004a,attack,fuzz,A1762525317_5001
1762525291.9191408,0x24b,8,0008000000000000,benign,,
1762525291.9237132,0x1a0,8,5a20000000000016,attack,fuzz,A1762525317_5001
1762525291.9295328,0x1a0,8,7820000000000043,attack,fuzz,A1762525317_5001
1762525291.9355423,0x2f6,8,0800000000000000,benign,,
1762525291.9447985,0x1b4,8,0000000000000000,benign,,
1762525291.9559805,0x1a0,8,582000000000000c,attack,fuzz,A1762525317_5001
1762525291.976392,0x1a0,8,71200000000000d7,attack,fuzz,A1762525317_5001
1762525291.9810984,0x1a0,8,a120000000000045,attack,fuzz,A1762525317_5001
1762525291.9887238,0x1a0,8,86200000000000ed,attack,fuzz,A1762525317_5001
1762525292.03508,0x1a0,8,43200000000000b4,attack,fuzz,A1762525317_5001
1762525292.048261,0x1a0,8,12200000000000c0,attack,fuzz,A1762525317_5001
1762525292.0761716,0x1a0,8,141000f020300266,benign,,
1762525292.1075125,0x1a0,8,1b20000000000045,attack,fuzz,A1762525317_5001
1762525292.2029657,0xc4,8,040202020200000c,benign,,
1762525292.2067697,0xba,8,033264324101000d,benign,,
1762525292.2113626,0xce,8,3901390139013901,benign,,
1762525292.215431,0x24b,8,0008000000000000,benign,,
1762525292.2153058,0x1a0,8,2a20000000000012,attack,fuzz,A1762525317_5001
1762525292.2214382,0x1a0,8,93200000000000e7,attack,fuzz,A1762525317_5001
1762525292.2293031,0x1a0,8,692000000000000a,attack,fuzz,A1762525317_5001
1762525292.236168,0x2f6,8,0800000000000000,benign,,
1762525292.2455406,0x1a0,8,ab20000000000085,attack,fuzz,A1762525317_5001
1762525292.2453902,0x1b4,8,0000000000000000,benign,,
1762525292.2547076,0x1a0,8,1520000000000095,attack,fuzz,A1762525317_5001
1762525292.2683506,0x1a0,8,53200000000000b6,attack,fuzz,A1762525317_5001
1762525292.2729,0x1a0,8,3f2000000000008a,attack,fuzz,A1762525317_5001
1762525292.2828257,0x1a0,8,7e20000000000090,attack,fuzz,A1762525317_5001
1762525292.3622034,0x1a0,8,c720000000000085,attack,fuzz,A1762525317_5001
1762525292.384759,0x1a0,8,1c20000000000054,attack,fuzz,A1762525317_5001
1762525292.396473,0x1a0,8,161000f020300268,benign,,
1762525292.4358392,0x1a0,8,6d2000000000001c,attack,fuzz,A1762525317_5001
1762525292.5207386,0xc4,8,fafcfcfcfc0000ea,benign,,
1762525292.5277178,0xba,8,033264324100000c,benign,,
1762525292.5305035,0xce,8,6101610161016101,benign,,
1762525292.5303674,0x1a0,8,3120000000000061,attack,fuzz,A1762525317_5001
1762525292.533722,0x24b,8,0008000000000000,benign,,
1762525292.5405009,0x1a0,8,78200000000000ce,attack,fuzz,A1762525317_5001
1762525292.5471613,0x1a0,8,3220000000000030,attack,fuzz,A1762525317_5001
1762525292.556079,0x2f6,8,0800000000000000,benign,,
1762525292.5620327,0x1a0,8,1b2000000000003c,attack,fuzz,A1762525317_5001
1762525292.5621574,0x1b4,8,0000000000000000,benign,,
1762525292.570029,0x1a0,8,8d2000000000006e,attack,fuzz,A1762525317_5001
1762525292.5936904,0x1a0,8,35200000000000d9,attack,fuzz,A1762525317_5001
1762525292.6126664,0x1a0,8,1c0000f02030025e,benign,,
1762525292.6174839,0x1a0,8,1b200000000000df,attack,fuzz,A1762525317_5001
1762525292.748545,0xc4,8,040202020200000c,benign,,
1762525292.7618175,0x1a0,8,8620000000000032,attack,fuzz,A1762525317_5001
1762525292.7631202,0xba,8,033264324102000e,benign,,
1762525292.7692869,0xce,8,bb01bb01bb01bb01,benign,,
1762525292.7770634,0x24b,8,0008000000000000,benign,,
1762525292.7772686,0x1a0,8,0f20000000000083,attack,fuzz,A1762525317_5001
1762525292.7887886,0x2f6,8,0800000000000000,benign,,
1762525292.80204,0x1a0,8,1320000000000081,attack,fuzz,A1762525317_5001
1762525292.801915,0x1b4,8,0000000000000000,benign,,
1762525292.8150704,0x1a0,8,51200000000000bd,attack,fuzz,A1762525317_5001
1762525292.8191528,0x1a0,8,1c200000000000f4,attack,fuzz,A1762525317_5001
1762525292.8442783,0x1a0,8,1520000000000097,attack,fuzz,A1762525317_5001
1762525292.855341,0x1a0,8,1d001ef12030027e,benign,,
1762525292.8648067,0x1a0,8,3420000000000041,attack,fuzz,A1762525317_5001
1762525292.9849417,0xc4,8,fafcfcfcfc0000ea,benign,,
1762525292.992462,0xba,8,033264324102000e,benign,,
1762525292.99592,0xce,8,d701d701d701d701,benign,,
1762525292.9962273,0x1a0,8,7920000000000099,attack,fuzz,A1762525317_5001
1762525292.9988694,0x24b,8,0008000000000000,benign,,
1762525293.001703,0x1a0,8,802000000000003d,attack,fuzz,A1762525317_5001
1762525293.0079048,0x2f6,8,0800000000000000,benign,,
1762525293.0135882,0x1a0,8,9720000000000066,attack,fuzz,A1762525317_5001
1762525293.0133955,0x1b4,8,0000000000000000,benign,,
1762525293.0204418,0x1a0,8,7b2000000000000d,attack,fuzz,A1762525317_5001
1762525293.0386863,0x1a0,8,a4200000000000af,attack,fuzz,A1762525317_5001
1762525293.0774107,0x1a0,8,1b001ef12030027c,benign,,
1762525293.1966348,0x1a0,8,a0200000000000cf,attack,fuzz,A1762525317_5001
1762525293.1983726,0xc4,8,040202020200000c,benign,,
1762525293.2104652,0xba,8,033264324102000e,benign,,
1762525293.2173297,0x1a0,8,ad200000000000f4,attack,fuzz,A1762525317_5001
1762525293.217616,0xce,8,b201b201b201b201,benign,,
1762525293.219751,0x24b,8,0008000000000000,benign,,
1762525293.224287,0x1a0,8,b420000000000030,attack,fuzz,A1762525317_5001
1762525293.2361214,0x1a0,8,28200000000000ad,attack,fuzz,A1762525317_5001
1762525293.2427068,0x1a0,8,022000000000009b,attack,fuzz,A1762525317_5001
1762525293.248878,0x1a0,8,2520000000000009,attack,fuzz,A1762525317_5001
1762525293.2578309,0x1a0,8,16200000000000b1,attack,fuzz,A1762525317_5001
1762525293.2644813,0x1a0,8,3720000000000080,attack,fuzz,A1762525317_5001
1762525293.265718,0x2f6,8,0800000000000000,benign,,
1762525293.2800612,0x1b4,8,0000000000000000,benign,,
1762525293.3213463,0x1a0,8,7120000000000050,attack,fuzz,A1762525317_5001
1762525293.3927293,0x1a0,8,2520000000000071,attack,fuzz,A1762525317_5001
1762525293.4283435,0x1a0,8,151000f020300267,benign,,
1762525293.4332497,0x1a0,8,3220000000000052,attack,fuzz,A1762525317_5001
1762525293.6005425,0xc4,8,fbfdfdfdfd0000ef,benign,,
1762525293.6141307,0x1a0,8,792000000000000d,attack,fuzz,A1762525317_5001
1762525293.6142986,0xba,8,033264324101000d,benign,,
1762525293.6181097,0xce,8,4f014f014f014f01,benign,,
1762525293.6254826,0x24b,8,0008000000000000,benign,,
1762525293.6251674,0x1a0,8,5f20000000000018,attack,fuzz,A1762525317_5001
1762525293.6300714,0x1a0,8,4120000000000047,attack,fuzz,A1762525317_5001
1762525293.6363862,0x1a0,8,4d2000000000005b,attack,fuzz,A1762525317_5001
1762525293.642064,0x1a0,8,13200000000000ea,attack,fuzz,A1762525317_5001
1762525293.6469188,0x1a0,8,b020000000000062,attack,fuzz,A1762525317_5001
1762525293.6544893,0x2f6,8,0800000000000000,benign,,
1762525293.6630054,0x1a0,8,2a2000000000005c,attack,fuzz,A1762525317_5001
1762525293.6628268,0x1b4,8,0000000000000000,benign,,
1762525293.670514,0x1a0,8,a3200000000000bd,attack,fuzz,A1762525317_5001
1762525293.7056117,0x1a0,8,2820000000000073,attack,fuzz,A1762525317_5001
1762525293.7250938,0x1a0,8,5f200000000000d7,attack,fuzz,A1762525317_5001
1762525293.7338722,0x1a0,8,8f2000000000000f,attack,fuzz,A1762525317_5001
1762525293.7585042,0x1a0,8,151000f020300267,benign,,
1762525293.7665703,0x1a0,8,282000000000009a,attack,fuzz,A1762525317_5001
1762525293.8833613,0xc4,8,0503030303000011,benign,,
1762525293.8849742,0x1a0,8,1c2000000000004b,attack,fuzz,A1762525317_5001
1762525293.889838,0xba,8,033264324101000d,benign,,
1762525293.8915768,0xce,8,4a014a014a014a01,benign,,
1762525293.8937666,0x24b,8,0008000000000000,benign,,
1762525293.894637,0x1a0,8,122000000000002a,attack,fuzz,A1762525317_5001
1762525293.8992698,0x1a0,8,172000000000002d,attack,fuzz,A1762525317_5001
1762525293.9035916,0x1a0,8,03200000000000f3,attack,fuzz,A1762525317_5001
1762525293.913241,0x2f6,8,0800000000000000,benign,,
1762525293.914448,0x1a0,8,23200000000000cf,attack,fuzz,A1762525317_5001
1762525293.9152045,0x1b4,8,0000000000000000,benign,,
1762525293.918525,0x1a0,8,56200000000000b0,attack,fuzz,A1762525317_5001
1762525293.9250684,0x1a0,8,b32000000000008b,attack,fuzz,A1762525317_5001
1762525293.9372127,0x1a0,8,5a20000000000017,attack,fuzz,A1762525317_5001
1762525293.9410439,0x1a0,8,6e20000000000053,attack,fuzz,A1762525317_5001
1762525293.9529572,0x1a0,8,b420000000000039,attack,fuzz,A1762525317_5001
1762525293.9614904,0x1a0,8,161000f020300268,benign,,
1762525293.9979928,0x1a0,8,1520000000000091,attack,fuzz,A1762525317_5001
1762525294.0769308,0xc4,8,0000000000000000,benign,,
1762525294.0816197,0xba,8,033264324100000c,benign,,
1762525294.083303,0x1a0,8,83200000000000c2,attack,fuzz,A1762525317_5001
1762525294.0836766,0xce,8,6401640164016401,benign,,
1762525294.0855227,0x24b,8,0008000000000000,benign,,
1762525294.0909193,0x1a0,8,6820000000000073,attack,fuzz,A1762525317_5001
1762525294.0955467,0x1a0,8,b320000000000090,attack,fuzz,A1762525317_5001
1762525294.100695,0x2f6,8,0800000000000000,benign,,
1762525294.106255,0x1b4,8,0000000000000000,benign,,
1762525294.108487,0x1a0,8,212000000000005c,attack,fuzz,A1762525317_5001
1762525294.1172793,0x1a0,8,472000000000008e,attack,fuzz,A1762525317_5001
1762525294.128627,0x1a0,8,5d2000000000009b,attack,fuzz,A1762525317_5001
1762525294.143992,0x1a0,8,a120000000000014,attack,fuzz,A1762525317_5001
1762525294.1663399,0x1a0,8,1c0000f02030025e,benign,,
1762525294.1868377,0x1a0,8,b8200000000000ae,attack,fuzz,A1762525317_5001
1762525294.2962005,0xc4,8,0503030303000011,benign,,
1762525294.302704,0xba,8,033264324102000e,benign,,
1762525294.3051858,0xce,8,bb01bb01bb01bb01,benign,,
1762525294.3065972,0x1a0,8,9f200000000000a6,attack,fuzz,A1762525317_5001
1762525294.3108242,0x24b,8,0008000000000000,benign,,
1762525294.3148696,0x1a0,8,3e20000000000059,attack,fuzz,A1762525317_5001
1762525294.32271,0x2f6,8,0800000000000000,benign,,
1762525294.3279884,0x1b4,8,0000000000000000,benign,,
1762525294.330012,0x1a0,8,2b200000000000b5,attack,fuzz,A1762525317_5001
1762525294.341535,0x1a0,8,0f2000000000003b,attack,fuzz,A1762525317_5001
1762525294.3549724,0x1a0,8,5b2000000000009b,attack,fuzz,A1762525317_5001
1762525294.3657255,0x1a0,8,81200000000000cb,attack,fuzz,A1762525317_5001
1762525294.374238,0x1a0,8,1c001ef12030027d,benign,,
1762525294.3798287,0x1a0,8,75200000000000c2,attack,fuzz,A1762525317_5001
1762525294.5010197,0xc4,8,fbfdfdfdfd0000ef,benign,,
1762525294.5061646,0x1a0,8,00200000000000c1,attack,fuzz,A1762525317_5001
1762525294.5089593,0xba,8,033264324102000e,benign,,
1762525294.5128982,0xce,8,bf01bf01bf01bf01,benign,,
1762525294.5139465,0x1a0,8,af200000000000a5,attack,fuzz,A1762525317_5001
1762525294.5152366,0x24b,8,0008000000000000,benign,,
1762525294.5239394,0x2f6,8,0800000000000000,benign,,
1762525294.5243623,0x1a0,8,b42000000000006d,attack,fuzz,A1762525317_5001
1762525294.528284,0x1b4,8,0000000000000000,benign,,
1762525294.5308695,0x1a0,8,b72000000000004d,attack,fuzz,A1762525317_5001
1762525294.5536704,0x1a0,8,8720000000000060,attack,fuzz,A1762525317_5001
1762525294.56338,0x1a0,8,a2200000000000ae,attack,fuzz,A1762525317_5001
1762525294.569315,0x1a0,8,191000f02030026b,benign,,
1762525294.5773034,0x1a0,8,9c20000000000012,attack,fuzz,A1762525317_5001
1762525294.6555214,0x1a0,8,0d200000000000d7,attack,fuzz,A1762525317_5001
1762525294.6975868,0xc4,8,0503030303000011,benign,,
1762525294.7031472,0xba,8,033264324102000e,benign,,
1762525294.7083337,0x1a0,8,7620000000000099,attack,fuzz,A1762525317_5001
1762525294.7079175,0xce,8,9401940194019401,benign,,
1762525294.7119892,0x24b,8,0008000000000000,benign,,
1762525294.7148635,0x1a0,8,822000000000001d,attack,fuzz,A1762525317_5001
1762525294.7194173,0x2f6,8,0800000000000000,benign,,
1762525294.7246256,0x1b4,8,0000000000000000,benign,,
1762525294.7266736,0x1a0,8,5e2000000000009d,attack,fuzz,A1762525317_5001
1762525294.7345657,0x1a0,8,4920000000000086,attack,fuzz,A1762525317_5001
1762525294.752571,0x1a0,8,7920000000000075,attack,fuzz,A1762525317_5001
1762525294.7740757,0x1a0,8,b7200000000000c5,attack,fuzz,A1762525317_5001
1762525294.7800133,0x1a0,8,190064f1203002c0,benign,,
1762525294.9039316,0x1a0,8,08200000000000bf,attack,fuzz,A1762525317_5001
1762525294.9232924,0xc4,8,0000000000000000,benign,,
1762525294.9269977,0xba,8,033264324102000e,benign,,
1762525294.9281738,0x1a0,8,342000000000009f,attack,fuzz,A1762525317_5001
1762525294.9285524,0xce,8,8a018a018a018a01,benign,,
1762525294.9299936,0x24b,8,0008000000000000,benign,,
1762525294.9323874,0x1a0,8,0f2000000000002a,attack,fuzz,A1762525317_5001
1762525294.937647,0x1a0,8,1e200000000000b4,attack,fuzz,A1762525317_5001
1762525294.9482727,0x2f6,8,0800000000000000,benign,,
1762525294.9520912,0x1a0,8,352000000000009a,attack,fuzz,A1762525317_5001
1762525294.9532156,0x1b4,8,0000000000000000,benign,,
1762525294.9585357,0x1a0,8,01200000000000bb,attack,fuzz,A1762525317_5001
1762525294.98793,0x1a0,8,062000000000001b,attack,fuzz,A1762525317_5001
1762525294.99687,0x1a0,8,a420000000000038,attack,fuzz,A1762525317_5001
1762525295.0169759,0x1a0,8,82200000000000e4,attack,fuzz,A1762525317_5001
1762525295.0374236,0x1a0,8,151000f020300267,benign,,
1762525295.047092,0x1a0,8,6420000000000004,attack,fuzz,A1762525317_5001
1762525295.1636672,0xc4,8,fbfdfdfdfd0000ef,benign,,
1762525295.1672375,0xba,8,033264324100000c,benign,,
1762525295.167057,0x1a0,8,bd2000000000000f,attack,fuzz,A1762525317_5001
1762525295.16915,0xce,8,5601560156015601,benign,,
1762525295.1713417,0x24b,8,0008000000000000,benign,,
1762525295.1729279,0x1a0,8,082000000000007a,attack,fuzz,A1762525317_5001
1762525295.176341,0x1a0,8,6520000000000016,attack,fuzz,A1762525317_5001
1762525295.1835675,0x2f6,8,0800000000000000,benign,,
1762525295.1865463,0x1a0,8,992000000000000a,attack,fuzz,A1762525317_5001
1762525295.1875021,0x1b4,8,0000000000000000,benign,,
1762525295.192861,0x1a0,8,6720000000000077,attack,fuzz,A1762525317_5001
1762525295.2008004,0x1a0,8,a0200000000000a7,attack,fuzz,A1762525317_5001
1762525295.2144322,0x1a0,8,4820000000000000,attack,fuzz,A1762525317_5001
1762525295.229044,0x1a0,8,121000f020300264,benign,,
1762525295.2427385,0x1a0,8,5e200000000000cd,attack,fuzz,A1762525317_5001
1762525295.365748,0xc4,8,0503030303000011,benign,,
1762525295.3717556,0xba,8,033264324101000d,benign,,
1762525295.3719618,0x1a0,8,34200000000000c2,attack,fuzz,A1762525317_5001
1762525295.375978,0xce,8,2601260126012601,benign,,
1762525295.4011304,0x24b,8,0008000000000000,benign,,
1762525295.4027464,0x1a0,8,b620000000000054,attack,fuzz,A1762525317_5001
1762525295.4220092,0x1a0,8,a1200000000000b5,attack,fuzz,A1762525317_5001
1762525295.4217134,0x2f6,8,0800000000000000,benign,,
1762525295.425656,0x1b4,8,0000000000000000,benign,,
1762525295.4511244,0x1a0,8,63200000000000c3,attack,fuzz,A1762525317_5001
1762525322.484268,0x1a0,8,a0200000000000bf,benign,,
1762525322.5083923,0x1a0,8,151000f020300267,benign,,
1762525322.6261895,0x1a0,8,6e2000000000001f,benign,,
1762525322.6278744,0xc4,8,fbfdfdfdfd0000ef,benign,,
1762525322.6311653,0xba,8,033264324101000d,benign,,
1762525322.6328,0xce,8,4c014c014c014c01,benign,,
1762525322.6329756,0x1a0,8,2320000000000092,benign,,
1762525322.6342993,0x24b,8,0008000000000000,benign,,
1762525322.6366425,0x1a0,8,9220000000000056,benign,,
1762525322.6394567,0x1a0,8,182000000000004a,benign,,
1762525322.6428328,0x1a0,8,09200000000000c9,benign,,
1762525322.6452234,0x2f6,8,0800000000000000,benign,,
1762525322.6485996,0x1b4,8,0000000000000000,benign,,
1762525322.64906,0x1a0,8,5720000000000005,benign,,
1762525322.6531317,0x1a0,8,b4200000000000f6,benign,,
1762525322.65722,0x1a0,8,7c20000000000082,benign,,
1762525295.7000408,0x1a0,8,63200000000000d5,benign,,
1762525295.7065194,0x1a0,8,5c2000000000007e,benign,,
1762525295.715485,0x1a0,8,b820000000000049,benign,,
1762525295.7156441,0x1a0,8,161000f020300268,benign,,
1762525295.8054924,0x1a0,8,1920000000000046,benign,,
1762525295.837908,0xc4,8,0503030303000011,benign,,
1762525295.84041,0xba,8,033264324100000c,benign,,
1762525295.8418894,0x1a0,8,ac20000000000031,benign,,
1762525295.8422766,0xce,8,5e015e015e015e01,benign,,
1762525295.8433588,0x24b,8,0008000000000000,benign,,
1762525295.8452168,0x1a0,8,32200000000000e4,benign,,
1762525295.8485343,0x1a0,8,8b200000000000e2,benign,,
1762525295.8548198,0x2f6,8,0800000000000000,benign,,
1762525295.855303,0x1a0,8,a72000000000003e,benign,,
1762525295.8574839,0x1b4,8,0000000000000000,benign,,
1762525295.8598945,0x1a0,8,0220000000000081,benign,,
1762525295.8651495,0x1a0,8,1c20000000000072,benign,,
1762525295.868288,0x1a0,8,b2200000000000ff,benign,,
1762525295.879726,0x1a0,8,78200000000000aa,benign,,
1762525295.887064,0x1a0,8,1b1000f02030026d,benign,,
1762525295.9176242,0x1a0,8,c32000000000009d,benign,,
1762525295.9790118,0xc4,8,fbfefdfdfd0000f0,benign,,
1762525295.9844124,0xba,8,033264324102000e,benign,,
1762525295.9853208,0x1a0,8,0b200000000000ec,benign,,
1762525295.986121,0xce,8,ab01ab01ab01ab01,benign,,
1762525295.9876719,0x24b,8,0008000000000000,benign,,
1762525295.9887998,0x1a0,8,c12000000000003f,benign,,
1762525295.991944,0x1a0,8,4220000000000077,benign,,
1762525295.9957604,0x1a0,8,6c2000000000007a,benign,,
1762525295.99796,0x2f6,8,0800000000000000,benign,,
1762525296.001586,0x1b4,8,0000000000000000,benign,,
1762525296.0026796,0x1a0,8,ab2000000000002f,benign,,
1762525296.0093732,0x1a0,8,b520000000000067,benign,,
1762525296.0146973,0x1a0,8,9720000000000052,benign,,
1762525296.0255632,0x1a0,8,2a200000000000b8,benign,,
1762525296.0334752,0x1a0,8,1e001ef12030027f,benign,,
1762525296.1018116,0x1a0,8,8a200000000000f3,benign,,
1762525296.1375568,0xc4,8,0201020102000008,benign,,
1762525296.1430855,0xba,8,033264324102000e,benign,,
1762525296.1437294,0x1a0,8,b42000000000005b,benign,,
1762525296.144764,0xce,8,d901d901d901d901,benign,,
1762525296.147087,0x24b,8,0008000000000000,benign,,
1762525296.1477544,0x1a0,8,3520000000000046,benign,,
1762525296.1499746,0x1a0,8,3d200000000000d6,benign,,
1762525296.1532228,0x1a0,8,76200000000000e1,benign,,
1762525296.15654,0x2f6,8,0800000000000000,benign,,
1762525296.1614676,0x1b4,8,0000000000000000,benign,,
1762525296.1622236,0x1a0,8,88200000000000c0,benign,,
1762525296.1670768,0x1a0,8,ae20000000000047,benign,,
1762525296.1703444,0x1a0,8,2a2000000000000b,benign,,
1762525296.1739008,0x1a0,8,6a2000000000006a,benign,,
1762525296.185243,0x1a0,8,6420000000000069,benign,,
1762525296.1899173,0x1a0,8,97200000000000fd,benign,,
1762525296.196139,0x1a0,8,1d001ef12030027e,benign,,
1762525296.3082132,0x1a0,8,41200000000000cd,benign,,
1762525296.3083706,0xc4,8,feffffffff0000fa,benign,,
1762525296.310727,0xba,8,033264324102000e,benign,,
1762525296.3126276,0x1a0,8,b320000000000007,benign,,
1762525296.3124325,0xce,8,d501d501d501d501,benign,,
1762525296.3145466,0x24b,8,0008000000000000,benign,,
1762525296.3173876,0x1a0,8,702000000000000f,benign,,
1762525296.3204958,0x1a0,8,3a200000000000a6,benign,,
1762525296.3258986,0x2f6,8,0800000000000000,benign,,
1762525296.3294115,0x1a0,8,bd2000000000002f,benign,,
1762525296.3298094,0x1b4,8,0000000000000000,benign,,
1762525296.3331206,0x1a0,8,03200000000000d4,benign,,
1762525296.340134,0x1a0,8,64200000000000fe,benign,,
1762525296.3518512,0x1a0,8,4d20000000000031,benign,,
1762525296.3620946,0x1a0,8,1b001ef12030027c,benign,,
1762525296.3667145,0x1a0,8,1a20000000000054,benign,,
1762525296.424295,0x1a0,8,83200000000000aa,benign,,
1762525296.4579942,0xc4,8,0201010101000006,benign,,
1762525296.4606836,0xba,8,033264324102000e,benign,,
1762525296.461888,0x1a0,8,552000000000002f,benign,,
1762525296.4622548,0xce,8,b101b101b101b101,benign,,
1762525296.463848,0x24b,8,0008000000000000,benign,,
1762525296.4657202,0x1a0,8,a8200000000000e2,benign,,
1762525296.4691544,0x1a0,8,8e20000000000062,benign,,
1762525296.4754891,0x2f6,8,0800000000000000,benign,,
1762525296.479727,0x1a0,8,0320000000000030,benign,,
1762525296.481149,0x1b4,8,0000000000000000,benign,,
1762525296.4840508,0x1a0,8,5d20000000000050,benign,,
1762525296.4925427,0x1a0,8,4820000000000090,benign,,
1762525296.5096312,0x1a0,8,9820000000000081,benign,,
1762525296.5257957,0x1a0,8,191000f02030026b,benign,,
1762525296.5492754,0x1a0,8,61200000000000ca,benign,,
1762525296.6469147,0xc4,8,feffffffff0000fa,benign,,
1762525296.6507635,0x1a0,8,0e2000000000002f,benign,,
1762525296.6510477,0xba,8,033264324100000c,benign,,
1762525296.6526031,0xce,8,9201920192019201,benign,,
1762525296.6543941,0x24b,8,0008000000000000,benign,,
1762525296.654552,0x1a0,8,b620000000000002,benign,,
1762525296.6578636,0x1a0,8,8a2000000000003f,benign,,
1762525296.6607604,0x1a0,8,442000000000000c,benign,,
1762525296.6659937,0x2f6,8,0800000000000000,benign,,
1762525296.6690962,0x1b4,8,0000000000000000,benign,,
1762525296.6697352,0x1a0,8,c720000000000038,benign,,
1762525296.6748602,0x1a0,8,60200000000000a6,benign,,
1762525296.6791456,0x1a0,8,1a2000000000007b,benign,,
1762525296.6913495,0x1a0,8,03200000000000df,benign,,
1762525296.704398,0x1a0,8,161000f020300268,benign,,
1762525296.7098022,0x1a0,8,8c2000000000009c,benign,,
1762525296.819059,0xc4,8,0201010101000006,benign,,
1762525296.8213358,0x1a0,8,0b200000000000f2,benign,,
1762525296.8219554,0xba,8,033264324101000d,benign,,
1762525296.823279,0xce,8,5a015a015a015a01,benign,,
1762525296.8246102,0x1a0,8,162000000000007a,benign,,
1762525296.825004,0x24b,8,0008000000000000,benign,,
1762525296.8285139,0x1a0,8,5b200000000000e8,benign,,
1762525296.8321543,0x1a0,8,9d20000000000025,benign,,
1762525296.836849,0x2f6,8,0800000000000000,benign,,
1762525296.840998,0x1b4,8,0000000000000000,benign,,
1762525296.841262,0x1a0,8,71200000000000f5,benign,,
1762525296.8472552,0x1a0,8,282000000000003d,benign,,
1762525296.8511078,0x1a0,8,762000000000003d,benign,,
1762525296.855057,0x1a0,8,822000000000008a,benign,,
1762525296.8663094,0x1a0,8,60200000000000ba,benign,,
1762525296.8761046,0x1a0,8,151000f020300267,benign,,
1762525296.8783994,0x1a0,8,6120000000000039,benign,,
1762525296.9771593,0xc4,8,feffffffff0000fa,benign,,
1762525296.979502,0xba,8,033264324101000d,benign,,
1762525296.9801335,0x1a0,8,ad200000000000a5,benign,,
1762525296.9808156,0xce,8,4f014f014f014f01,benign,,
1762525296.9822714,0x24b,8,0008000000000000,benign,,
1762525296.9835706,0x1a0,8,252000000000001a,benign,,
1762525296.9867995,0x1a0,8,822000000000004e,benign,,
1762525296.9900408,0x1a0,8,a920000000000082,benign,,
1762525296.9948533,0x2f6,8,0800000000000000,benign,,
1762525296.998679,0x1b4,8,0000000000000000,benign,,
1762525297.0002363,0x1a0,8,54200000000000bb,benign,,
1762525297.005906,0x1a0,8,232000000000003c,benign,,
1762525297.0146532,0x1a0,8,84200000000000e3,benign,,
1762525297.0207784,0x1a0,8,0a200000000000e8,benign,,
1762525297.0258696,0x1a0,8,962000000000001a,benign,,
1762525297.0335848,0x1a0,8,161000f020300268,benign,,
1762525297.0337708,0x1a0,8,01200000000000bc,benign,,
1762525297.1344879,0xc4,8,0101010101000005,benign,,
1762525297.1369476,0x1a0,8,892000000000002c,benign,,
1762525297.137956,0xba,8,033264324101000d,benign,,
1762525297.139138,0xce,8,5d015d015d015d01,benign,,
1762525297.1407294,0x1a0,8,94200000000000c9,benign,,
1762525297.141388,0x24b,8,0008000000000000,benign,,
1762525297.1461835,0x1a0,8,47200000000000c5,benign,,
1762525297.1572144,0x2f6,8,0800000000000000,benign,,
1762525297.1600018,0x1a0,8,672000000000007e,benign,,
1762525297.1617637,0x1b4,8,0000000000000000,benign,,
1762525297.165355,0x1a0,8,5f20000000000067,benign,,
1762525297.1768086,0x1a0,8,5f200000000000c7,benign,,
1762525297.193578,0x1a0,8,43200000000000b5,benign,,
1762525297.2043,0x1a0,8,3c20000000000001,benign,,
1762525297.204177,0x1a0,8,181000f02030026a,benign,,
1762525297.305655,0xc4,8,ffffffffff0000fb,benign,,
1762525297.30846,0xba,8,033264324102000e,benign,,
1762525297.3083074,0x1a0,8,a020000000000079,benign,,
1762525297.3095126,0xce,8,7e017e017e017e01,benign,,
1762525297.310886,0x24b,8,0008000000000000,benign,,
1762525297.3119924,0x1a0,8,59200000000000f5,benign,,
1762525297.3159313,0x1a0,8,2220000000000056,benign,,
1762525297.3255894,0x2f6,8,0800000000000000,benign,,
1762525297.3270512,0x1a0,8,7420000000000004,benign,,
1762525297.3278587,0x1b4,8,0000000000000000,benign,,
1762525297.3319995,0x1a0,8,6a200000000000f7,benign,,
1762525297.3368871,0x1a0,8,1e200000000000c6,benign,,
1762525297.3451304,0x1a0,8,af20000000000034,benign,,
1762525297.354951,0x1a0,8,1d2000000000008c,benign,,
1762525297.375437,0x1a0,8,0020000000000065,benign,,
1762525297.3763115,0x1a0,8,1d001ef12030027e,benign,,
1762525297.471713,0xc4,8,0101010101000005,benign,,
1762525297.4784765,0x1a0,8,87200000000000cd,benign,,
1762525297.4787815,0xba,8,033264324102000e,benign,,
1762525297.4808125,0xce,8,cb01cb01cb01cb01,benign,,
1762525297.4838889,0x24b,8,0008000000000000,benign,,
1762525297.484034,0x1a0,8,252000000000000c,benign,,
1762525297.4874969,0x1a0,8,73200000000000aa,benign,,
1762525297.4928837,0x1a0,8,1d20000000000018,benign,,
1762525297.4939067,0x2f6,8,0800000000000000,benign,,
1762525297.495928,0x1b4,8,0000000000000000,benign,,
1762525297.4988616,0x1a0,8,40200000000000bc,benign,,
1762525297.5048132,0x1a0,8,3e200000000000d3,benign,,
1762525297.5100632,0x1a0,8,7d20000000000023,benign,,
1762525297.5207014,0x1a0,8,16200000000000a4,benign,,
1762525297.531915,0x1a0,8,2020000000000075,benign,,
1762525297.544662,0x1a0,8,1c001ef12030027d,benign,,
1762525297.556554,0x1a0,8,5d20000000000048,benign,,
1762525297.6557732,0xc4,8,fdfefefefe0000f5,benign,,
1762525297.6628582,0xba,8,033264324102000e,benign,,
1762525297.662961,0x1a0,8,0e200000000000d3,benign,,
1762525297.6689587,0xce,8,c101c101c101c101,benign,,
1762525297.6723022,0x24b,8,0008000000000000,benign,,
1762525297.6789908,0x1a0,8,7020000000000062,benign,,
1762525297.6859071,0x1a0,8,63200000000000d7,benign,,
1762525297.6923306,0x1a0,8,4f2000000000004f,benign,,
1762525297.696494,0x1a0,8,13200000000000b8,benign,,
1762525297.7016253,0x1a0,8,8b20000000000008,benign,,
1762525297.7060268,0x2f6,8,0800000000000000,benign,,
1762525297.7095802,0x1b4,8,0000000000000000,benign,,
1762525297.711823,0x1a0,8,1b200000000000ff,benign,,
1762525297.7459114,0x1a0,8,49200000000000d4,benign,,
1762525297.7615368,0x1a0,8,191000f02030026b,benign,,
1762525297.8347836,0x1a0,8,14200000000000f1,benign,,
1762525297.865382,0xc4,8,0603040304000014,benign,,
1762525297.869785,0xba,8,033264324102000e,benign,,
1762525297.8706987,0x1a0,8,53200000000000f5,benign,,
1762525297.8715336,0xce,8,9401940194019401,benign,,
1762525297.8729897,0x24b,8,0008000000000000,benign,,
1762525297.8742135,0x1a0,8,782000000000005a,benign,,
1762525297.877105,0x1a0,8,af20000000000025,benign,,
1762525297.8824074,0x2f6,8,0800000000000000,benign,,
1762525297.8822541,0x1a0,8,71200000000000d8,benign,,
1762525297.8846724,0x1b4,8,0000000000000000,benign,,
1762525297.887182,0x1a0,8,27200000000000bf,benign,,
1762525297.8919668,0x1a0,8,0f20000000000055,benign,,
1762525297.8949466,0x1a0,8,9c2000000000000d,benign,,
1762525297.899514,0x1a0,8,c4200000000000ce,benign,,
1762525297.9062748,0x1a0,8,0620000000000034,benign,,
1762525297.912521,0x1a0,8,5120000000000083,benign,,
1762525297.9178965,0x1a0,8,191000f02030026b,benign,,
1762525297.932488,0x1a0,8,142000000000002c,benign,,
1762525298.0359483,0xc4,8,fcfdfdfdfd0000f0,benign,,
1762525298.0414097,0xba,8,033264324102000e,benign,,
1762525298.0417032,0x1a0,8,6e200000000000f1,benign,,
1762525298.0431592,0xce,8,8a018a018a018a01,benign,,
1762525298.044942,0x24b,8,0008000000000000,benign,,
1762525298.0455074,0x1a0,8,1e200000000000a2,benign,,
1762525298.0485125,0x1a0,8,40200000000000ec,benign,,
1762525298.0540948,0x2f6,8,0800000000000000,benign,,
1762525298.056687,0x1b4,8,0000000000000000,benign,,
1762525298.057133,0x1a0,8,8020000000000050,benign,,
1762525298.0618455,0x1a0,8,06200000000000f0,benign,,
1762525298.065523,0x1a0,8,7020000000000069,benign,,
1762525298.06973,0x1a0,8,a120000000000073,benign,,
1762525298.073774,0x1a0,8,2620000000000001,benign,,
1762525298.0810146,0x1a0,8,2320000000000011,benign,,
1762525298.089552,0x1a0,8,1a1000f02030026c,benign,,
1762525298.0898306,0x1a0,8,992000000000002e,benign,,
1762525298.1886451,0xc4,8,020202020200000a,benign,,
1762525298.1915727,0x1a0,8,892000000000001c,benign,,
1762525298.1919644,0xba,8,033264324102000e,benign,,
1762525298.1932068,0xce,8,9f019f019f019f01,benign,,
1762525298.1945512,0x24b,8,0008000000000000,benign,,
1762525298.194415,0x1a0,8,3d20000000000088,benign,,
1762525298.1980412,0x1a0,8,b2200000000000a4,benign,,
1762525298.2014632,0x1a0,8,83200000000000e3,benign,,
1762525298.2058406,0x1a0,8,6b20000000000029,benign,,
1762525298.207785,0x2f6,8,0800000000000000,benign,,
1762525298.2102964,0x1b4,8,0000000000000000,benign,,
1762525298.2119036,0x1a0,8,ad2000000000008a,benign,,
1762525298.2170944,0x1a0,8,1e2000000000007b,benign,,
1762525298.2336855,0x1a0,8,612000000000006d,benign,,
1762525298.2375553,0x1a0,8,092000000000001c,benign,,
1762525298.2500033,0x1a0,8,1c001ef12030027d,benign,,
1762525298.3542278,0xc4,8,f8fcfcfbfc0000e7,benign,,
1762525298.3527067,0x1a0,8,3f20000000000080,benign,,
1762525298.3576941,0xba,8,033264324102000e,benign,,
1762525298.3596833,0xce,8,bf01bf01bf01bf01,benign,,
1762525298.360218,0x1a0,8,0e200000000000c8,benign,,
1762525298.3613718,0x24b,8,0008000000000000,benign,,
1762525298.3636987,0x1a0,8,4020000000000077,benign,,
1762525298.3663688,0x1a0,8,5a200000000000b1,benign,,
1762525298.3717492,0x2f6,8,0800000000000000,benign,,
1762525298.3737361,0x1b4,8,0000000000000000,benign,,
1762525298.3748212,0x1a0,8,7920000000000009,benign,,
1762525298.379537,0x1a0,8,7020000000000003,benign,,
1762525298.3835256,0x1a0,8,6d200000000000cc,benign,,
1762525298.3879411,0x1a0,8,6a200000000000ce,benign,,
1762525298.3963537,0x1a0,8,4e200000000000e5,benign,,
1762525298.4001708,0x1a0,8,3c200000000000cd,benign,,
1762525298.4031532,0x1a0,8,1c001ef12030027d,benign,,
1762525298.4164765,0x1a0,8,34200000000000f4,benign,,
1762525298.5013669,0xc4,8,eef8f6f5f60000c7,benign,,
1762525298.505425,0xba,8,033264324102000e,benign,,
1762525298.506384,0x1a0,8,2e200000000000b9,benign,,
1762525298.5073304,0xce,8,b901b901b901b901,benign,,
1762525298.508508,0x24b,8,0008000000000000,benign,,
1762525298.510615,0x1a0,8,c02000000000004b,benign,,
1762525298.5140991,0x1a0,8,6720000000000081,benign,,
1762525298.5221393,0x2f6,8,0800000000000000,benign,,
1762525298.5208151,0x1a0,8,2720000000000026,benign,,
1762525298.5250747,0x1b4,8,0000000000000000,benign,,
1762525298.5273988,0x1a0,8,2e20000000000003,benign,,
1762525298.5345137,0x1a0,8,40200000000000aa,benign,,
1762525298.545449,0x1a0,8,4b20000000000052,benign,,
1762525298.5586596,0x1a0,8,1a1000f02030026c,benign,,
1762525298.5629663,0x1a0,8,9120000000000091,benign,,
1762525298.6724718,0xc4,8,f0f6f7f6f70000ca,benign,,
1762525298.6740775,0x1a0,8,a520000000000066,benign,,
1762525298.675388,0xba,8,033264324102000e,benign,,
1762525298.6767457,0xce,8,9a019a019a019a01,benign,,
1762525298.6778104,0x1a0,8,302000000000005f,benign,,
1762525298.6782575,0x24b,8,0008000000000000,benign,,
1762525298.6814125,0x1a0,8,45200000000000a9,benign,,
1762525298.684462,0x1a0,8,212000000000008c,benign,,
1762525298.6902688,0x1a0,8,18200000000000a7,benign,,
1762525298.6911104,0x2f6,8,0800000000000000,benign,,
1762525298.6930115,0x1b4,8,0000000000000000,benign,,
1762525298.695594,0x1a0,8,09200000000000b0,benign,,
1762525298.7008395,0x1a0,8,8f200000000000c6,benign,,
1762525298.70496,0x1a0,8,a020000000000058,benign,,
1762525298.7121994,0x1a0,8,2f20000000000004,benign,,
1762525298.7191613,0x1a0,8,7020000000000014,benign,,
1762525298.7278037,0x1a0,8,042000000000007f,benign,,
1762525298.7290154,0x1a0,8,191000f02030026b,benign,,
1762525298.8301566,0xc4,8,fafcfcfcfc0000ea,benign,,
1762525298.8321052,0x1a0,8,be20000000000049,benign,,
1762525298.8334663,0xba,8,033264324102000e,benign,,
1762525298.8353546,0x1a0,8,0520000000000020,benign,,
1762525298.8351717,0xce,8,9001900190019001,benign,,
1762525298.836724,0x24b,8,0008000000000000,benign,,
1762525298.8392878,0x1a0,8,18200000000000a1,benign,,
1762525298.8424637,0x1a0,8,46200000000000dd,benign,,
1762525298.8485398,0x2f6,8,0800000000000000,benign,,
1762525298.8477793,0x1a0,8,912000000000001c,benign,,
1762525298.8511922,0x1b4,8,0000000000000000,benign,,
1762525298.8552935,0x1a0,8,2a200000000000dd,benign,,
1762525298.8605716,0x1a0,8,b920000000000023,benign,,
1762525298.863927,0x1a0,8,64200000000000b6,benign,,
1762525298.8670254,0x1a0,8,9a200000000000a3,benign,,
1762525298.8709772,0x1a0,8,662000000000001b,benign,,
1762525298.8751574,0x1a0,8,3d20000000000061,benign,,
1762525298.8802407,0x1a0,8,b020000000000077,benign,,
1762525298.8908136,0x1a0,8,1a1000f02030026c,benign,,
1762525298.8961177,0x1a0,8,ab200000000000f9,benign,,
1762525299.0013666,0xc4,8,0000000000000000,benign,,
1762525299.003754,0x1a0,8,7e20000000000089,benign,,
1762525299.004306,0xba,8,033264324102000e,benign,,
1762525299.005861,0xce,8,9f019f019f019f01,benign,,
1762525299.0077171,0x24b,8,0008000000000000,benign,,
1762525299.0073078,0x1a0,8,ab20000000000093,benign,,
1762525299.0114737,0x1a0,8,c420000000000031,benign,,
1762525299.0147135,0x1a0,8,4e200000000000c3,benign,,
1762525299.019159,0x2f6,8,0800000000000000,benign,,
1762525299.0240698,0x1b4,8,0000000000000000,benign,,
1762525299.0249455,0x1a0,8,0d20000000000032,benign,,
1762525299.030481,0x1a0,8,ad20000000000081,benign,,
1762525299.0345018,0x1a0,8,7320000000000054,benign,,
1762525299.0450652,0x1a0,8,3920000000000097,benign,,
1762525299.0584586,0x1a0,8,1c001ef12030027d,benign,,
1762525299.0673275,0x1a0,8,9c20000000000023,benign,,
1762525299.1736274,0xc4,8,f6fafafafa0000de,benign,,
1762525299.175669,0x1a0,8,75200000000000b5,benign,,
1762525299.1758637,0xba,8,033264324102000e,benign,,
1762525299.1774554,0xce,8,c201c201c201c201,benign,,
1762525299.1793995,0x24b,8,0008000000000000,benign,,
1762525299.1795433,0x1a0,8,6f20000000000086,benign,,
1762525299.1831124,0x1a0,8,8a2000000000000c,benign,,
1762525299.1859653,0x1a0,8,6720000000000087,benign,,
1762525299.1931446,0x2f6,8,0800000000000000,benign,,
1762525299.1945148,0x1a0,8,1a20000000000032,benign,,
1762525299.1957161,0x1b4,8,0000000000000000,benign,,
1762525299.1978807,0x1a0,8,1020000000000081,benign,,
1762525299.203982,0x1a0,8,712000000000008e,benign,,
1762525299.2075803,0x1a0,8,3820000000000032,benign,,
1762525299.2175996,0x1a0,8,272000000000009b,benign,,
1762525299.2227252,0x1a0,8,a8200000000000bf,benign,,
1762525299.2299862,0x1a0,8,1c001ef12030027d,benign,,
1762525299.3422875,0xc4,8,0000000000000000,benign,,
1762525299.3451161,0x1a0,8,7c20000000000007,benign,,
1762525299.3458228,0xba,8,033264324102000e,benign,,
1762525299.3472574,0xce,8,bd01bd01bd01bd01,benign,,
1762525299.3484335,0x1a0,8,c520000000000048,benign,,
1762525299.349043,0x24b,8,0008000000000000,benign,,
1762525299.353434,0x1a0,8,ad200000000000f8,benign,,
1762525299.3563333,0x1a0,8,b420000000000028,benign,,
1762525299.3606234,0x1a0,8,2320000000000057,benign,,
1762525299.3632164,0x2f6,8,0800000000000000,benign,,
1762525299.368071,0x1b4,8,0000000000000000,benign,,
1762525299.3716347,0x1a0,8,3220000000000029,benign,,
1762525299.376454,0x1a0,8,642000000000007e,benign,,
1762525299.3854227,0x1a0,8,162000000000005d,benign,,
1762525299.3921978,0x1a0,8,a02000000000002b,benign,,
1762525299.4045434,0x1a0,8,1a1000f02030026c,benign,,
1762525299.4049058,0x1a0,8,5420000000000019,benign,,
1762525299.5224228,0xc4,8,0100000000000001,benign,,
1762525299.524523,0x1a0,8,98200000000000bb,benign,,
1762525299.5252032,0xba,8,033264324102000e,benign,,
1762525299.5266178,0xce,8,9a019a019a019a01,benign,,
1762525299.5274274,0x1a0,8,8a200000000000c0,benign,,
1762525299.5282285,0x24b,8,0008000000000000,benign,,
1762525299.5317845,0x1a0,8,6b20000000000042,benign,,
1762525299.5348969,0x1a0,8,46200000000000f6,benign,,
1762525299.5395327,0x2f6,8,0800000000000000,benign,,
1762525299.5439546,0x1b4,8,0000000000000000,benign,,
1762525299.5440993,0x1a0,8,62200000000000dc,benign,,
1762525299.547883,0x1a0,8,0920000000000039,benign,,
1762525299.5531178,0x1a0,8,ac20000000000030,benign,,
1762525299.5654905,0x1a0,8,412000000000005b,benign,,
1762525299.5695958,0x1a0,8,6120000000000082,benign,,
1762525299.5758529,0x1a0,8,191000f02030026b,benign,,
1762525299.6740808,0x1a0,8,012000000000002a,benign,,
1762525299.6921613,0xc4,8,f8fbfbfbfb0000e4,benign,,
1762525299.6960063,0xba,8,033264324102000e,benign,,
1762525299.6977527,0x1a0,8,372000000000001e,benign,,
1762525299.6980357,0xce,8,8d018d018d018d01,benign,,
1762525299.700143,0x24b,8,0008000000000000,benign,,
1762525299.7029626,0x1a0,8,44200000000000e8,benign,,
1762525299.7060661,0x1a0,8,3120000000000046,benign,,
1762525299.7120955,0x2f6,8,0800000000000000,benign,,
1762525299.7145755,0x1a0,8,12200000000000b3,benign,,
1762525299.7146926,0x1b4,8,0000000000000000,benign,,
1762525299.7177563,0x1a0,8,33200000000000c6,benign,,
1762525299.7234578,0x1a0,8,1c200000000000b8,benign,,
1762525299.7369664,0x1a0,8,5d20000000000011,benign,,
1762525299.7490096,0x1a0,8,1a1000f02030026c,benign,,
1762525299.7562323,0x1a0,8,ab200000000000c4,benign,,
1762525299.8554065,0xc4,8,0201010101000006,benign,,
1762525299.8592288,0xba,8,033264324102000e,benign,,
1762525299.8593593,0x1a0,8,89200000000000d9,benign,,
1762525299.860954,0xce,8,a601a601a601a601,benign,,
1762525299.862468,0x24b,8,0008000000000000,benign,,
1762525299.8626044,0x1a0,8,07200000000000b6,benign,,
1762525299.8661327,0x1a0,8,8f200000000000a3,benign,,
1762525299.86938,0x1a0,8,0f20000000000071,benign,,
1762525299.873957,0x2f6,8,0800000000000000,benign,,
1762525299.8779373,0x1b4,8,0000000000000000,benign,,
1762525299.8778136,0x1a0,8,2e20000000000017,benign,,
1762525299.8837733,0x1a0,8,882000000000000c,benign,,
1762525299.8872602,0x1a0,8,35200000000000f2,benign,,
1762525299.8972113,0x1a0,8,8520000000000080,benign,,
1762525299.9023826,0x1a0,8,6220000000000031,benign,,
1762525299.9106672,0x1a0,8,1c001ef12030027d,benign,,
1762525299.9128008,0x1a0,8,8020000000000028,benign,,
1762525299.9970465,0xc4,8,0c04070707000025,benign,,
1762525300.0006182,0xba,8,033264324102000e,benign,,
1762525300.0018778,0x1a0,8,8b20000000000043,benign,,
1762525300.002424,0xce,8,c501c501c501c501,benign,,
1762525300.0037887,0x24b,8,0008000000000000,benign,,
1762525300.0052044,0x1a0,8,9f200000000000fa,benign,,
1762525300.008531,0x1a0,8,a7200000000000df,benign,,
1762525300.0131752,0x1a0,8,122000000000007d,benign,,
1762525300.0156143,0x2f6,8,0800000000000000,benign,,
1762525300.0180445,0x1b4,8,0000000000000000,benign,,
1762525300.0192993,0x1a0,8,5520000000000075,benign,,
1762525300.0243323,0x1a0,8,3420000000000050,benign,,
1762525300.0279884,0x1a0,8,6f20000000000065,benign,,
1762525300.0401604,0x1a0,8,c720000000000036,benign,,
1762525300.0454197,0x1a0,8,7e20000000000001,benign,,
1762525300.0510335,0x1a0,8,1c001ef12030027d,benign,,
1762525300.1203465,0x1a0,8,9a2000000000000e,benign,,
1762525300.150729,0xc4,8,160c0d0c0d000048,benign,,
1762525300.1550674,0xba,8,033264324102000e,benign,,
1762525300.1570187,0xce,8,c501c501c501c501,benign,,
1762525300.157501,0x1a0,8,a820000000000092,benign,,
1762525300.1586123,0x24b,8,0008000000000000,benign,,
1762525300.1616132,0x1a0,8,5920000000000041,benign,,
1762525300.1740766,0x2f6,8,0800000000000000,benign,,
1762525300.178457,0x1a0,8,c220000000000046,benign,,
1762525300.1809633,0x1b4,8,0000000000000000,benign,,
1762525300.1894715,0x1a0,8,81200000000000c8,benign,,
1762525300.2083495,0x1a0,8,89200000000000f0,benign,,
1762525300.226451,0x1a0,8,7d20000000000023,benign,,
1762525300.2644818,0x1a0,8,43200000000000ed,benign,,
1762525300.252042,0x1a0,8,1a1000f02030026c,benign,,
1762525300.3912544,0x1a0,8,7e200000000000c1,benign,,
1762525300.3895187,0xc4,8,0c07070707000028,benign,,
1762525300.3934574,0xba,8,033264324102000e,benign,,
1762525300.3949142,0x1a0,8,59200000000000a7,benign,,
1762525300.3952942,0xce,8,a001a001a001a001,benign,,
1762525300.3972766,0x24b,8,0008000000000000,benign,,
1762525300.3988106,0x1a0,8,90200000000000be,benign,,
1762525300.4027123,0x1a0,8,3820000000000079,benign,,
1762525300.4079597,0x2f6,8,0800000000000000,benign,,
1762525300.4106672,0x1b4,8,0000000000000000,benign,,
1762525300.4112117,0x1a0,8,10200000000000cf,benign,,
1762525300.4160454,0x1a0,8,7f200000000000ae,benign,,
1762525300.4204087,0x1a0,8,282000000000004b,benign,,
1762525300.4432776,0x1a0,8,191000f02030026b,benign,,
1762525327.5437453,0xc4,8,0201010101000006,benign,,
1762525327.549332,0xba,8,033264324102000e,benign,,
1762525327.5513089,0xce,8,9701970197019701,benign,,
1762525327.5533442,0x24b,8,0008000000000000,benign,,
1762525327.5624964,0x2f6,8,0800000000000000,benign,,
1762525327.5652418,0x1b4,8,0000000000000000,benign,,
1762525327.6020916,0x1a0,8,1b1000f02030026d,benign,,
1762525300.7484376,0xc4,8,020202020200000a,benign,,
1762525300.754453,0xba,8,033264324102000e,benign,,
1762525300.7566385,0xce,8,a901a901a901a901,benign,,
1762525300.758414,0x24b,8,0008000000000000,benign,,
1762525300.7669494,0x2f6,8,0800000000000000,benign,,
1762525300.7700758,0x1b4,8,0000000000000000,benign,,
1762525300.8159528,0x1a0,8,1d001ef12030027e,benign,,
1762525300.9201183,0xc4,8,0503030303000011,benign,,
1762525300.922859,0xba,8,033264324102000e,benign,,
1762525300.9245305,0xce,8,c901c901c901c901,benign,,
1762525300.926162,0x24b,8,0008000000000000,benign,,
1762525300.9385853,0x2f6,8,0800000000000000,benign,,
1762525300.941521,0x1b4,8,0000000000000000,benign,,
1762525300.9695795,0x1a0,8,1c001ef12030027d,benign,,
1762525301.0635011,0xc4,8,fcfefdfdfd0000f1,benign,,
1762525301.0661082,0xba,8,033264324102000e,benign,,
1762525301.0681713,0xce,8,be01be01be01be01,benign,,
1762525301.069902,0x24b,8,0008000000000000,benign,,
1762525301.0823443,0x2f6,8,0800000000000000,benign,,
1762525301.0850713,0x1b4,8,0000000000000000,benign,,
1762525301.1143327,0x1a0,8,1a1000f02030026c,benign,,
1762525301.2233496,0xc4,8,040203020300000e,benign,,
1762525301.2255082,0xba,8,033264324102000e,benign,,
1762525301.226951,0xce,8,a001a001a001a001,benign,,
1762525301.2293122,0x24b,8,0008000000000000,benign,,
1762525301.2392929,0x2f6,8,0800000000000000,benign,,
1762525301.2431757,0x1b4,8,0000000000000000,benign,,
1762525301.2764995,0x1a0,8,191000f02030026b,benign,,
1762525301.3863692,0xc4,8,ffffffffff0000fb,benign,,
1762525301.389829,0xba,8,033264324102000e,benign,,
1762525301.3920283,0xce,8,9101910191019101,benign,,
1762525301.3947363,0x24b,8,0008000000000000,benign,,
1762525301.4044094,0x2f6,8,0800000000000000,benign,,
1762525301.406826,0x1b4,8,0000000000000000,benign,,
1762525301.4365704,0x1a0,8,1a1000f02030026c,benign,,
1762525301.5439892,0xc4,8,0503030303000011,benign,,
1762525301.5461721,0xba,8,033264324102000e,benign,,
1762525301.5474498,0xce,8,a101a101a101a101,benign,,
1762525301.5489695,0x24b,8,0008000000000000,benign,,
1762525301.5597155,0x2f6,8,0800000000000000,benign,,
1762525301.5634394,0x1b4,8,0000000000000000,benign,,
1762525301.5913963,0x1a0,8,1c001ef12030027d,benign,,
1762525301.6866553,0xc4,8,fcfefefefe0000f4,benign,,
1762525301.68929,0xba,8,033264324102000e,benign,,
1762525301.69078,0xce,8,c101c101c101c101,benign,,
1762525301.6921594,0x24b,8,0008000000000000,benign,,
1762525301.7038617,0x2f6,8,0800000000000000,benign,,
1762525301.7084494,0x1b4,8,0000000000000000,benign,,
1762525301.7355237,0x1a0,8,1c001ef12030027d,benign,,
1762525301.8371758,0xc4,8,030202020200000b,benign,,
1762525301.8409224,0xba,8,033264324102000e,benign,,
1762525301.8423092,0xce,8,c001c001c001c001,benign,,
1762525301.8442006,0x24b,8,0008000000000000,benign,,
1762525301.8533576,0x2f6,8,0800000000000000,benign,,
1762525301.8571262,0x1b4,8,0000000000000000,benign,,
1762525301.8853338,0x1a0,8,1a0000f02030025c,benign,,
1762525301.9896204,0xc4,8,0201020102000008,benign,,
1762525301.9932127,0xba,8,033264324102000e,benign,,
1762525301.9947731,0xce,8,a601a601a601a601,benign,,
1762525301.996228,0x24b,8,0008000000000000,benign,,
1762525302.005811,0x2f6,8,0800000000000000,benign,,
1762525302.007725,0x1b4,8,0000000000000000,benign,,
1762525302.0340755,0x1a0,8,191000f02030026b,benign,,
1762525302.116332,0xc4,8,fbfdfdfdfd0000ef,benign,,
1762525302.1198742,0xba,8,033264324102000e,benign,,
1762525302.1214108,0xce,8,9601960196019601,benign,,
1762525302.1229098,0x24b,8,0008000000000000,benign,,
1762525302.132852,0x2f6,8,0800000000000000,benign,,
1762525302.1353571,0x1b4,8,0000000000000000,benign,,
1762525302.1638107,0x1a0,8,1a1000f02030026c,benign,,
1762525302.2634706,0xc4,8,0503030303000011,benign,,
1762525302.2659283,0xba,8,033264324102000e,benign,,
1762525302.2676003,0xce,8,9c019c019c019c01,benign,,
1762525302.2694213,0x24b,8,0008000000000000,benign,,
1762525302.2792876,0x2f6,8,0800000000000000,benign,,
1762525302.2816274,0x1b4,8,0000000000000000,benign,,
1762525302.310036,0x1a0,8,1b001ef12030027c,benign,,
1762525302.4177847,0xc4,8,fcfefefefe0000f4,benign,,
1762525302.424459,0xba,8,033264324102000e,benign,,
1762525302.432385,0xce,8,b301b301b301b301,benign,,
1762525302.4386573,0x24b,8,0008000000000000,benign,,
1762525302.4617002,0x2f6,8,0800000000000000,benign,,
1762525302.4795067,0x1b4,8,0000000000000000,benign,,
1762525302.5611172,0x1a0,8,1a001ef12030027b,benign,,
1762525302.6455975,0xc4,8,0604040404000016,benign,,
1762525302.6480513,0xba,8,033264324102000e,benign,,
1762525302.649617,0xce,8,a201a201a201a201,benign,,
1762525302.6524403,0x24b,8,0008000000000000,benign,,
1762525302.6621237,0x2f6,8,0800000000000000,benign,,
1762525302.6658077,0x1b4,8,0000000000000000,benign,,
1762525302.6957557,0x1a0,8,181000f02030026a,benign,,
1762525302.8031802,0xc4,8,fcfefefefe0000f4,benign,,
1762525302.809507,0xba,8,033264324100000c,benign,,
1762525302.8116457,0xce,8,8401840184018401,benign,,
1762525302.8147457,0x24b,8,0008000000000000,benign,,
1762525302.8236406,0x2f6,8,0800000000000000,benign,,
1762525302.8277924,0x1b4,8,0000000000000000,benign,,
1762525302.85937,0x1a0,8,151000f020300267,benign,,
1762525302.9510362,0xc4,8,0101010101000005,benign,,
1762525302.953998,0xba,8,033264324101000d,benign,,
1762525302.9556694,0xce,8,5501550155015501,benign,,
1762525302.9573066,0x24b,8,0008000000000000,benign,,
1762525302.9687548,0x2f6,8,0800000000000000,benign,,
1762525302.9741151,0x1b4,8,0000000000000000,benign,,
1762525303.0120635,0x1a0,8,141000f020300266,benign,,
1762525303.1219363,0xc4,8,0000000000000000,benign,,
1762525303.1240852,0xba,8,033264324101000d,benign,,
1762525303.1254978,0xce,8,4301430143014301,benign,,
1762525303.127163,0x24b,8,0008000000000000,benign,,
1762525303.137836,0x2f6,8,0800000000000000,benign,,
1762525303.1399367,0x1b4,8,0000000000000000,benign,,
1762525303.1677914,0x1a0,8,150032f12030028a,benign,,
1762525303.2751508,0xc4,8,0000000000000000,benign,,
1762525303.2787209,0xba,8,033264324101000d,benign,,
1762525303.2804196,0xce,8,4e014e014e014e01,benign,,
1762525303.2819452,0x24b,8,0008000000000000,benign,,
1762525303.292449,0x2f6,8,0800000000000000,benign,,
1762525303.296559,0x1b4,8,0000000000000000,benign,,
1762525303.324032,0x1a0,8,150032f12030028a,benign,,
1762525303.4266317,0xc4,8,0000000000000000,benign,,
1762525303.430276,0xba,8,033264324101000d,benign,,
1762525303.4320698,0xce,8,4901490149014901,benign,,
1762525303.433857,0x24b,8,0008000000000000,benign,,
1762525303.443129,0x2f6,8,0800000000000000,benign,,
1762525303.4459765,0x1b4,8,0000000000000000,benign,,
1762525303.476035,0x1a0,8,130032f120300288,benign,,
1762525303.587438,0xc4,8,0000000000000000,benign,,
1762525303.5900202,0xba,8,033264324101000d,benign,,
1762525303.5917819,0xce,8,2901290129012901,benign,,
1762525303.5941672,0x24b,8,0008000000000000,benign,,
1762525303.6057415,0x2f6,8,0800000000000000,benign,,
1762525303.6098242,0x1b4,8,0000000000000000,benign,,
1762525303.6584923,0x1a0,8,0a0032f12030027f,benign,,
1762525303.749786,0xc4,8,0000000000000000,benign,,
1762525303.75244,0xba,8,033264324101000d,benign,,
1762525303.7538948,0xce,8,9d009d009d009d00,benign,,
1762525303.7568502,0x24b,8,0008000000000000,benign,,
1762525303.7656472,0x2f6,8,0800000000000000,benign,,
1762525303.7694545,0x1b4,8,0000000000000000,benign,,
1762525303.7976692,0x1a0,8,010032f120300276,benign,,
1762525303.9078221,0xc4,8,0000000000000000,benign,,
1762525303.9103198,0xba,8,033264324101000d,benign,,
1762525303.9116805,0xce,8,1100110011001100,benign,,
1762525303.9131403,0x24b,8,0008000000000000,benign,,
1762525303.9239695,0x2f6,8,0800000000000000,benign,,
1762525303.9265192,0x1b4,8,0000000000000000,benign,,
1762525303.95335,0x1a0,8,000032f120300275,benign,,
1762525304.0361392,0xc4,8,0000000000000000,benign,,
1762525304.039719,0xba,8,033264324101000d,benign,,
1762525304.0411491,0xce,8,0000000000000000,benign,,
1762525304.0424943,0x24b,8,0008000000000000,benign,,
1762525304.0529094,0x2f6,8,0800000000000000,benign,,
1762525304.0561838,0x1b4,8,0000000000000000,benign,,
1762525304.09069,0x1a0,8,000032f120300275,benign,,
1762525304.1891878,0xc4,8,0000000000000000,benign,,
1762525304.1930423,0xba,8,033264324101000d,benign,,
1762525304.1945186,0xce,8,0000000000000000,benign,,
1762525304.196934,0x24b,8,0008000000000000,benign,,
1762525304.2067022,0x2f6,8,0800000000000000,benign,,
1762525304.2095618,0x1b4,8,0000000000000000,benign,,
1762525304.2376137,0x1a0,8,000032f120300275,benign,,
1762525304.3329878,0xc4,8,0000000000000000,benign,,
1762525304.3351767,0xba,8,033264324101000d,benign,,
1762525304.3366258,0xce,8,0000000000000000,benign,,
1762525304.3379507,0x24b,8,0008000000000000,benign,,
1762525304.3480918,0x2f6,8,0800000000000000,benign,,
1762525304.350643,0x1b4,8,0000000000000000,benign,,
1762525304.377992,0x1a0,8,000032f120300275,benign,,
1762525304.4840035,0xc4,8,0000000000000000,benign,,
1762525304.4858124,0xba,8,033264324101000d,benign,,
1762525304.4876125,0xce,8,0000000000000000,benign,,
1762525304.4899123,0x24b,8,0008000000000000,benign,,
1762525304.5012732,0x2f6,8,0800000000000000,benign,,
1762525304.5075958,0x1b4,8,0000000000000000,benign,,
1762525304.5457642,0x1a0,8,2010000000000029,attack,fuzz,A1762525304_2141
1762525304.5556054,0x1a0,8,000032f120300275,benign,,
1762525304.651749,0x1a0,8,691000000000004b,attack,fuzz,A1762525304_2141
1762525304.6732688,0xc4,8,0000000000000000,benign,,
1762525304.6763034,0xba,8,033264324101000d,benign,,
1762525304.6791005,0xce,8,0000000000000000,benign,,
1762525304.6787546,0x1a0,8,ae1000000000006c,attack,fuzz,A1762525304_2141
1762525304.6812239,0x24b,8,0008000000000000,benign,,
1762525304.6852849,0x1a0,8,62100000000000a6,attack,fuzz,A1762525304_2141
1762525304.6944716,0x2f6,8,0800000000000000,benign,,
1762525304.6977627,0x1a0,8,ad100000000000de,attack,fuzz,A1762525304_2141
1762525304.6994927,0x1b4,8,0000000000000000,benign,,
1762525304.702308,0x1a0,8,6310000000000070,attack,fuzz,A1762525304_2141
1762525304.7267497,0x1a0,8,9910000000000066,attack,fuzz,A1762525304_2141
1762525304.7429616,0x1a0,8,86100000000000a8,attack,fuzz,A1762525304_2141
1762525304.7541397,0x1a0,8,000032f120300275,benign,,
1762525304.7750325,0x1a0,8,6e100000000000d7,attack,fuzz,A1762525304_2141
1762525304.8711014,0xc4,8,0000000000000000,benign,,
1762525304.8798213,0x1a0,8,9810000000000081,attack,fuzz,A1762525304_2141
1762525304.8795257,0xba,8,033264324101000d,benign,,
1762525304.9112937,0xce,8,0000000000000000,benign,,
1762525304.9265249,0x24b,8,0008000000000000,benign,,
1762525304.9314911,0x1a0,8,2d10000000000070,attack,fuzz,A1762525304_2141
1762525304.9446774,0x2f6,8,0800000000000000,benign,,
1762525304.9537494,0x1b4,8,0000000000000000,benign,,
1762525304.9580858,0x1a0,8,711000000000005e,attack,fuzz,A1762525304_2141
1762525304.9742448,0x1a0,8,9310000000000062,attack,fuzz,A1762525304_2141
1762525305.0217414,0x1a0,8,0710000000000008,attack,fuzz,A1762525304_2141
1762525305.0301685,0x1a0,8,000032f120300275,benign,,
1762525305.0315516,0x1a0,8,94100000000000fb,attack,fuzz,A1762525304_2141
1762525305.1501846,0xc4,8,0000000000000000,benign,,
1762525305.1573658,0xba,8,033264324101000d,benign,,
1762525305.1587586,0x1a0,8,47100000000000fc,attack,fuzz,A1762525304_2141
1762525305.1597073,0xce,8,0000000000000000,benign,,
1762525305.162688,0x24b,8,0008000000000000,benign,,
1762525305.173624,0x1a0,8,a610000000000063,attack,fuzz,A1762525304_2141
1762525305.1778176,0x1a0,8,5c100000000000d4,attack,fuzz,A1762525304_2141
1762525305.1860495,0x1a0,8,4a10000000000010,attack,fuzz,A1762525304_2141
1762525305.1867173,0x2f6,8,0800000000000000,benign,,
1762525305.191358,0x1b4,8,0000000000000000,benign,,
1762525305.204875,0x1a0,8,b810000000000006,attack,fuzz,A1762525304_2141
1762525305.2300854,0x1a0,8,85100000000000f7,attack,fuzz,A1762525304_2141
1762525305.2431998,0x1a0,8,271000000000005c,attack,fuzz,A1762525304_2141
1762525305.265514,0x1a0,8,a710000000000027,attack,fuzz,A1762525304_2141
1762525305.2652802,0x1a0,8,000032f120300275,benign,,
1762525305.392456,0xc4,8,0000000000000000,benign,,
1762525305.3928857,0x1a0,8,0b100000000000ea,attack,fuzz,A1762525304_2141
1762525305.3951192,0xba,8,033264324101000d,benign,,
1762525305.3972874,0xce,8,0000000000000000,benign,,
1762525305.4010563,0x1a0,8,4110000000000028,attack,fuzz,A1762525304_2141
1762525305.4013796,0x24b,8,0008000000000000,benign,,
1762525305.4124126,0x2f6,8,0800000000000000,benign,,
1762525305.413857,0x1b4,8,0000000000000000,benign,,
1762525305.4142597,0x1a0,8,b210000000000087,attack,fuzz,A1762525304_2141
1762525305.443152,0x1a0,8,89100000000000bc,attack,fuzz,A1762525304_2141
1762525305.4677622,0x1a0,8,000032f120300275,benign,,
1762525305.459965,0x1a0,8,3a10000000000023,attack,fuzz,A1762525304_2141
1762525332.5664146,0xc4,8,0000000000000000,benign,,
1762525332.5681493,0x1a0,8,b9100000000000b1,benign,,
1762525332.5709066,0xba,8,033264324101000d,benign,,
1762525332.5725644,0xce,8,0000000000000000,benign,,
1762525332.5753171,0x1a0,8,381000000000002d,benign,,
1762525332.5751145,0x24b,8,0008000000000000,benign,,
1762525332.578149,0x1a0,8,1510000000000049,benign,,
1762525332.5840642,0x2f6,8,0800000000000000,benign,,
1762525332.5860214,0x1a0,8,ba100000000000cd,benign,,
1762525332.587019,0x1b4,8,0000000000000000,benign,,
1762525332.5948284,0x1a0,8,191000000000008f,benign,,
1762525332.6053026,0x1a0,8,5f1000000000007e,benign,,
1762525332.6189086,0x1a0,8,000032f120300275,benign,,
1762525332.6244047,0x1a0,8,101000000000000a,benign,,
1762525305.7610683,0xc4,8,0000000000000000,benign,,
1762525305.7673025,0xba,8,033264324101000d,benign,,
1762525305.7684708,0x1a0,8,4c100000000000ce,benign,,
1762525305.7699635,0xce,8,0000000000000000,benign,,
1762525305.7714434,0x24b,8,0008000000000000,benign,,
1762525305.772641,0x1a0,8,6f100000000000d9,benign,,
1762525305.776258,0x1a0,8,90100000000000fb,benign,,
1762525305.7823186,0x2f6,8,0800000000000000,benign,,
1762525305.7842343,0x1b4,8,0000000000000000,benign,,
1762525305.7850811,0x1a0,8,9f100000000000b5,benign,,
1762525305.789612,0x1a0,8,a61000000000008c,benign,,
1762525305.805699,0x1a0,8,08100000000000ab,benign,,
1762525305.819962,0x1a0,8,bf10000000000053,benign,,
1762525305.8241856,0x1a0,8,000032f120300275,benign,,
1762525305.902447,0x1a0,8,8c10000000000042,benign,,
1762525305.9190688,0xc4,8,0000000000000000,benign,,
1762525305.9219847,0xba,8,033264324101000d,benign,,
1762525305.9253416,0x1a0,8,921000000000007e,benign,,
1762525305.92418,0xce,8,0000000000000000,benign,,
1762525305.9296603,0x24b,8,0008000000000000,benign,,
1762525305.9393704,0x2f6,8,0800000000000000,benign,,
1762525305.9441462,0x1a0,8,01100000000000e8,benign,,
1762525305.945087,0x1b4,8,0000000000000000,benign,,
1762525305.948038,0x1a0,8,651000000000003a,benign,,
1762525305.9548166,0x1a0,8,891000000000003f,benign,,
1762525305.9691215,0x1a0,8,7b1000000000006a,benign,,
1762525305.9776187,0x1a0,8,000032f120300275,benign,,
1762525306.0323665,0x1a0,8,451000000000006f,benign,,
1762525306.0656984,0xc4,8,0000000000000000,benign,,
1762525306.0695968,0xba,8,033264324101000d,benign,,
1762525306.0708432,0x1a0,8,a3100000000000e1,benign,,
1762525306.0713193,0xce,8,0000000000000000,benign,,
1762525306.0733714,0x24b,8,0008000000000000,benign,,
1762525306.0748773,0x1a0,8,bb1000000000004b,benign,,
1762525306.078527,0x1a0,8,871000000000004f,benign,,
1762525306.0828807,0x2f6,8,0800000000000000,benign,,
1762525306.0870605,0x1b4,8,0000000000000000,benign,,
1762525306.0890481,0x1a0,8,871000000000002c,benign,,
1762525306.09381,0x1a0,8,9b10000000000029,benign,,
1762525306.0970297,0x1a0,8,8c10000000000002,benign,,
1762525306.1088672,0x1a0,8,8210000000000024,benign,,
1762525306.1180234,0x1a0,8,000032f120300275,benign,,
1762525306.1234467,0x1a0,8,9a100000000000b1,benign,,
1762525306.213493,0xc4,8,0000000000000000,benign,,
1762525306.2178953,0xba,8,033264324101000d,benign,,
1762525306.2185457,0x1a0,8,88100000000000f9,benign,,
1762525306.2194402,0xce,8,0000000000000000,benign,,
1762525306.2208169,0x24b,8,0008000000000000,benign,,
1762525306.2218378,0x1a0,8,5c1000000000002d,benign,,
1762525306.2259746,0x1a0,8,98100000000000e8,benign,,
1762525306.2295806,0x2f6,8,0800000000000000,benign,,
1762525306.2322786,0x1b4,8,0000000000000000,benign,,
1762525306.23275,0x1a0,8,11100000000000bd,benign,,
1762525306.2372727,0x1a0,8,4c10000000000025,benign,,
1762525306.2408082,0x1a0,8,5410000000000005,benign,,
1762525306.2507656,0x1a0,8,9b10000000000065,benign,,
1762525306.260279,0x1a0,8,000032f120300275,benign,,
1762525306.2634172,0x1a0,8,82100000000000b0,benign,,
1762525306.3436654,0xc4,8,0000000000000000,benign,,
1762525306.348475,0xba,8,033264324101000d,benign,,
1762525306.3491266,0x1a0,8,b11000000000004a,benign,,
1762525306.350385,0xce,8,0000000000000000,benign,,
1762525306.3518333,0x24b,8,0008000000000000,benign,,
1762525306.3529248,0x1a0,8,7e1000000000009f,benign,,
1762525306.3607442,0x1a0,8,3d10000000000043,benign,,
1762525306.3597791,0x2f6,8,0800000000000000,benign,,
1762525306.3640854,0x1b4,8,0000000000000000,benign,,
1762525306.36617,0x1a0,8,0510000000000000,benign,,
1762525306.3713615,0x1a0,8,22100000000000dd,benign,,
1762525306.3827763,0x1a0,8,9e1000000000004e,benign,,
1762525306.389625,0x1a0,8,a410000000000033,benign,,
1762525306.3941095,0x1a0,8,000032f120300275,benign,,
1762525306.4839745,0xc4,8,0000000000000000,benign,,
1762525306.4854805,0x1a0,8,6010000000000082,benign,,
1762525306.4862573,0xba,8,033264324101000d,benign,,
1762525306.4876602,0xce,8,0000000000000000,benign,,
1762525306.488437,0x1a0,8,5c1000000000003c,benign,,
1762525306.4895818,0x24b,8,0008000000000000,benign,,
1762525306.4939604,0x1a0,8,9510000000000094,benign,,
1762525306.5027313,0x2f6,8,0800000000000000,benign,,
1762525306.505808,0x1b4,8,0000000000000000,benign,,
1762525306.506995,0x1a0,8,6e100000000000b7,benign,,
1762525306.511693,0x1a0,8,111000000000002f,benign,,
1762525306.5289748,0x1a0,8,9f100000000000ab,benign,,
1762525306.5331826,0x1a0,8,a0100000000000dd,benign,,
1762525306.5402215,0x1a0,8,ab10000000000058,benign,,
1762525306.544943,0x1a0,8,73100000000000e0,benign,,
1762525306.550739,0x1a0,8,000032f120300275,benign,,
1762525306.5531824,0x1a0,8,80100000000000f9,benign,,
1762525306.6405065,0xc4,8,0000000000000000,benign,,
1762525306.6428275,0x1a0,8,a9100000000000d2,benign,,
1762525306.6429546,0xba,8,033264324101000d,benign,,
1762525306.6443791,0xce,8,0000000000000000,benign,,
1762525306.646712,0x1a0,8,92100000000000d4,benign,,
1762525306.6462872,0x24b,8,0008000000000000,benign,,
1762525306.6498523,0x1a0,8,c5100000000000f0,benign,,
1762525306.6536646,0x1a0,8,af10000000000067,benign,,
1762525306.6582417,0x2f6,8,0800000000000000,benign,,
1762525306.6600215,0x1b4,8,0000000000000000,benign,,
1762525306.659827,0x1a0,8,02100000000000e9,benign,,
1762525306.6635096,0x1a0,8,4e100000000000b8,benign,,
1762525306.6675227,0x1a0,8,39100000000000b0,benign,,
1762525306.6707397,0x1a0,8,9b100000000000f3,benign,,
1762525306.6754153,0x1a0,8,3610000000000098,benign,,
1762525306.6801887,0x1a0,8,171000000000004b,benign,,
1762525306.6860583,0x1a0,8,601000000000000e,benign,,
1762525306.6909425,0x1a0,8,000032f120300275,benign,,
1762525306.7869174,0xc4,8,0000000000000000,benign,,
1762525306.7871761,0x1a0,8,4110000000000019,benign,,
1762525306.7908115,0xba,8,033264324101000d,benign,,
1762525306.7952025,0xce,8,0000000000000000,benign,,
1762525306.7967818,0x1a0,8,92100000000000bc,benign,,
1762525306.797711,0x24b,8,0008000000000000,benign,,
1762525306.8016214,0x1a0,8,93100000000000d6,benign,,
1762525306.8051744,0x1a0,8,1c1000000000009b,benign,,
1762525306.8097565,0x2f6,8,0800000000000000,benign,,
1762525306.8134022,0x1b4,8,0000000000000000,benign,,
1762525306.813913,0x1a0,8,5a1000000000003b,benign,,
1762525306.8168697,0x1a0,8,241000000000005b,benign,,
1762525306.8202581,0x1a0,8,a010000000000048,benign,,
1762525306.8233683,0x1a0,8,7610000000000044,benign,,
1762525306.8262813,0x1a0,8,79100000000000ac,benign,,
1762525306.829463,0x1a0,8,0d10000000000069,benign,,
1762525306.8346734,0x1a0,8,8a100000000000c2,benign,,
1762525306.8409474,0x1a0,8,000032f120300275,benign,,
1762525306.8959966,0x1a0,8,7010000000000052,benign,,
1762525306.9480174,0xc4,8,0000000000000000,benign,,
1762525306.9533098,0xba,8,033264324101000d,benign,,
1762525306.954272,0x1a0,8,2910000000000002,benign,,
1762525306.9551983,0xce,8,0000000000000000,benign,,
1762525306.957544,0x24b,8,0008000000000000,benign,,
1762525306.9594312,0x1a0,8,c31000000000000b,benign,,
1762525306.9679234,0x2f6,8,0800000000000000,benign,,
1762525306.9700842,0x1a0,8,bd100000000000f3,benign,,
1762525306.9731278,0x1b4,8,0000000000000000,benign,,
1762525306.9766586,0x1a0,8,9810000000000014,benign,,
1762525306.9842021,0x1a0,8,a81000000000001b,benign,,
1762525306.9990904,0x1a0,8,791000000000003a,benign,,
1762525307.0100038,0x1a0,8,000032f120300275,benign,,
1762525307.0118566,0x1a0,8,ad10000000000013,benign,,
1762525307.1037996,0xc4,8,0000000000000000,benign,,
1762525307.1052115,0x1a0,8,8210000000000090,benign,,
1762525307.1056893,0xba,8,033264324101000d,benign,,
1762525307.1069634,0xce,8,0000000000000000,benign,,
1762525307.108076,0x1a0,8,73100000000000ae,benign,,
1762525307.1084576,0x24b,8,0008000000000000,benign,,
1762525307.1129742,0x1a0,8,a71000000000007c,benign,,
1762525307.1170487,0x1a0,8,7a100000000000ca,benign,,
1762525307.1211324,0x2f6,8,0800000000000000,benign,,
1762525307.1251457,0x1b4,8,0000000000000000,benign,,
1762525307.1275704,0x1a0,8,24100000000000af,benign,,
1762525307.132486,0x1a0,8,bb100000000000a6,benign,,
1762525307.1368668,0x1a0,8,9e10000000000022,benign,,
1762525307.14811,0x1a0,8,901000000000001d,benign,,
1762525307.155766,0x1a0,8,000032f120300275,benign,,
1762525307.166182,0x1a0,8,0c100000000000e3,benign,,
1762525307.2500255,0xc4,8,0000000000000000,benign,,
1762525307.2537239,0xba,8,033264324101000d,benign,,
1762525307.2544117,0x1a0,8,6510000000000097,benign,,
1762525307.2551706,0xce,8,0000000000000000,benign,,
1762525307.2577844,0x24b,8,0008000000000000,benign,,
1762525307.2589335,0x1a0,8,8a100000000000ea,benign,,
1762525307.262337,0x1a0,8,a41000000000001f,benign,,
1762525307.269448,0x2f6,8,0800000000000000,benign,,
1762525307.2696495,0x1a0,8,2210000000000099,benign,,
1762525307.2725391,0x1b4,8,0000000000000000,benign,,
1762525307.2749145,0x1a0,8,7c10000000000062,benign,,
1762525307.2807214,0x1a0,8,6a10000000000075,benign,,
1762525307.3000917,0x1a0,8,86100000000000e2,benign,,
1762525307.3153138,0x1a0,8,000032f120300275,benign,,
1762525307.3193111,0x1a0,8,70100000000000c9,benign,,
1762525307.4475853,0xc4,8,0000000000000000,benign,,
1762525307.4529731,0xba,8,033264324101000d,benign,,
1762525307.4547215,0x1a0,8,4f100000000000ab,benign,,
1762525307.4570572,0xce,8,0000000000000000,benign,,
1762525307.4609866,0x24b,8,0008000000000000,benign,,
1762525307.4626815,0x1a0,8,98100000000000a6,benign,,
1762525307.4687023,0x2f6,8,0800000000000000,benign,,
1762525307.4748964,0x1b4,8,0000000000000000,benign,,
1762525307.476264,0x1a0,8,7b100000000000f0,benign,,
1762525307.483143,0x1a0,8,c61000000000008b,benign,,
1762525307.5107887,0x1a0,8,3c100000000000ac,benign,,
1762525307.5158825,0x1a0,8,4f1000000000004b,benign,,
1762525307.534621,0x1a0,8,000032f120300275,benign,,
1762525307.5344682,0x1a0,8,ac1000000000003f,benign,,
1762525307.640334,0xc4,8,0000000000000000,benign,,
1762525307.6443954,0x1a0,8,651000000000002d,benign,,
1762525307.6453571,0xba,8,033264324101000d,benign,,
1762525307.6504335,0xce,8,0000000000000000,benign,,
1762525307.6531749,0x24b,8,0008000000000000,benign,,
1762525307.6532943,0x1a0,8,45100000000000bb,benign,,
1762525307.664472,0x1a0,8,3d10000000000060,benign,,
1762525307.6670175,0x2f6,8,0800000000000000,benign,,
1762525307.670359,0x1b4,8,0000000000000000,benign,,
1762525307.6711423,0x1a0,8,89100000000000b9,benign,,
1762525307.6818109,0x1a0,8,471000000000003b,benign,,
1762525307.6985345,0x1a0,8,4d10000000000066,benign,,
1762525307.7100797,0x1a0,8,6610000000000097,benign,,
1762525307.7204757,0x1a0,8,84100000000000f6,benign,,
1762525307.7357955,0x1a0,8,000032f120300275,benign,,
1762525307.7816827,0x1a0,8,b4100000000000df,benign,,
1762525307.8301792,0xc4,8,0000000000000000,benign,,
1762525307.8326182,0xba,8,033264324101000d,benign,,
1762525307.835222,0x1a0,8,39100000000000cc,benign,,
1762525307.8350003,0xce,8,0000000000000000,benign,,
1762525307.8379152,0x24b,8,0008000000000000,benign,,
1762525307.839521,0x1a0,8,4010000000000018,benign,,
1762525307.8433604,0x1a0,8,721000000000006a,benign,,
1762525307.847339,0x2f6,8,0800000000000000,benign,,
1762525307.851184,0x1b4,8,0000000000000000,benign,,
1762525307.884142,0x1a0,8,000032f120300275,benign,,
1762525307.9831986,0xc4,8,0000000000000000,benign,,
1762525307.986927,0xba,8,033264324101000d,benign,,
1762525307.9899628,0xce,8,0000000000000000,benign,,
1762525307.9917405,0x24b,8,0008000000000000,benign,,
1762525307.999543,0x2f6,8,0800000000000000,benign,,
1762525308.0055006,0x1b4,8,0000000000000000,benign,,
1762525308.0560546,0x1a0,8,000032f120300275,benign,,
1762525308.154473,0xc4,8,0000000000000000,benign,,
1762525308.159684,0xba,8,033264324101000d,benign,,
1762525308.1623466,0xce,8,0000000000000000,benign,,
1762525308.1642225,0x24b,8,0008000000000000,benign,,
1762525308.1721811,0x2f6,8,0800000000000000,benign,,
1762525308.175131,0x1b4,8,0000000000000000,benign,,
1762525308.2017536,0x1a0,8,000032f120300275,benign,,
1762525308.2828302,0xc4,8,0000000000000000,benign,,
1762525308.2859526,0xba,8,033264324101000d,benign,,
1762525308.2874422,0xce,8,0000000000000000,benign,,
1762525308.2889605,0x24b,8,0008000000000000,benign,,
1762525308.297681,0x2f6,8,0800000000000000,benign,,
1762525308.3004653,0x1b4,8,0000000000000000,benign,,
1762525308.3259673,0x1a0,8,000032f120300275,benign,,
1762525308.4082072,0xc4,8,0000000000000000,benign,,
1762525308.4116905,0xba,8,033264324101000d,benign,,
1762525308.4134521,0xce,8,0000000000000000,benign,,
1762525308.4148693,0x24b,8,0008000000000000,benign,,
1762525308.422245,0x2f6,8,0800000000000000,benign,,
1762525308.4249153,0x1b4,8,0000000000000000,benign,,
1762525308.4511888,0x1a0,8,000032f120300275,benign,,
1762525308.5390282,0xc4,8,0000000000000000,benign,,
1762525308.542269,0xba,8,033264324101000d,benign,,
1762525308.5441234,0xce,8,0000000000000000,benign,,
1762525308.5461922,0x24b,8,0008000000000000,benign,,
1762525308.5569115,0x2f6,8,0800000000000000,benign,,
1762525308.562709,0x1b4,8,0000000000000000,benign,,
1762525308.594014,0x1a0,8,000032f120300275,benign,,
1762525308.6906211,0xc4,8,0000000000000000,benign,,
1762525308.6967294,0xba,8,033264324101000d,benign,,
1762525308.7008352,0xce,8,0000000000000000,benign,,
1762525308.7033224,0x24b,8,0008000000000000,benign,,
1762525308.7102096,0x2f6,8,0800000000000000,benign,,
1762525308.7151928,0x1b4,8,0000000000000000,benign,,
1762525308.744484,0x1a0,8,000032f120300275,benign,,
1762525308.8502545,0xc4,8,0000000000000000,benign,,
1762525308.852895,0xba,8,033264324101000d,benign,,
1762525308.8543534,0xce,8,0000000000000000,benign,,
1762525308.8562584,0x24b,8,0008000000000000,benign,,
1762525308.8677933,0x2f6,8,0800000000000000,benign,,
1762525308.87022,0x1b4,8,0000000000000000,benign,,
1762525308.8992314,0x1a0,8,000032f120300275,benign,,
1762525309.0005128,0xc4,8,0000000000000000,benign,,
1762525309.0031836,0xba,8,033264324101000d,benign,,
1762525309.004662,0xce,8,0000000000000000,benign,,
1762525309.006203,0x24b,8,0008000000000000,benign,,
1762525309.0164018,0x2f6,8,0800000000000000,benign,,
1762525309.0195663,0x1b4,8,0000000000000000,benign,,
1762525309.0491123,0x1a0,8,000032f120300275,benign,,
1762525309.1619952,0xc4,8,0000000000000000,benign,,
1762525309.1654494,0xba,8,033264324101000d,benign,,
1762525309.1671522,0xce,8,0000000000000000,benign,,
1762525309.1692657,0x24b,8,0008000000000000,benign,,
1762525309.17872,0x2f6,8,0800000000000000,benign,,
1762525309.181828,0x1b4,8,0000000000000000,benign,,
1762525309.2110841,0x1a0,8,000032f120300275,benign,,
1762525309.3211727,0xc4,8,0000000000000000,benign,,
1762525309.3248732,0xba,8,033264324101000d,benign,,
1762525309.326323,0xce,8,0000000000000000,benign,,
1762525309.3280141,0x24b,8,0008000000000000,benign,,
1762525309.338219,0x2f6,8,0800000000000000,benign,,
1762525309.3411236,0x1b4,8,0000000000000000,benign,,
1762525309.3752863,0x1a0,8,000032f120300275,benign,,
1762525309.4805522,0xc4,8,0000000000000000,benign,,
1762525309.4824314,0xba,8,033264324101000d,benign,,
1762525309.4838233,0xce,8,0000000000000000,benign,,
1762525309.4856615,0x24b,8,0008000000000000,benign,,
1762525309.4966958,0x2f6,8,0800000000000000,benign,,
1762525309.4988985,0x1b4,8,0000000000000000,benign,,
1762525309.5274174,0x1a0,8,000032f120300275,benign,,
1762525309.6304433,0xc4,8,0000000000000000,benign,,
1762525309.6328409,0xba,8,033264324101000d,benign,,
1762525309.6342316,0xce,8,0000000000000000,benign,,
1762525309.636276,0x24b,8,0008000000000000,benign,,
1762525309.6464186,0x2f6,8,0800000000000000,benign,,
1762525309.650615,0x1b4,8,0000000000000000,benign,,
1762525309.6842818,0x1a0,8,000032f120300275,benign,,
1762525309.8217964,0xc4,8,0000000000000000,benign,,
1762525309.826931,0xba,8,033264324101000d,benign,,
1762525309.846662,0xce,8,0000000000000000,benign,,
1762525309.855553,0x24b,8,0008000000000000,benign,,
1762525309.8648329,0x2f6,8,0800000000000000,benign,,
1762525309.8698924,0x1b4,8,0000000000000000,benign,,
1762525309.8986495,0x1a0,8,000032f120300275,benign,,
1762525310.0027668,0xc4,8,0000000000000000,benign,,
1762525310.0084217,0xba,8,033264324101000d,benign,,
1762525310.0156245,0xce,8,0000000000000000,benign,,
1762525310.0230227,0x24b,8,0008000000000000,benign,,
1762525310.0448508,0x2f6,8,0800000000000000,benign,,
1762525310.0488575,0x1b4,8,0000000000000000,benign,,
1762525310.0839975,0x1a0,8,000032f120300275,benign,,
1762525310.1878903,0xc4,8,0000000000000000,benign,,
1762525310.1921966,0xba,8,033264324101000d,benign,,
1762525310.1942012,0xce,8,0000000000000000,benign,,
1762525310.1959116,0x24b,8,0008000000000000,benign,,
1762525310.203785,0x2f6,8,0800000000000000,benign,,
1762525310.2063808,0x1b4,8,0000000000000000,benign,,
1762525310.2371764,0x1a0,8,000032f120300275,benign,,
1762525310.3354497,0xc4,8,0000000000000000,benign,,
1762525310.337946,0xba,8,033264324101000d,benign,,
1762525310.339314,0xce,8,0000000000000000,benign,,
1762525310.3413117,0x24b,8,0008000000000000,benign,,
1762525310.353483,0x2f6,8,0800000000000000,benign,,
1762525310.3559859,0x1b4,8,0000000000000000,benign,,
1762525310.3865664,0x1a0,8,000032f120300275,benign,,
1762525310.4677665,0xc4,8,0000000000000000,benign,,
1762525310.4701076,0xba,8,033264324101000d,benign,,
1762525310.471244,0xce,8,0000000000000000,benign,,
1762525310.472636,0x24b,8,0008000000000000,benign,,
1762525310.4825053,0x2f6,8,0800000000000000,benign,,
1762525310.4853127,0x1b4,8,0000000000000000,benign,,
1762525310.5112374,0x1a0,8,000032f120300275,benign,,
1762525337.5677707,0xc4,8,0000000000000000,benign,,
1762525337.5702326,0xba,8,033264324101000d,benign,,
1762525337.5719166,0xce,8,0000000000000000,benign,,
1762525337.5739095,0x24b,8,0008000000000000,benign,,
1762525337.584524,0x2f6,8,0800000000000000,benign,,
1762525337.5871804,0x1b4,8,0000000000000000,benign,,
1762525337.6136668,0x1a0,8,000032f120300275,benign,,
1762525310.7593634,0xc4,8,0000000000000000,benign,,
1762525310.771361,0xba,8,033264324101000d,benign,,
1762525310.7749295,0xce,8,0000000000000000,benign,,
1762525310.7854788,0x24b,8,0008000000000000,benign,,
1762525310.8029134,0x2f6,8,0800000000000000,benign,,
1762525310.8072155,0x1b4,8,0000000000000000,benign,,
1762525310.8652847,0x1a0,8,000032f120300275,benign,,
1762525310.997549,0xc4,8,0000000000000000,benign,,
1762525311.001403,0xba,8,033264324101000d,benign,,
1762525311.003511,0xce,8,0000000000000000,benign,,
1762525311.0060384,0x24b,8,0008000000000000,benign,,
1762525311.0141435,0x2f6,8,0800000000000000,benign,,
1762525311.0188,0x1b4,8,0000000000000000,benign,,
1762525311.0549195,0x1a0,8,000032f120300275,benign,,
1762525311.1689134,0xc4,8,0000000000000000,benign,,
1762525311.1722474,0xba,8,033264324101000d,benign,,
1762525311.1738393,0xce,8,0000000000000000,benign,,
1762525311.1758323,0x24b,8,0008000000000000,benign,,
1762525311.188417,0x2f6,8,0800000000000000,benign,,
1762525311.190413,0x1b4,8,0000000000000000,benign,,
1762525311.2363698,0x1a0,8,000032f120300275,benign,,
1762525311.3422177,0xc4,8,0000000000000000,benign,,
1762525311.3458996,0xba,8,033264324101000d,benign,,
1762525311.3479662,0xce,8,0000000000000000,benign,,
1762525311.351564,0x24b,8,0008000000000000,benign,,
1762525311.3626523,0x2f6,8,0800000000000000,benign,,
1762525311.3678403,0x1b4,8,0000000000000000,benign,,
1762525311.417856,0x1a0,8,000032f120300275,benign,,
1762525311.5218186,0xc4,8,0000000000000000,benign,,
1762525311.5242777,0xba,8,033264324101000d,benign,,
1762525311.5257924,0xce,8,0000000000000000,benign,,
1762525311.527766,0x24b,8,0008000000000000,benign,,
1762525311.5381188,0x2f6,8,0800000000000000,benign,,
1762525311.5412264,0x1b4,8,0000000000000000,benign,,
1762525311.5692217,0x1a0,8,000032f120300275,benign,,
1762525311.658923,0xc4,8,0000000000000000,benign,,
1762525311.6628911,0xba,8,033264324101000d,benign,,
1762525311.6645565,0xce,8,0000000000000000,benign,,
1762525311.666806,0x24b,8,0008000000000000,benign,,
1762525311.6761932,0x2f6,8,0800000000000000,benign,,
1762525311.6796405,0x1b4,8,0000000000000000,benign,,
1762525311.7088158,0x1a0,8,000032f120300275,benign,,
1762525311.8140862,0xc4,8,0000000000000000,benign,,
1762525311.8175952,0xba,8,033264324101000d,benign,,
1762525311.819137,0xce,8,0000000000000000,benign,,
1762525311.820941,0x24b,8,0008000000000000,benign,,
1762525311.8308485,0x2f6,8,0800000000000000,benign,,
1762525311.8345048,0x1b4,8,0000000000000000,benign,,
1762525311.863571,0x1a0,8,000032f120300275,benign,,
1762525311.9758554,0xc4,8,0000000000000000,benign,,
1762525311.9805837,0xba,8,033264324101000d,benign,,
1762525311.983784,0xce,8,0000000000000000,benign,,
1762525311.9859686,0x24b,8,0008000000000000,benign,,
1762525312.0121994,0x2f6,8,0800000000000000,benign,,
1762525312.0181897,0x1b4,8,0000000000000000,benign,,
1762525312.1067529,0x1a0,8,000032f120300275,benign,,
1762525312.1959074,0xc4,8,0000000000000000,benign,,
1762525312.1982803,0xba,8,033264324101000d,benign,,
1762525312.1999063,0xce,8,0000000000000000,benign,,
1762525312.2014215,0x24b,8,0008000000000000,benign,,
1762525312.2113643,0x2f6,8,0800000000000000,benign,,
1762525312.2139904,0x1b4,8,0000000000000000,benign,,
1762525312.2574286,0x1a0,8,000032f120300275,benign,,
1762525312.355564,0xc4,8,0000000000000000,benign,,
1762525312.357531,0xba,8,033264324101000d,benign,,
1762525312.3589456,0xce,8,0000000000000000,benign,,
1762525312.3605971,0x24b,8,0008000000000000,benign,,
1762525312.3710616,0x2f6,8,0800000000000000,benign,,
1762525312.3738053,0x1b4,8,0000000000000000,benign,,
1762525312.401354,0x1a0,8,000032f120300275,benign,,
1762525312.4837694,0xc4,8,0000000000000000,benign,,
1762525312.4864774,0xba,8,033264324101000d,benign,,
1762525312.4881766,0xce,8,0000000000000000,benign,,
1762525312.4899738,0x24b,8,0008000000000000,benign,,
1762525312.5019407,0x2f6,8,0800000000000000,benign,,
1762525312.5068898,0x1b4,8,0000000000000000,benign,,
1762525312.5328236,0x1a0,8,000032f120300275,benign,,
1762525312.6312046,0xc4,8,0000000000000000,benign,,
1762525312.6333764,0xba,8,033264324101000d,benign,,
1762525312.635157,0xce,8,0000000000000000,benign,,
1762525312.6367831,0x24b,8,0008000000000000,benign,,
1762525312.6481984,0x2f6,8,0800000000000000,benign,,
1762525312.6514328,0x1b4,8,0000000000000000,benign,,
1762525312.6770775,0x1a0,8,000032f120300275,benign,,
1762525312.769549,0xc4,8,0000000000000000,benign,,
1762525312.771911,0xba,8,033264324101000d,benign,,
1762525312.7734013,0xce,8,0000000000000000,benign,,
1762525312.7751112,0x24b,8,0008000000000000,benign,,
1762525312.7868667,0x2f6,8,0800000000000000,benign,,
1762525312.7905974,0x1b4,8,0000000000000000,benign,,
1762525312.820479,0x1a0,8,000032f120300275,benign,,
1762525312.9120233,0xc4,8,0000000000000000,benign,,
1762525312.914876,0xba,8,033264324101000d,benign,,
1762525312.9165163,0xce,8,0000000000000000,benign,,
1762525312.9182606,0x24b,8,0008000000000000,benign,,
1762525312.9317153,0x2f6,8,0800000000000000,benign,,
1762525312.9340994,0x1b4,8,0000000000000000,benign,,
1762525312.9661038,0x1a0,8,000032f120300275,benign,,
1762525313.0764866,0xc4,8,0000000000000000,benign,,
1762525313.0790555,0xba,8,033264324101000d,benign,,
1762525313.0808742,0xce,8,0000000000000000,benign,,
1762525313.083115,0x24b,8,0008000000000000,benign,,
1762525313.0934443,0x2f6,8,0800000000000000,benign,,
1762525313.0963988,0x1b4,8,0000000000000000,benign,,
1762525313.126901,0x1a0,8,000032f120300275,benign,,
1762525313.246123,0xc4,8,0000000000000000,benign,,
1762525313.2487314,0xba,8,033264324101000d,benign,,
1762525313.250419,0xce,8,0000000000000000,benign,,
1762525313.2519596,0x24b,8,0008000000000000,benign,,
1762525313.2635782,0x2f6,8,0800000000000000,benign,,
1762525313.2663376,0x1b4,8,0000000000000000,benign,,
1762525313.2958663,0x1a0,8,000032f120300275,benign,,
1762525313.4014862,0xc4,8,0000000000000000,benign,,
1762525313.4036252,0xba,8,033264324101000d,benign,,
1762525313.4053104,0xce,8,0000000000000000,benign,,
1762525313.4068406,0x24b,8,0008000000000000,benign,,
1762525313.4178934,0x2f6,8,0800000000000000,benign,,
1762525313.4204938,0x1b4,8,0000000000000000,benign,,
1762525313.4493558,0x1a0,8,000032f120300275,benign,,
1762525313.5530102,0xc4,8,0000000000000000,benign,,
1762525313.556385,0xba,8,033264324101000d,benign,,
1762525313.5578322,0xce,8,0000000000000000,benign,,
1762525313.5594268,0x24b,8,0008000000000000,benign,,
1762525313.5707695,0x2f6,8,0800000000000000,benign,,
1762525313.5751188,0x1b4,8,0000000000000000,benign,,
1762525313.6231406,0x1a0,8,000032f120300275,benign,,
1762525313.733132,0xba,8,0000000000a1009b,attack,fuzz,A1762525313_239
1762525313.7333024,0xc4,8,0000000000000000,benign,,
1762525313.738354,0xba,8,033264324101000d,benign,,
1762525313.7404678,0xba,8,00000000002f0013,attack,fuzz,A1762525313_239
1762525313.7405725,0xce,8,0000000000000000,benign,,
1762525313.742061,0x24b,8,0008000000000000,benign,,
1762525313.7449,0xba,8,0000000000690019,attack,fuzz,A1762525313_239
1762525313.7499495,0xba,8,030000000053005b,attack,fuzz,A1762525313_239
1762525313.7637095,0x2f6,8,0800000000000000,benign,,
1762525313.7646444,0xba,8,0100000000df00d5,attack,fuzz,A1762525313_239
1762525313.7662299,0x1b4,8,0000000000000000,benign,,
1762525313.769456,0xba,8,010000000001007d,attack,fuzz,A1762525313_239
1762525313.78045,0xba,8,0100000000270041,attack,fuzz,A1762525313_239
1762525313.7878525,0xba,8,03000000003b0022,attack,fuzz,A1762525313_239
1762525313.792695,0x1a0,8,000032f120300275,benign,,
1762525313.8941941,0xba,8,02000000001d0079,attack,fuzz,A1762525313_239
1762525313.9144363,0xc4,8,0000000000000000,benign,,
1762525313.9189548,0xba,8,033264324101000d,benign,,
1762525313.9209275,0xce,8,0000000000000000,benign,,
1762525313.9218733,0xba,8,00000000003500bc,attack,fuzz,A1762525313_239
1762525313.9228234,0x24b,8,0008000000000000,benign,,
1762525313.9268677,0xba,8,01000000007a00a7,attack,fuzz,A1762525313_239
1762525313.936705,0x2f6,8,0800000000000000,benign,,
1762525313.9387305,0xba,8,01000000000d00a2,attack,fuzz,A1762525313_239
1762525313.940407,0x1b4,8,0000000000000000,benign,,
1762525313.945287,0xba,8,0300000000e4005a,attack,fuzz,A1762525313_239
1762525313.9513764,0xba,8,02000000003800af,attack,fuzz,A1762525313_239
1762525313.9697988,0xba,8,0300000000c7003c,attack,fuzz,A1762525313_239
1762525313.980205,0x1a0,8,000032f120300275,benign,,
1762525313.9800038,0xba,8,0000000000ba00d8,attack,fuzz,A1762525313_239
1762525314.0832176,0xc4,8,0000000000000000,benign,,
1762525314.0869613,0xba,8,01000000002f00a4,attack,fuzz,A1762525313_239
1762525314.0875216,0xba,8,033264324101000d,benign,,
1762525314.0909586,0xce,8,0000000000000000,benign,,
1762525314.0931225,0x24b,8,0008000000000000,benign,,
1762525314.0955176,0xba,8,01000000004b0080,attack,fuzz,A1762525313_239
1762525314.1069942,0x2f6,8,0800000000000000,benign,,
1762525314.1123898,0xba,8,02000000004c0025,attack,fuzz,A1762525313_239
1762525314.114809,0x1b4,8,0000000000000000,benign,,
1762525314.1205294,0xba,8,02000000000b00a4,attack,fuzz,A1762525313_239
1762525314.152364,0xba,8,0000000000e30096,attack,fuzz,A1762525313_239
1762525314.187576,0xba,8,02000000000700d2,attack,fuzz,A1762525313_239
1762525314.20319,0x1a0,8,000032f120300275,benign,,
1762525314.2227237,0xba,8,030000000059004c,attack,fuzz,A1762525313_239
1762525314.3811204,0xc4,8,0000000000000000,benign,,
1762525314.3880215,0xba,8,033264324101000d,benign,,
1762525314.3882964,0xba,8,0300000000c000b0,attack,fuzz,A1762525313_239
1762525314.3912542,0xce,8,0000000000000000,benign,,
1762525314.3925986,0x24b,8,0008000000000000,benign,,
1762525314.3943481,0xba,8,03000000003300f3,attack,fuzz,A1762525313_239
1762525314.4029036,0xba,8,00000000004b0097,attack,fuzz,A1762525313_239
1762525314.4035368,0x2f6,8,0800000000000000,benign,,
1762525314.4092646,0x1b4,8,0000000000000000,benign,,
1762525314.4115696,0xba,8,0000000000ee0046,attack,fuzz,A1762525313_239
1762525314.4189432,0xba,8,00000000005f0054,attack,fuzz,A1762525313_239
1762525314.4435568,0xba,8,0200000000630062,attack,fuzz,A1762525313_239
1762525314.4737227,0x1a0,8,000032f120300275,benign,,
1762525314.4754567,0xba,8,0300000000c80083,attack,fuzz,A1762525313_239
1762525314.584092,0xc4,8,0000000000000000,benign,,
1762525314.5869458,0xba,8,01000000001a0025,attack,fuzz,A1762525313_239
1762525314.587077,0xba,8,033264324101000d,benign,,
1762525314.5894732,0xce,8,0000000000000000,benign,,
1762525314.5910625,0x24b,8,0008000000000000,benign,,
1762525314.592221,0xba,8,00000000000d0078,attack,fuzz,A1762525313_239
1762525314.595851,0xba,8,03000000005a0038,attack,fuzz,A1762525313_239
1762525314.601903,0xba,8,0300000000cb00e8,attack,fuzz,A1762525313_239
1762525314.6065836,0x2f6,8,0800000000000000,benign,,
1762525314.6077278,0x1b4,8,0000000000000000,benign,,
1762525314.608911,0xba,8,0100000000d300f3,attack,fuzz,A1762525313_239
1762525314.6143055,0xba,8,0000000000e40058,attack,fuzz,A1762525313_239
1762525314.6175728,0xba,8,0200000000db0060,attack,fuzz,A1762525313_239
1762525314.647972,0xba,8,0100000000c30062,attack,fuzz,A1762525313_239
1762525314.653213,0x1a0,8,000032f120300275,benign,,
1762525314.7468593,0xba,8,0200000000840006,attack,fuzz,A1762525313_239
1762525314.7704585,0xc4,8,0000000000000000,benign,,
1762525314.7764058,0xba,8,033264324101000d,benign,,
1762525314.782327,0xba,8,00000000001700a7,attack,fuzz,A1762525313_239
1762525314.7821336,0xce,8,0000000000000000,benign,,
1762525314.784539,0x24b,8,0008000000000000,benign,,
1762525314.794312,0xba,8,02000000004d00d5,attack,fuzz,A1762525313_239
1762525314.8036017,0x2f6,8,0800000000000000,benign,,
1762525314.8120067,0xba,8,0100000000ca00d9,attack,fuzz,A1762525313_239
1762525314.8111367,0x1b4,8,0000000000000000,benign,,
1762525314.8216622,0xba,8,0200000000de005a,attack,fuzz,A1762525313_239
1762525314.8449883,0xba,8,02000000000f009f,attack,fuzz,A1762525313_239
1762525314.8578284,0x1a0,8,000032f120300275,benign,,
1762525314.8739133,0xba,8,0100000000b8004a,attack,fuzz,A1762525313_239
1762525314.9848197,0xc4,8,0000000000000000,benign,,
1762525314.9890995,0xba,8,033264324101000d,benign,,
1762525314.9895544,0xba,8,0100000000e300a6,attack,fuzz,A1762525313_239
1762525314.9907148,0xce,8,0000000000000000,benign,,
1762525314.9928045,0x24b,8,0008000000000000,benign,,
1762525314.994598,0xba,8,02000000005c0051,attack,fuzz,A1762525313_239
1762525315.0005405,0xba,8,0000000000f5007e,attack,fuzz,A1762525313_239
1762525315.0065439,0x2f6,8,0800000000000000,benign,,
1762525315.0086381,0x1b4,8,0000000000000000,benign,,
1762525315.011764,0xba,8,0100000000a90073,attack,fuzz,A1762525313_239
1762525315.0318327,0xba,8,000000000020002a,attack,fuzz,A1762525313_239
1762525315.0408957,0xba,8,02000000006600cb,attack,fuzz,A1762525313_239
1762525315.0784657,0x1a0,8,000032f120300275,benign,,
1762525315.0795062,0xba,8,00000000003e0065,attack,fuzz,A1762525313_239
1762525315.1864152,0xc4,8,0000000000000000,benign,,
1762525315.1913018,0xba,8,033264324101000d,benign,,
1762525315.1909816,0xba,8,0300000000e800b1,attack,fuzz,A1762525313_239
1762525315.1925552,0xce,8,0000000000000000,benign,,
1762525315.19755,0x24b,8,0008000000000000,benign,,
1762525315.2014787,0xba,8,03000000008d00f0,attack,fuzz,A1762525313_239
1762525315.2102406,0x2f6,8,0800000000000000,benign,,
1762525315.2162302,0xba,8,020000000084009e,attack,fuzz,A1762525313_239
1762525315.2175877,0x1b4,8,0000000000000000,benign,,
1762525315.2218823,0xba,8,0100000000e90000,attack,fuzz,A1762525313_239
1762525315.233663,0xba,8,0100000000c00066,attack,fuzz,A1762525313_239
1762525315.2410395,0xba,8,03000000005d00ab,attack,fuzz,A1762525313_239
1762525315.2486072,0xba,8,0000000000590071,attack,fuzz,A1762525313_239
1762525315.2595136,0xba,8,03000000008a005c,attack,fuzz,A1762525313_239
1762525315.2598417,0x1a0,8,000032f120300275,benign,,
1762525315.4258692,0xc4,8,0000000000000000,benign,,
1762525315.428649,0xba,8,0000000000610082,attack,fuzz,A1762525313_239
1762525315.4297895,0xba,8,033264324101000d,benign,,
1762525315.4323413,0xce,8,0000000000000000,benign,,
1762525315.4378138,0xba,8,03000000006e0079,attack,fuzz,A1762525313_239
1762525315.437933,0x24b,8,0008000000000000,benign,,
1762525315.4422657,0xba,8,0300000000f40088,attack,fuzz,A1762525313_239
1762525315.4516804,0x2f6,8,0800000000000000,benign,,
1762525315.4590328,0x1b4,8,0000000000000000,benign,,
1762525315.4652002,0xba,8,0000000000ed00ae,attack,fuzz,A1762525313_239
1762525315.487771,0xba,8,00000000009f00fe,attack,fuzz,A1762525313_239
1762525315.507728,0xba,8,00000000000e00d0,attack,fuzz,A1762525313_239
1762525315.5201724,0x1a0,8,000032f120300275,benign,,
1762525315.5165007,0xba,8,0000000000f40091,attack,fuzz,A1762525313_239
1762525342.5945966,0xc4,8,0000000000000000,benign,,
1762525342.596986,0xba,8,0100000000b100db,benign,,
1762525342.5971615,0xba,8,033264324101000d,benign,,
1762525342.6008341,0xce,8,0000000000000000,benign,,
1762525342.603943,0x24b,8,0008000000000000,benign,,
1762525342.604469,0xba,8,03000000007f002f,benign,,
1762525342.6114352,0x2f6,8,0800000000000000,benign,,
1762525342.6154852,0xba,8,02000000004a00a5,benign,,
1762525342.6150138,0x1b4,8,0000000000000000,benign,,
1762525342.628033,0xba,8,02000000008a00f9,benign,,
1762525342.646161,0xba,8,0200000000fb0060,benign,,
1762525342.6515326,0x1a0,8,000032f120300275,benign,,
1762525315.7926807,0xc4,8,0000000000000000,benign,,
1762525315.795164,0xba,8,00000000006d0093,benign,,
1762525315.7959936,0xba,8,033264324101000d,benign,,
1762525315.7986717,0xce,8,0000000000000000,benign,,
1762525315.8027432,0xba,8,0200000000f000fa,benign,,
1762525315.8028939,0x24b,8,0008000000000000,benign,,
1762525315.8061764,0xba,8,0300000000e00011,benign,,
1762525315.8134615,0xba,8,03000000003d00c8,benign,,
1762525315.8172426,0x2f6,8,0800000000000000,benign,,
1762525315.8210497,0xba,8,0200000000250051,benign,,
1762525315.8208733,0x1b4,8,0000000000000000,benign,,
1762525315.8260627,0xba,8,020000000052001f,benign,,
1762525315.8644724,0xba,8,0200000000b10089,benign,,
1762525315.8808935,0xba,8,03000000004700e3,benign,,
1762525315.8969815,0x1a0,8,000032f120300275,benign,,
1762525315.9950438,0xc4,8,0000000000000000,benign,,
1762525315.9965565,0xba,8,010000000066005a,benign,,
1762525315.9975443,0xba,8,033264324101000d,benign,,
1762525315.9995542,0xce,8,0000000000000000,benign,,
1762525316.0006897,0xba,8,0100000000460073,benign,,
1762525316.0013108,0x24b,8,0008000000000000,benign,,
1762525316.0048423,0xba,8,000000000023000a,benign,,
1762525316.00837,0xba,8,0200000000be0072,benign,,
1762525316.0126283,0x2f6,8,0800000000000000,benign,,
1762525316.0167117,0x1b4,8,0000000000000000,benign,,
1762525316.0174618,0xba,8,00000000004500db,benign,,
1762525316.0212348,0xba,8,0300000000100091,benign,,
1762525316.0251086,0xba,8,0200000000ee0009,benign,,
1762525316.0392845,0xba,8,02000000009d00af,benign,,
1762525316.0523274,0xba,8,0000000000f50089,benign,,
1762525316.055235,0x1a0,8,000032f120300275,benign,,
1762525316.1586156,0xc4,8,0000000000000000,benign,,
1762525316.160866,0xba,8,03000000003a008d,benign,,
1762525316.1612446,0xba,8,033264324101000d,benign,,
1762525316.1632984,0xce,8,0000000000000000,benign,,
1762525316.1670127,0xba,8,0300000000fc001f,benign,,
1762525316.1667688,0x24b,8,0008000000000000,benign,,
1762525316.1704092,0xba,8,0300000000f80070,benign,,
1762525316.1739876,0xba,8,01000000006b00e6,benign,,
1762525316.1785612,0x2f6,8,0800000000000000,benign,,
1762525316.1781514,0xba,8,03000000003f00c0,benign,,
1762525316.180535,0x1b4,8,0000000000000000,benign,,
1762525316.1836011,0xba,8,0000000000f100ef,benign,,
1762525316.1910617,0xba,8,01000000001d00db,benign,,
1762525316.194752,0xba,8,00000000003a004e,benign,,
1762525316.207182,0xba,8,0000000000c900b9,benign,,
1762525316.2154539,0x1a0,8,000032f120300275,benign,,
1762525316.2734947,0xba,8,0200000000f100ab,benign,,
1762525316.3286178,0xc4,8,0000000000000000,benign,,
1762525316.3322046,0xba,8,033264324101000d,benign,,
1762525316.3333042,0xba,8,0100000000d8008a,benign,,
1762525316.3337097,0xce,8,0000000000000000,benign,,
1762525316.3348095,0x24b,8,0008000000000000,benign,,
1762525316.3371103,0xba,8,0200000000b20050,benign,,
1762525316.3512163,0x2f6,8,0800000000000000,benign,,
1762525316.3552115,0x1b4,8,0000000000000000,benign,,
1762525316.397434,0xba,8,0000000000790044,benign,,
1762525316.3990402,0x1a0,8,000032f120300275,benign,,
1762525316.5205839,0xc4,8,0000000000000000,benign,,
1762525316.5217888,0xba,8,000000000076009a,benign,,
1762525316.52475,0xba,8,033264324101000d,benign,,
1762525316.5265067,0xce,8,0000000000000000,benign,,
1762525316.52741,0xba,8,0300000000480029,benign,,
1762525316.5277243,0x24b,8,0008000000000000,benign,,
1762525316.5307517,0xba,8,0200000000890031,benign,,
1762525316.5350869,0x2f6,8,0800000000000000,benign,,
1762525316.5381813,0x1b4,8,0000000000000000,benign,,
1762525316.5383346,0xba,8,0000000000c20015,benign,,
1762525316.5416408,0xba,8,01000000009400aa,benign,,
1762525316.5455594,0xba,8,00000000000100dd,benign,,
1762525316.5523696,0xba,8,0300000000ac002f,benign,,
1762525316.558624,0xba,8,00000000001c005b,benign,,
1762525316.5642655,0xba,8,00000000001b008c,benign,,
1762525316.5679688,0x1a0,8,000032f120300275,benign,,
1762525316.633466,0xba,8,0200000000560004,benign,,
1762525316.6532266,0xc4,8,0000000000000000,benign,,
1762525316.6575322,0xba,8,033264324101000d,benign,,
1762525316.662825,0xce,8,0000000000000000,benign,,
1762525316.6633577,0xba,8,02000000007a00a1,benign,,
1762525316.6695042,0x24b,8,0008000000000000,benign,,
1762525316.6803563,0xba,8,0100000000e300c1,benign,,
1762525316.6849089,0xba,8,00000000003900ed,benign,,
1762525316.6881776,0xba,8,0300000000e400a5,benign,,
1762525316.6947262,0x2f6,8,0800000000000000,benign,,
1762525316.6962366,0xba,8,0100000000ef0026,benign,,
1762525316.6983137,0x1b4,8,0000000000000000,benign,,
1762525316.7022285,0xba,8,0000000000660003,benign,,
1762525316.7071724,0xba,8,0000000000b900a3,benign,,
1762525316.722593,0xba,8,0200000000cd0020,benign,,
1762525316.7333276,0xba,8,0300000000ff0023,benign,,
1762525316.7379804,0x1a0,8,000032f120300275,benign,,
1762525316.838103,0xc4,8,0000000000000000,benign,,
1762525316.840017,0xba,8,0100000000ee008a,benign,,
1762525316.8405416,0xba,8,033264324101000d,benign,,
1762525316.841671,0xce,8,0000000000000000,benign,,
1762525316.843346,0x24b,8,0008000000000000,benign,,
1762525316.843471,0xba,8,00000000006d00a1,benign,,
1762525316.8466537,0xba,8,0200000000380028,benign,,
1762525316.8530967,0x2f6,8,0800000000000000,benign,,
1762525316.8552988,0xba,8,02000000002500b2,benign,,
1762525316.857853,0x1b4,8,0000000000000000,benign,,
1762525316.8607924,0xba,8,00000000006b004f,benign,,
1762525316.8650732,0xba,8,03000000004500e8,benign,,
1762525316.8691607,0xba,8,00000000001f00b5,benign,,
1762525316.8824396,0xba,8,03000000003400ff,benign,,
1762525316.8962638,0x1a0,8,000032f120300275,benign,,
1762525316.8983548,0xba,8,03000000009400bc,benign,,
1762525316.9959736,0xc4,8,0000000000000000,benign,,
1762525316.9981139,0xba,8,030000000022000f,benign,,
1762525316.9997654,0xba,8,033264324101000d,benign,,
1762525317.0018508,0xce,8,0000000000000000,benign,,
1762525317.0032158,0xba,8,0200000000f000b2,benign,,
1762525317.003689,0x24b,8,0008000000000000,benign,,
1762525317.0084379,0xba,8,03000000004f0022,benign,,
1762525317.0122347,0xba,8,000000000068006b,benign,,
1762525317.0184534,0x2f6,8,0800000000000000,benign,,
1762525317.0233624,0x1b4,8,0000000000000000,benign,,
1762525317.0245452,0xba,8,00000000002b00cc,benign,,
1762525317.0298269,0xba,8,00000000001700b1,benign,,
1762525317.034084,0xba,8,020000000079003c,benign,,
1762525317.0534122,0x1a0,8,000032f120300275,benign,,
1762525317.045589,0xba,8,01000000006400fd,benign,,
1762525317.1471324,0xc4,8,0000000000000000,benign,,
1762525317.1487434,0xba,8,0200000000e8001f,benign,,
1762525317.1500802,0xba,8,033264324101000d,benign,,
1762525317.1513534,0xce,8,0000000000000000,benign,,
1762525317.1522563,0xba,8,0200000000950040,benign,,
1762525317.15332,0x24b,8,0008000000000000,benign,,
1762525317.1567624,0xba,8,03000000002300c8,benign,,
1762525317.160068,0xba,8,0200000000e900b2,benign,,
1762525317.16536,0x2f6,8,0800000000000000,benign,,
1762525317.1684403,0x1b4,8,0000000000000000,benign,,
1762525317.1686144,0xba,8,0000000000200099,benign,,
1762525317.1726093,0xba,8,0300000000d2000f,benign,,
1762525317.177853,0xba,8,0000000000270097,benign,,
1762525317.1872728,0xba,8,0000000000a700af,benign,,
1762525317.2007356,0xba,8,0000000000ad00ed,benign,,
1762525317.2025275,0x1a0,8,000032f120300275,benign,,
1762525317.306699,0xc4,8,0000000000000000,benign,,
1762525317.3101645,0xba,8,0200000000180091,benign,,
1762525317.3103163,0xba,8,033264324101000d,benign,,
1762525317.3122828,0xce,8,0000000000000000,benign,,
1762525317.3144903,0xba,8,00000000002d00f6,benign,,
1762525317.314637,0x24b,8,0008000000000000,benign,,
1762525317.3179615,0xba,8,02000000004300c0,benign,,
1762525317.3230948,0xba,8,0100000000160099,benign,,
1762525317.3240387,0x2f6,8,0800000000000000,benign,,
1762525317.3254812,0x1b4,8,0000000000000000,benign,,
1762525317.3273804,0xba,8,020000000062003b,benign,,
1762525317.331041,0xba,8,0000000000fd00e4,benign,,
1762525317.3371923,0xba,8,0300000000af003a,benign,,
1762525317.3451285,0xba,8,0200000000b200f0,benign,,
1762525317.3498328,0xba,8,0100000000e40031,benign,,
1762525317.3535802,0xba,8,00000000008b0022,benign,,
1762525317.360012,0x1a0,8,000032f120300275,benign,,
1762525317.463139,0xba,8,0300000000e200cc,benign,,
1762525317.4614003,0xc4,8,0000000000000000,benign,,
1762525317.4645026,0xba,8,033264324101000d,benign,,
1762525317.4660628,0xce,8,0000000000000000,benign,,
1762525317.466237,0xba,8,0100000000c20084,benign,,
1762525317.467754,0x24b,8,0008000000000000,benign,,
1762525317.4698021,0xba,8,02000000009100e9,benign,,
1762525317.4724696,0xba,8,0200000000e0009a,benign,,
1762525317.4752908,0xba,8,00000000002f0083,benign,,
1762525317.478393,0xba,8,00000000007c0055,benign,,
1762525317.4815814,0x2f6,8,0800000000000000,benign,,
1762525317.4843671,0xba,8,0300000000740046,benign,,
1762525317.4845006,0x1b4,8,0000000000000000,benign,,
1762525317.4878995,0xba,8,03000000003b0005,benign,,
1762525317.4917989,0xba,8,0200000000560051,benign,,
1762525317.4952173,0xba,8,0000000000ae001b,benign,,
1762525317.49869,0xba,8,0200000000a6000a,benign,,
1762525317.502803,0xba,8,0100000000090064,benign,,
1762525317.5088632,0xba,8,00000000008a0005,benign,,
1762525317.5144086,0xba,8,03000000005a0068,benign,,
1762525317.5162795,0x1a0,8,000032f120300275,benign,,
1762525317.621672,0xc4,8,0000000000000000,benign,,
1762525317.6250634,0xba,8,020000000010006d,benign,,
1762525317.6252346,0xba,8,033264324101000d,benign,,
1762525317.6264994,0xce,8,0000000000000000,benign,,
1762525317.6285183,0x24b,8,0008000000000000,benign,,
1762525317.6303651,0xba,8,0000000000e80034,benign,,
1762525317.633718,0xba,8,0000000000950013,benign,,
1762525317.6400685,0x2f6,8,0800000000000000,benign,,
1762525317.6422067,0xba,8,02000000002c00da,benign,,
1762525317.6429586,0x1b4,8,0000000000000000,benign,,
1762525317.6459036,0xba,8,0300000000ea000f,benign,,
1762525317.6497786,0xba,8,0300000000ca00ee,benign,,
1762525317.6530242,0xba,8,02000000004b00ac,benign,,
1762525317.6564856,0xba,8,0300000000110034,benign,,
1762525317.6625452,0xba,8,0200000000e00063,benign,,
1762525317.6669996,0xba,8,000000000078009f,benign,,
1762525317.671944,0x1a0,8,000032f120300275,benign,,
1762525317.7625563,0xba,8,02000000006e00f3,benign,,
1762525317.7627447,0xc4,8,0000000000000000,benign,,
1762525317.7666862,0xba,8,033264324101000d,benign,,
1762525317.7688446,0xba,8,03000000005b0066,benign,,
1762525317.7686274,0xce,8,0000000000000000,benign,,
1762525317.7706337,0x24b,8,0008000000000000,benign,,
1762525317.7730813,0xba,8,030000000016007c,benign,,
1762525317.7761118,0xba,8,02000000004e0087,benign,,
1762525317.7816732,0x2f6,8,0800000000000000,benign,,
1762525317.783024,0x1b4,8,0000000000000000,benign,,
1762525317.7856424,0xba,8,0300000000b000f6,benign,,
1762525317.791875,0xba,8,02000000006600dc,benign,,
1762525317.7959483,0xba,8,0300000000f7005c,benign,,
1762525317.8055644,0xba,8,0100000000b300e0,benign,,
1762525317.8103778,0xba,8,0100000000ec0000,benign,,
1762525317.8149023,0x1a0,8,000032f120300275,benign,,
1762525317.9109411,0xc4,8,0000000000000000,benign,,
1762525317.9124408,0xba,8,0100000000b8005f,benign,,
1762525317.9130003,0xba,8,033264324101000d,benign,,
1762525317.9145036,0xce,8,0000000000000000,benign,,
1762525317.9157164,0xba,8,0000000000e2009e,benign,,
1762525317.9161413,0x24b,8,0008000000000000,benign,,
1762525317.9192405,0xba,8,010000000073003b,benign,,
1762525317.9229553,0xba,8,03000000001e003e,benign,,
1762525317.9283552,0x2f6,8,0800000000000000,benign,,
1762525317.931419,0x1b4,8,0000000000000000,benign,,
1762525317.9323125,0xba,8,0300000000db00b8,benign,,
1762525317.9379654,0xba,8,03000000008e0039,benign,,
1762525317.9413657,0xba,8,01000000000300d1,benign,,
1762525317.9539487,0xba,8,0100000000a8002e,benign,,
1762525317.960154,0x1a0,8,001000f020300252,benign,,
1762525318.005108,0xba,8,03000000004e002f,benign,,
1762525318.0578752,0xc4,8,ffffffffff0000fb,benign,,
1762525318.0613933,0xba,8,033264324101000d,benign,,
1762525318.0631473,0xce,8,0000000000000000,benign,,
1762525318.0632682,0xba,8,03000000000c0085,benign,,
1762525318.0654767,0x24b,8,0008000000000000,benign,,
1762525318.0675786,0xba,8,03000000005d0087,benign,,
1762525318.076117,0x2f6,8,0800000000000000,benign,,
1762525318.0737753,0xba,8,0200000000e800b2,benign,,
1762525318.0794213,0x1b4,8,0000000000000000,benign,,
1762525318.0811539,0xba,8,0100000000b00054,benign,,
1762525318.086014,0xba,8,0000000000d700ce,benign,,
1762525318.0900645,0xba,8,00000000003000b6,benign,,
1762525318.0937386,0xba,8,0100000000f300f6,benign,,
1762525318.096946,0xba,8,000000000025007a,benign,,
1762525318.1001134,0xba,8,01000000007f0039,benign,,
1762525318.1052783,0xba,8,0200000000470061,benign,,
1762525318.109849,0xba,8,03000000002100e7,benign,,
1762525318.113626,0xba,8,030000000035004a,benign,,
1762525318.1223612,0xba,8,0000000000ca005e,benign,,
1762525318.1225197,0x1a0,8,001000f020300252,benign,,
1762525318.2239249,0xc4,8,0000000000000000,benign,,
1762525318.2260132,0xba,8,03000000007d0091,benign,,
1762525318.2264597,0xba,8,033264324101000d,benign,,
1762525318.2278128,0xce,8,0000000000000000,benign,,
1762525318.2295973,0xba,8,01000000007600dd,benign,,
1762525318.229488,0x24b,8,0008000000000000,benign,,
1762525318.2333074,0xba,8,0300000000c700ff,benign,,
1762525318.237033,0xba,8,0300000000a900ad,benign,,
1762525318.2414086,0x2f6,8,0800000000000000,benign,,
1762525318.244786,0x1b4,8,0000000000000000,benign,,
1762525318.2448878,0xba,8,0000000000fe000a,benign,,
1762525318.2496586,0xba,8,01000000003f0023,benign,,
1762525318.254544,0xba,8,0000000000f900b9,benign,,
1762525318.2629437,0xba,8,01000000003700f9,benign,,
1762525318.2692528,0xba,8,0300000000b600c2,benign,,
1762525318.2759876,0x1a0,8,011000f020300253,benign,,
1762525318.2789118,0xba,8,01000000001b0029,benign,,
1762525318.3733304,0xc4,8,0000000000000000,benign,,
1762525318.377382,0xba,8,0200000000b000ab,benign,,
1762525318.3775132,0xba,8,033264324101000d,benign,,
1762525318.3799584,0xce,8,1700170017001700,benign,,
1762525318.3831685,0x24b,8,0008000000000000,benign,,
1762525318.38303,0xba,8,01000000005000fd,benign,,
1762525318.3868036,0xba,8,03000000009a00ba,benign,,
1762525318.3938122,0x2f6,8,0800000000000000,benign,,
1762525318.3956332,0xba,8,00000000008100b2,benign,,
1762525318.3970017,0x1b4,8,0000000000000000,benign,,
1762525318.400025,0xba,8,010000000001009c,benign,,
1762525318.4060867,0xba,8,02000000006d00bf,benign,,
1762525318.4168303,0xba,8,01000000009600b8,benign,,
1762525318.440503,0xba,8,01000000007500c9,benign,,
1762525318.4430938,0x1a0,8,031000f020300255,benign,,
1762525318.5365853,0xc4,8,0000000000000000,benign,,
1762525318.537069,0xba,8,0300000000ea0027,benign,,
1762525318.5390158,0xba,8,033264324101000d,benign,,
1762525318.541288,0xba,8,0000000000f80025,benign,,
1762525318.5406926,0xce,8,3600360036003600,benign,,
1762525318.5425858,0x24b,8,0008000000000000,benign,,
1762525318.5446446,0xba,8,0200000000c700bc,benign,,
1762525318.5477166,0xba,8,0000000000480095,benign,,
1762525318.5549512,0x2f6,8,0800000000000000,benign,,
1762525318.5563996,0xba,8,0300000000b000d2,benign,,
1762525318.5578394,0x1b4,8,0000000000000000,benign,,
1762525318.5606852,0xba,8,0300000000530048,benign,,
1762525318.5666413,0xba,8,0200000000a40000,benign,,
1762525318.5769067,0xba,8,0300000000d300c9,benign,,
1762525318.5853007,0xba,8,000000000038006d,benign,,
1762525318.606927,0x1a0,8,051000f020300257,benign,,
1762525318.6093552,0xba,8,01000000009e008b,benign,,
1762525318.7260885,0xc4,8,ff000000000000ff,benign,,
1762525318.730924,0xba,8,033264324101000d,benign,,
1762525318.7328465,0xba,8,0000000000650026,benign,,
1762525318.7378073,0xce,8,5200520052005200,benign,,
1762525318.739612,0x24b,8,0008000000000000,benign,,
1762525318.740188,0xba,8,0000000000c900e6,benign,,
1762525318.747225,0xba,8,0000000000b20094,benign,,
1762525318.748135,0x2f6,8,0800000000000000,benign,,
1762525318.7514644,0x1b4,8,0000000000000000,benign,,
1762525318.7542138,0xba,8,01000000002500b1,benign,,
1762525318.758866,0xba,8,01000000007400d6,benign,,
1762525318.7623086,0xba,8,01000000006c0061,benign,,
1762525318.7731194,0xba,8,03000000008b0050,benign,,
1762525318.7779014,0xba,8,0200000000ec00c2,benign,,
1762525318.7830114,0x1a0,8,071000f020300259,benign,,
1762525318.8650215,0xc4,8,ff000000000000ff,benign,,
1762525318.8653038,0xba,8,0000000000a80027,benign,,
1762525318.8675878,0xba,8,033264324101000d,benign,,
1762525318.8694346,0xba,8,01000000005a00bf,benign,,
1762525318.869542,0xce,8,7200720072007200,benign,,
1762525318.870921,0x24b,8,0008000000000000,benign,,
1762525318.8730118,0xba,8,03000000003f00c0,benign,,
1762525318.8759596,0xba,8,02000000008f008a,benign,,
1762525318.87952,0xba,8,0100000000400058,benign,,
1762525318.883037,0x2f6,8,0800000000000000,benign,,
1762525318.8860283,0x1b4,8,0000000000000000,benign,,
1762525318.8866053,0xba,8,00000000005e008a,benign,,
1762525318.890909,0xba,8,0000000000490060,benign,,
1762525318.8951113,0xba,8,02000000003f0067,benign,,
1762525318.905972,0xba,8,0100000000660073,benign,,
1762525318.9138112,0xba,8,0000000000fd00d1,benign,,
1762525318.9208298,0x1a0,8,091000f02030025b,benign,,
1762525319.0082872,0xba,8,03000000008400ce,benign,,
1762525319.0265005,0xc4,8,0100000000000001,benign,,
1762525319.0305738,0xba,8,033264324101000d,benign,,
1762525319.03199,0xce,8,8c008c008c008c00,benign,,
1762525319.0326343,0xba,8,03000000004400e3,benign,,
1762525319.0332909,0x24b,8,0008000000000000,benign,,
1762525319.0367846,0xba,8,01000000002f00b8,benign,,
1762525319.0401368,0xba,8,02000000003700b2,benign,,
1762525319.0478537,0x2f6,8,0800000000000000,benign,,
1762525319.050992,0x1b4,8,0000000000000000,benign,,
1762525319.050877,0xba,8,0100000000e70086,benign,,
1762525319.0578887,0xba,8,0000000000860037,benign,,
1762525319.0621598,0xba,8,01000000007b0084,benign,,
1762525319.0746439,0xba,8,01000000001d002a,benign,,
1762525319.0841062,0x1a0,8,0b1000f02030025d,benign,,
1762525319.0940382,0xba,8,0300000000710073,benign,,
1762525319.199267,0xc4,8,ffffffffff0000fb,benign,,
1762525319.2017322,0xba,8,020000000059007f,benign,,
1762525319.202203,0xba,8,033264324101000d,benign,,
1762525319.2034972,0xce,8,ae00ae00ae00ae00,benign,,
1762525319.2047732,0x24b,8,0008000000000000,benign,,
1762525319.2049384,0xba,8,00000000003b0007,benign,,
1762525319.2086291,0xba,8,03000000006c0032,benign,,
1762525319.2119086,0xba,8,03000000003c0094,benign,,
1762525319.2156322,0xba,8,0200000000ad0063,benign,,
1762525319.21804,0x2f6,8,0800000000000000,benign,,
1762525319.2221696,0x1b4,8,0000000000000000,benign,,
1762525319.2227926,0xba,8,0100000000830045,benign,,
1762525319.2259018,0xba,8,00000000005a0001,benign,,
1762525319.2345545,0xba,8,0200000000ae0066,benign,,
1762525319.2397153,0xba,8,0300000000a50037,benign,,
1762525319.244185,0xba,8,00000000001900de,benign,,
1762525319.249463,0xba,8,03000000002e00cb,benign,,
1762525319.256251,0xba,8,03000000005c0093,benign,,
1762525319.2606952,0xba,8,0200000000990001,benign,,
1762525319.2671022,0x1a0,8,0e1000f020300260,benign,,
1762525319.2687252,0xba,8,02000000003b00fb,benign,,
1762525319.3638387,0xc4,8,0101010101000005,benign,,
1762525319.3680887,0xba,8,033264324101000d,benign,,
1762525319.367941,0xba,8,0200000000c00069,benign,,
1762525319.369838,0xce,8,de00de00de00de00,benign,,
1762525319.3718216,0x24b,8,0008000000000000,benign,,
1762525319.3729024,0xba,8,02000000009400c1,benign,,
1762525319.3765018,0xba,8,0100000000620095,benign,,
1762525319.3798795,0xba,8,010000000074006c,benign,,
1762525319.3845325,0x2f6,8,0800000000000000,benign,,
1762525319.3848782,0xba,8,0100000000170012,benign,,
1762525319.3865447,0x1b4,8,0000000000000000,benign,,
1762525319.3888164,0xba,8,0100000000c80044,benign,,
1762525319.3937628,0xba,8,0100000000ae0064,benign,,
1762525319.3976839,0xba,8,0300000000b700c8,benign,,
1762525319.4079375,0xba,8,03000000004500c1,benign,,
1762525319.413267,0xba,8,0000000000bc0056,benign,,
1762525319.415484,0x1a0,8,101000f020300262,benign,,
1762525319.5144107,0xc4,8,ffffffffff0000fb,benign,,
1762525319.5160449,0xba,8,0200000000750048,benign,,
1762525319.5172617,0xba,8,033264324101000d,benign,,
1762525319.5194793,0xba,8,0100000000a300a4,benign,,
1762525319.5191965,0xce,8,0401040104010401,benign,,
1762525319.5220125,0x24b,8,0008000000000000,benign,,
1762525319.523672,0xba,8,0100000000960079,benign,,
1762525319.526983,0xba,8,0000000000c80047,benign,,
1762525319.5330064,0x2f6,8,0800000000000000,benign,,
1762525319.534883,0xba,8,03000000009200cf,benign,,
1762525319.5355968,0x1b4,8,0000000000000000,benign,,
1762525319.5383267,0xba,8,01000000009200c9,benign,,
1762525319.5441556,0xba,8,0000000000cc00ea,benign,,
1762525319.555577,0xba,8,0000000000cb00ec,benign,,
1762525319.5661323,0x1a0,8,131000f020300265,benign,,
1762525319.566397,0xba,8,020000000044009d,benign,,
1762525319.6725512,0xc4,8,0101010101000005,benign,,
1762525319.6745703,0xba,8,0000000000d700a9,benign,,
1762525319.6763022,0xba,8,033264324101000d,benign,,
1762525319.6776974,0xce,8,2801280128012801,benign,,
1762525319.6787527,0xba,8,02000000001400fa,benign,,
1762525319.679719,0x24b,8,0008000000000000,benign,,
1762525319.6835277,0xba,8,010000000023004d,benign,,
1762525319.6896238,0x2f6,8,0800000000000000,benign,,
1762525319.6939044,0xba,8,0200000000bb00cb,benign,,
1762525319.6940398,0x1b4,8,0000000000000000,benign,,
1762525319.7021472,0xba,8,000000000004005e,benign,,
1762525319.7253995,0xba,8,0100000000f00018,benign,,
1762525319.732069,0x1a0,8,131000f020300265,benign,,
1762525319.8415408,0xc4,8,f7fafbfafb0000e1,benign,,
1762525319.8401093,0xba,8,0000000000500080,benign,,
1762525319.8451972,0xba,8,033264324101000d,benign,,
1762525319.8466897,0xce,8,3601360136013601,benign,,
1762525319.8482707,0xba,8,01000000006100c6,benign,,
1762525319.850381,0x24b,8,0008000000000000,benign,,
1762525319.859401,0xba,8,0300000000780086,benign,,
1762525319.8598375,0x2f6,8,0800000000000000,benign,,
1762525319.863721,0x1b4,8,0000000000000000,benign,,
1762525319.865403,0xba,8,0200000000dc00ea,benign,,
1762525319.870601,0xba,8,0100000000400058,benign,,
1762525319.8740685,0xba,8,02000000002f0037,benign,,
1762525319.88416,0xba,8,03000000002d0023,benign,,
1762525319.894464,0xba,8,0200000000da00fc,benign,,
1762525319.9015322,0x1a0,8,151000f020300267,benign,,
1762525320.003024,0xc4,8,0101010101000005,benign,,
1762525320.0049062,0xba,8,03000000009900b0,benign,,
1762525320.0062737,0xba,8,033264324101000d,benign,,
1762525320.0081203,0xce,8,4f014f014f014f01,benign,,
1762525320.0102315,0xba,8,0100000000a80043,benign,,
1762525320.0103788,0x24b,8,0008000000000000,benign,,
1762525320.0135157,0xba,8,0200000000360027,benign,,
1762525320.019039,0x2f6,8,0800000000000000,benign,,
1762525320.021396,0xba,8,0000000000ba0033,benign,,
1762525320.0216312,0x1b4,8,0000000000000000,benign,,
1762525320.0244393,0xba,8,01000000004700ab,benign,,
1762525320.0298123,0xba,8,01000000006600c9,benign,,
1762525320.0338721,0xba,8,03000000003700fe,benign,,
1762525320.0453222,0xba,8,0000000000c9004f,benign,,
1762525320.0608277,0x1a0,8,161000f020300268,benign,,
1762525320.061061,0xba,8,01000000001b0057,benign,,
1762525320.1612504,0xc4,8,f7fafbfafb0000e1,benign,,
1762525320.165607,0xba,8,0000000000a30058,benign,,
1762525320.1651974,0xba,8,033264324100000c,benign,,
1762525320.167146,0xce,8,5b015b015b015b01,benign,,
1762525320.1688561,0x24b,8,0008000000000000,benign,,
1762525320.1700048,0xba,8,00000000006e0093,benign,,
1762525320.1728578,0xba,8,03000000009a008b,benign,,
1762525320.1803493,0x2f6,8,0800000000000000,benign,,
1762525320.1790762,0xba,8,03000000004000ae,benign,,
1762525320.1821823,0x1b4,8,0000000000000000,benign,,
1762525320.1844072,0xba,8,00000000007c007a,benign,,
1762525320.1908915,0xba,8,0000000000bb00f1,benign,,
1762525320.19551,0xba,8,03000000000e0013,benign,,
1762525320.2044384,0xba,8,0100000000550046,benign,,
1762525320.2079763,0xba,8,0300000000e900e2,benign,,
1762525320.2144196,0x1a0,8,1b001ef12030027c,benign,,
1762525320.2146242,0xba,8,00000000008f0064,benign,,
1762525320.3300776,0xc4,8,edf4f6f4f60000c1,benign,,
1762525320.3316522,0xba,8,00000000008d00c5,benign,,
1762525320.3337162,0xba,8,033264324102000e,benign,,
1762525320.335081,0xce,8,b001b001b001b001,benign,,
1762525320.3366203,0xba,8,00000000003a0043,benign,,
1762525320.3375452,0x24b,8,0008000000000000,benign,,
1762525320.3402965,0xba,8,0200000000060093,benign,,
1762525320.3442762,0xba,8,0200000000220009,benign,,
1762525320.3503072,0x2f6,8,0800000000000000,benign,,
1762525320.352872,0x1b4,8,0000000000000000,benign,,
1762525320.3530047,0xba,8,01000000005e0018,benign,,
1762525320.3574262,0xba,8,0000000000290025,benign,,
1762525320.363765,0xba,8,0100000000a9003c,benign,,
1762525320.3786466,0xba,8,0300000000650086,benign,,
1762525320.3950424,0xba,8,030000000084001a,benign,,
1762525320.3923059,0x1a0,8,1b001ef12030027c,benign,,
1762525320.490555,0xc4,8,f7fafbfafb0000e1,benign,,
1762525320.4930732,0xba,8,0200000000aa00b7,benign,,
1762525320.4940724,0xba,8,033264324102000e,benign,,
1762525320.4955804,0xce,8,b001b001b001b001,benign,,
1762525320.496514,0xba,8,02000000008a00fe,benign,,
1762525320.4972944,0x24b,8,0008000000000000,benign,,
1762525320.499944,0xba,8,0200000000d000f7,benign,,
1762525320.5091515,0x2f6,8,0800000000000000,benign,,
1762525320.5113213,0x1b4,8,0000000000000000,benign,,
1762525320.544938,0x1a0,8,190012f12030026e,benign,,
1762525347.6027958,0xc4,8,edf7f5f4f50000c2,benign,,
1762525347.605348,0xba,8,033264324102000e,benign,,
1762525347.6067636,0xce,8,9301930193019301,benign,,
1762525347.60842,0x24b,8,0008000000000000,benign,,
1762525347.617585,0x2f6,8,0800000000000000,benign,,
1762525347.6208677,0x1b4,8,0000000000000000,benign,,
1762525347.6475253,0x1a0,8,181000f02030026a,benign,,
1762525320.7542925,0xc4,8,f7fafbfafb0000e1,benign,,
1762525320.7595532,0xba,8,033264324100000c,benign,,
1762525320.7611282,0xce,8,7e017e017e017e01,benign,,
1762525320.762729,0x24b,8,0008000000000000,benign,,
1762525320.7723875,0x2f6,8,0800000000000000,benign,,
1762525320.7750971,0x1b4,8,0000000000000000,benign,,
1762525320.824192,0x1a0,8,141000f020300266,benign,,
1762525320.9336624,0xc4,8,0101010101000005,benign,,
1762525320.9399245,0xba,8,033264324101000d,benign,,
1762525320.9452677,0xce,8,4701470147014701,benign,,
1762525320.9478006,0x24b,8,0008000000000000,benign,,
1762525320.9629722,0x2f6,8,0800000000000000,benign,,
1762525320.968422,0x1b4,8,0000000000000000,benign,,
1762525321.0175264,0x1a0,8,141000f020300266,benign,,
1762525321.1213138,0xc4,8,f7fafbfafb0000e1,benign,,
1762525321.1235948,0xba,8,033264324101000d,benign,,
1762525321.125009,0xce,8,4001400140014001,benign,,
1762525321.126828,0x24b,8,0008000000000000,benign,,
1762525321.1366951,0x2f6,8,0800000000000000,benign,,
1762525321.139967,0x1b4,8,0000000000000000,benign,,
1762525321.191512,0x1a0,8,151000f020300267,benign,,
1762525321.2944386,0xc4,8,edf4f5f4f50000bf,benign,,
1762525321.2979476,0xba,8,033264324101000d,benign,,
1762525321.2991996,0xce,8,5501550155015501,benign,,
1762525321.3013034,0x24b,8,0008000000000000,benign,,
1762525321.3122952,0x2f6,8,0800000000000000,benign,,
1762525321.3148792,0x1b4,8,0000000000000000,benign,,
1762525321.3463085,0x1a0,8,161000f020300268,benign,,
1762525321.455901,0xc4,8,e3eef1eef10000a1,benign,,
1762525321.458438,0xba,8,033264324100000c,benign,,
1762525321.4601176,0xce,8,5a015a015a015a01,benign,,
1762525321.4616294,0x24b,8,0008000000000000,benign,,
1762525321.4724429,0x2f6,8,0800000000000000,benign,,
1762525321.476288,0x1b4,8,0000000000000000,benign,,
1762525321.5151749,0x1a0,8,1b001ef12030027c,benign,,
1762525321.6271508,0xc4,8,d9e8ece8ec000081,benign,,
1762525321.63,0xba,8,033264324102000e,benign,,
1762525321.631391,0xce,8,b101b101b101b101,benign,,
1762525321.6329968,0x24b,8,0008000000000000,benign,,
1762525321.6443717,0x2f6,8,0800000000000000,benign,,
1762525321.6485524,0x1b4,8,0000000000000000,benign,,
1762525321.6777027,0x1a0,8,1b001ef12030027c,benign,,
1762525321.7699852,0xc4,8,e3eef1eef10000a1,benign,,
1762525321.774786,0xba,8,033264324102000e,benign,,
1762525321.7768497,0xce,8,ac01ac01ac01ac01,benign,,
1762525321.7785645,0x24b,8,0008000000000000,benign,,
1762525321.789138,0x2f6,8,0800000000000000,benign,,
1762525321.7923355,0x1b4,8,0000000000000000,benign,,
1762525321.822699,0x1a0,8,19001ef12030027a,benign,,
1762525321.9315162,0xc4,8,ecf4f5f4f50000be,benign,,
1762525321.9355953,0xba,8,033264324102000e,benign,,
1762525321.9374902,0xce,8,9301930193019301,benign,,
1762525321.939465,0x24b,8,0008000000000000,benign,,
1762525321.9510643,0x2f6,8,0800000000000000,benign,,
1762525321.95472,0x1b4,8,0000000000000000,benign,,
1762525321.9859354,0x1a0,8,171000f020300269,benign,,
1762525322.0903802,0xc4,8,f6fafafafa0000de,benign,,
1762525322.093948,0xba,8,033264324100000c,benign,,
1762525322.095839,0xce,8,7701770177017701,benign,,
1762525322.0979953,0x24b,8,0008000000000000,benign,,
1762525322.10822,0x2f6,8,0800000000000000,benign,,
1762525322.1113017,0x1b4,8,0000000000000000,benign,,
1762525322.1444693,0x1a0,8,141000f020300266,benign,,
1762525322.2614639,0xc4,8,0000000000000000,benign,,
1762525322.2636278,0xba,8,033264324101000d,benign,,
1762525322.2652981,0xce,8,3d013d013d013d01,benign,,
1762525322.2669752,0x24b,8,0008000000000000,benign,,
1762525322.278732,0x2f6,8,0800000000000000,benign,,
1762525322.2815266,0x1b4,8,0000000000000000,benign,,
1762525322.3124287,0x1a0,8,131000f020300265,benign,,
1762525322.4243426,0xc4,8,f6fafafafa0000de,benign,,
1762525322.428125,0xba,8,033264324101000d,benign,,
1762525322.429768,0xce,8,3201320132013201,benign,,
1762525322.431222,0x24b,8,0008000000000000,benign,,
1762525322.4414263,0x2f6,8,0800000000000000,benign,,
1762525322.444567,0x1b4,8,0000000000000000,benign,,
1762525322.4731007,0x1a0,8,141000f020300266,benign,,
1762525322.5773187,0xc4,8,f3f8f9f8f90000d5,benign,,
1762525322.5800064,0xba,8,033264324101000d,benign,,
1762525322.5811872,0xce,8,4601460146014601,benign,,
1762525322.5822437,0x24b,8,0008000000000000,benign,,
1762525322.5966911,0x2f6,8,0800000000000000,benign,,
1762525322.600873,0x1b4,8,0000000000000000,benign,,
1762525322.638432,0x1a0,8,161000f020300268,benign,,
1762525322.736136,0xc4,8,e9f3f4f2f40000b6,benign,,
1762525322.7398276,0xba,8,033264324100000c,benign,,
1762525322.7411454,0xce,8,5e015e015e015e01,benign,,
1762525322.7426617,0x24b,8,0008000000000000,benign,,
1762525322.7535725,0x2f6,8,0800000000000000,benign,,
1762525322.7565007,0x1b4,8,0000000000000000,benign,,
1762525322.78367,0x1a0,8,1a1000f02030026c,benign,,
1762525322.8801067,0xc4,8,f3f8f9f8f90000d5,benign,,
1762525322.8829052,0xba,8,033264324102000e,benign,,
1762525322.8843608,0xce,8,9e019e019e019e01,benign,,
1762525322.8864012,0x24b,8,0008000000000000,benign,,
1762525322.897418,0x2f6,8,0800000000000000,benign,,
1762525322.900478,0x1b4,8,0000000000000000,benign,,
1762525322.9279797,0x1a0,8,1d001ef12030027e,benign,,
1762525323.0238311,0xc4,8,e9f5f4f2f40000b8,benign,,
1762525323.0268447,0xba,8,033264324102000e,benign,,
1762525323.028506,0xce,8,d101d101d101d101,benign,,
1762525323.0301416,0x24b,8,0008000000000000,benign,,
1762525323.0422983,0x2f6,8,0800000000000000,benign,,
1762525323.0573182,0x1b4,8,0000000000000000,benign,,
1762525323.1342955,0x1a0,8,1c001ef12030027d,benign,,
1762525323.2691863,0xc4,8,dfecefecef000095,benign,,
1762525323.2730837,0xba,8,033264324102000e,benign,,
1762525323.275306,0xce,8,c001c001c001c001,benign,,
1762525323.2785997,0x24b,8,0008000000000000,benign,,
1762525323.290108,0x2f6,8,0800000000000000,benign,,
1762525323.2935202,0x1b4,8,0000000000000000,benign,,
1762525323.3264487,0x1a0,8,191000f02030026b,benign,,
1762525323.430221,0xc4,8,e9f2f4f2f40000b5,benign,,
1762525323.4353,0xba,8,033264324102000e,benign,,
1762525323.4381263,0xce,8,9201920192019201,benign,,
1762525323.4420366,0x24b,8,0008000000000000,benign,,
1762525323.4524403,0x2f6,8,0800000000000000,benign,,
1762525323.459268,0x1b4,8,0000000000000000,benign,,
1762525323.49584,0x1a0,8,181000f02030026a,benign,,
1762525323.5941615,0xc4,8,f3f8f9f8f90000d5,benign,,
1762525323.5981483,0xba,8,033264324102000e,benign,,
1762525323.5997899,0xce,8,8401840184018401,benign,,
1762525323.601877,0x24b,8,0008000000000000,benign,,
1762525323.6133738,0x2f6,8,0800000000000000,benign,,
1762525323.6197681,0x1b4,8,0000000000000000,benign,,
1762525323.661201,0x1a0,8,191000f02030026b,benign,,
1762525323.7847595,0xc4,8,fdfefefefe0000f5,benign,,
1762525323.7877917,0xba,8,033264324102000e,benign,,
1762525323.7891572,0xce,8,9801980198019801,benign,,
1762525323.7908697,0x24b,8,0008000000000000,benign,,
1762525323.802196,0x2f6,8,0800000000000000,benign,,
1762525323.8065515,0x1b4,8,0000000000000000,benign,,
1762525323.8362608,0x1a0,8,1c001ef12030027d,benign,,
1762525323.9351742,0xc4,8,0703050405000018,benign,,
1762525323.9398224,0xba,8,033264324102000e,benign,,
1762525323.9423583,0xce,8,bc01bc01bc01bc01,benign,,
1762525323.946547,0x24b,8,0008000000000000,benign,,
1762525323.957817,0x2f6,8,0800000000000000,benign,,
1762525323.9626284,0x1b4,8,0000000000000000,benign,,
1762525323.9954958,0x1a0,8,1c001ef12030027d,benign,,
1762525324.1157794,0xc4,8,080505050500001c,benign,,
1762525324.1185656,0xba,8,033264324102000e,benign,,
1762525324.1202116,0xce,8,ba01ba01ba01ba01,benign,,
1762525324.1215336,0x24b,8,0008000000000000,benign,,
1762525324.1342714,0x2f6,8,0800000000000000,benign,,
1762525324.1376333,0x1b4,8,0000000000000000,benign,,
1762525324.1709712,0x1a0,8,1a1000f02030026c,benign,,
1762525324.291938,0xc4,8,0d0808080800002d,benign,,
1762525324.2968843,0xba,8,033264324102000e,benign,,
1762525324.2985947,0xce,8,9901990199019901,benign,,
1762525324.3010626,0x24b,8,0008000000000000,benign,,
1762525324.3136098,0x2f6,8,0800000000000000,benign,,
1762525324.3183892,0x1b4,8,0000000000000000,benign,,
1762525324.3488472,0x1a0,8,191000f02030026b,benign,,
1762525324.448973,0xc4,8,030202020200000b,benign,,
1762525324.451796,0xba,8,033264324102000e,benign,,
1762525324.4534464,0xce,8,8d018d018d018d01,benign,,
1762525324.455263,0x24b,8,0008000000000000,benign,,
1762525324.4665363,0x2f6,8,0800000000000000,benign,,
1762525324.4695578,0x1b4,8,0000000000000000,benign,,
1762525324.4991853,0x1a0,8,1a1000f02030026c,benign,,
1762525324.597701,0xc4,8,f9fdfcfcfc0000ea,benign,,
1762525324.600161,0xba,8,033264324102000e,benign,,
1762525324.6014905,0xce,8,9d019d019d019d01,benign,,
1762525324.602893,0x24b,8,0008000000000000,benign,,
1762525324.613219,0x2f6,8,0800000000000000,benign,,
1762525324.6171067,0x1b4,8,0000000000000000,benign,,
1762525324.6479642,0x1a0,8,1c001ef12030027d,benign,,
1762525324.751297,0xc4,8,f0f9f7f6f70000cd,benign,,
1762525324.7510974,0x1a0,8,16200000000000bb,attack,fuzz,A1762525324_8997
1762525324.7577431,0xba,8,033264324102000e,benign,,
1762525324.76007,0xce,8,bf01bf01bf01bf01,benign,,
1762525324.7602744,0x1a0,8,9d20000000000068,attack,fuzz,A1762525324_8997
1762525324.7629745,0x24b,8,0008000000000000,benign,,
1762525324.766988,0x1a0,8,0020000000000042,attack,fuzz,A1762525324_8997
1762525324.770415,0x1a0,8,242000000000003f,attack,fuzz,A1762525324_8997
1762525324.7776158,0x2f6,8,0800000000000000,benign,,
1762525324.7845104,0x1b4,8,0000000000000000,benign,,
1762525324.7899132,0x1a0,8,09200000000000c3,attack,fuzz,A1762525324_8997
1762525324.7964985,0x1a0,8,21200000000000e5,attack,fuzz,A1762525324_8997
1762525324.809139,0x1a0,8,bd20000000000092,attack,fuzz,A1762525324_8997
1762525324.8341532,0x1a0,8,1b001ef12030027c,benign,,
1762525324.8362677,0x1a0,8,1820000000000049,attack,fuzz,A1762525324_8997
1762525324.9516063,0xc4,8,fafcfcfcfc0000ea,benign,,
1762525324.9547157,0x1a0,8,1320000000000012,attack,fuzz,A1762525324_8997
1762525324.9554367,0xba,8,033264324102000e,benign,,
1762525324.9570317,0xce,8,b701b701b701b701,benign,,
1762525324.958213,0x1a0,8,0a200000000000a5,attack,fuzz,A1762525324_8997
1762525324.9585612,0x24b,8,0008000000000000,benign,,
1762525324.9616437,0x1a0,8,ac20000000000065,attack,fuzz,A1762525324_8997
1762525324.965474,0x1a0,8,3f2000000000003d,attack,fuzz,A1762525324_8997
1762525324.9739602,0x2f6,8,0800000000000000,benign,,
1762525324.9748342,0x1a0,8,6520000000000029,attack,fuzz,A1762525324_8997
1762525324.9783664,0x1b4,8,0000000000000000,benign,,
1762525324.9814823,0x1a0,8,0820000000000074,attack,fuzz,A1762525324_8997
1762525324.9890409,0x1a0,8,a4200000000000db,attack,fuzz,A1762525324_8997
1762525324.9975789,0x1a0,8,90200000000000cb,attack,fuzz,A1762525324_8997
1762525325.0302074,0x1a0,8,7920000000000020,attack,fuzz,A1762525324_8997
1762525325.0368335,0x1a0,8,191000f02030026b,benign,,
1762525325.0396523,0x1a0,8,1020000000000057,attack,fuzz,A1762525324_8997
1762525325.1609812,0xc4,8,040202020200000c,benign,,
1762525325.1642468,0xba,8,033264324102000e,benign,,
1762525325.1649184,0x1a0,8,c3200000000000a2,attack,fuzz,A1762525324_8997
1762525325.1662085,0xce,8,8c018c018c018c01,benign,,
1762525325.167704,0x24b,8,0008000000000000,benign,,
1762525325.1700518,0x1a0,8,6820000000000009,attack,fuzz,A1762525324_8997
1762525325.1743693,0x1a0,8,65200000000000af,attack,fuzz,A1762525324_8997
1762525325.1828475,0x2f6,8,0800000000000000,benign,,
1762525325.1821773,0x1a0,8,c320000000000038,attack,fuzz,A1762525324_8997
1762525325.1886392,0x1b4,8,0000000000000000,benign,,
1762525325.1914718,0x1a0,8,6620000000000039,attack,fuzz,A1762525324_8997
1762525325.21311,0x1a0,8,892000000000007d,attack,fuzz,A1762525324_8997
1762525325.2197623,0x1a0,8,8e200000000000be,attack,fuzz,A1762525324_8997
1762525325.2235334,0x1a0,8,3520000000000045,attack,fuzz,A1762525324_8997
1762525325.2369716,0x1a0,8,622000000000000a,attack,fuzz,A1762525324_8997
1762525325.2752829,0x1a0,8,191000f02030026b,benign,,
1762525325.279925,0x1a0,8,0e20000000000049,attack,fuzz,A1762525324_8997
1762525325.408685,0xc4,8,feffffffff0000fa,benign,,
1762525325.4150114,0x1a0,8,1c200000000000fd,attack,fuzz,A1762525324_8997
1762525325.4154425,0xba,8,033264324102000e,benign,,
1762525325.4264967,0xce,8,8e018e018e018e01,benign,,
1762525325.431267,0x24b,8,0008000000000000,benign,,
1762525325.4324024,0x1a0,8,a920000000000058,attack,fuzz,A1762525324_8997
1762525325.4478922,0x1a0,8,89200000000000e8,attack,fuzz,A1762525324_8997
1762525325.4575238,0x1a0,8,032000000000007a,attack,fuzz,A1762525324_8997
1762525325.4663806,0x1a0,8,342000000000006d,attack,fuzz,A1762525324_8997
1762525325.4728281,0x2f6,8,0800000000000000,benign,,
1762525325.478761,0x1b4,8,0000000000000000,benign,,
1762525325.4840515,0x1a0,8,1f20000000000066,attack,fuzz,A1762525324_8997
1762525325.4901023,0x1a0,8,b5200000000000c3,attack,fuzz,A1762525324_8997
1762525325.5000777,0x1a0,8,ad20000000000005,attack,fuzz,A1762525324_8997
1762525325.5253463,0x1a0,8,c020000000000039,attack,fuzz,A1762525324_8997
1762525352.532998,0x1a0,8,6120000000000057,benign,,
1762525352.5323248,0x1a0,8,1c000df12030026c,benign,,
1762525352.6517446,0x1a0,8,36200000000000ee,benign,,
1762525352.6493433,0xc4,8,0604040404000016,benign,,
1762525352.6560094,0xba,8,033264324102000e,benign,,
1762525352.6576626,0xce,8,ba01ba01ba01ba01,benign,,
1762525352.6579392,0x1a0,8,9a200000000000bf,benign,,
1762525352.6599278,0x24b,8,0008000000000000,benign,,
1762525352.6629493,0x1a0,8,442000000000000f,benign,,
1762525352.666306,0x1a0,8,0d200000000000c7,benign,,
1762525352.6730847,0x2f6,8,0800000000000000,benign,,
1762525352.6792758,0x1a0,8,4420000000000039,benign,,
1762525352.680636,0x1b4,8,0000000000000000,benign,,
1762525352.693891,0x1a0,8,ad20000000000096,benign,,
1762525352.7181668,0x1a0,8,6c20000000000081,benign,,
1762525352.7304554,0x1a0,8,1b0017f120300275,benign,,
1762525325.772783,0x1a0,8,9320000000000058,benign,,
1762525325.8974962,0xc4,8,fcfefefefe0000f4,benign,,
1762525325.9000576,0xba,8,033264324102000e,benign,,
1762525325.9002423,0x1a0,8,af200000000000a3,benign,,
1762525325.901629,0xce,8,ae01ae01ae01ae01,benign,,
1762525325.9026957,0x24b,8,0008000000000000,benign,,
1762525325.9038255,0x1a0,8,12200000000000cf,benign,,
1762525325.9073908,0x1a0,8,7f2000000000000f,benign,,
1762525325.9105484,0x1a0,8,982000000000002c,benign,,
1762525325.916865,0x2f6,8,0800000000000000,benign,,
1762525325.919099,0x1a0,8,ae200000000000a3,benign,,
1762525325.919438,0x1b4,8,0000000000000000,benign,,
1762525325.9237347,0x1a0,8,1620000000000099,benign,,
1762525325.9297123,0x1a0,8,bb20000000000068,benign,,
1762525325.956737,0x1a0,8,0b20000000000034,benign,,
1762525325.9619749,0x1a0,8,191000f02030026b,benign,,
1762525326.081734,0x1a0,8,5b2000000000000e,benign,,
1762525326.0815322,0xc4,8,f8fbfbfbfb0000e4,benign,,
1762525326.084961,0xba,8,033264324100000c,benign,,
1762525326.0866597,0xce,8,8a018a018a018a01,benign,,
1762525326.086793,0x1a0,8,2a200000000000fc,benign,,
1762525326.0884101,0x24b,8,0008000000000000,benign,,
1762525326.0931113,0x1a0,8,6820000000000047,benign,,
1762525326.096539,0x1a0,8,29200000000000a9,benign,,
1762525326.101974,0x1a0,8,772000000000002d,benign,,
1762525326.1037443,0x2f6,8,0800000000000000,benign,,
1762525326.106059,0x1b4,8,0000000000000000,benign,,
1762525326.1082265,0x1a0,8,2c200000000000b6,benign,,
1762525326.1135612,0x1a0,8,c2200000000000be,benign,,
1762525326.1170962,0x1a0,8,7b2000000000003d,benign,,
1762525326.1223786,0x1a0,8,a520000000000036,benign,,
1762525326.1324198,0x1a0,8,c420000000000012,benign,,
1762525326.1410315,0x1a0,8,151000f020300267,benign,,
1762525326.146527,0x1a0,8,7e20000000000022,benign,,
1762525326.2640278,0x1a0,8,bc200000000000e4,benign,,
1762525326.2638333,0xc4,8,0201010101000006,benign,,
1762525326.2661347,0xba,8,033264324101000d,benign,,
1762525326.267804,0xce,8,5601560156015601,benign,,
1762525326.2686772,0x1a0,8,0820000000000097,benign,,
1762525326.269953,0x24b,8,0008000000000000,benign,,
1762525326.2714858,0x1a0,8,86200000000000ac,benign,,
1762525326.2745652,0x1a0,8,1e200000000000c4,benign,,
1762525326.2787597,0x1a0,8,262000000000006d,benign,,
1762525326.2844875,0x2f6,8,0800000000000000,benign,,
1762525326.2829056,0x1a0,8,6c200000000000d1,benign,,
1762525326.285856,0x1b4,8,0000000000000000,benign,,
1762525326.2884252,0x1a0,8,4320000000000096,benign,,
1762525326.29285,0x1a0,8,55200000000000e6,benign,,
1762525326.2960837,0x1a0,8,a92000000000007e,benign,,
1762525326.2993605,0x1a0,8,34200000000000b6,benign,,
1762525326.3035586,0x1a0,8,542000000000002c,benign,,
1762525326.3063612,0x1a0,8,b2200000000000b1,benign,,
1762525326.3127306,0x1a0,8,34200000000000dc,benign,,
1762525326.3231118,0x1a0,8,151000f020300267,benign,,
1762525326.3247054,0x1a0,8,a5200000000000b9,benign,,
1762525326.4344716,0xc4,8,0604040404000016,benign,,
1762525326.4382622,0xba,8,033264324101000d,benign,,
1762525326.4387758,0x1a0,8,15200000000000e1,benign,,
1762525326.4399703,0xce,8,4b014b014b014b01,benign,,
1762525326.4415398,0x24b,8,0008000000000000,benign,,
1762525326.4435313,0x1a0,8,0d200000000000f2,benign,,
1762525326.447016,0x1a0,8,ab20000000000016,benign,,
1762525326.454744,0x1a0,8,38200000000000ec,benign,,
1762525326.4549537,0x2f6,8,0800000000000000,benign,,
1762525326.458288,0x1b4,8,0000000000000000,benign,,
1762525326.4606194,0x1a0,8,532000000000002c,benign,,
1762525326.4683874,0x1a0,8,4d200000000000a9,benign,,
1762525326.477657,0x1a0,8,4820000000000079,benign,,
1762525326.488463,0x1a0,8,4f20000000000034,benign,,
1762525326.5132957,0x1a0,8,171000f020300269,benign,,
1762525326.5504096,0x1a0,8,a42000000000000e,benign,,
1762525326.621813,0xc4,8,fcfefefefe0000f4,benign,,
1762525326.6239913,0xba,8,033264324101000d,benign,,
1762525326.6254203,0x1a0,8,41200000000000b0,benign,,
1762525326.6255312,0xce,8,7201720172017201,benign,,
1762525326.6268637,0x24b,8,0008000000000000,benign,,
1762525326.62875,0x1a0,8,182000000000009d,benign,,
1762525326.6320388,0x1a0,8,21200000000000ac,benign,,
1762525326.6356199,0x1a0,8,7e2000000000008e,benign,,
1762525326.639608,0x2f6,8,0800000000000000,benign,,
1762525326.642717,0x1b4,8,0000000000000000,benign,,
1762525326.6426322,0x1a0,8,1a20000000000019,benign,,
1762525326.6479383,0x1a0,8,29200000000000f1,benign,,
1762525326.6519883,0x1a0,8,8a20000000000074,benign,,
1762525326.6597366,0x1a0,8,a6200000000000fa,benign,,
1762525326.666361,0x1a0,8,66200000000000ab,benign,,
1762525326.673255,0x1a0,8,171000f020300269,benign,,
1762525326.7328792,0x1a0,8,762000000000008f,benign,,
1762525326.7677305,0xc4,8,fcfdfefefe0000f3,benign,,
1762525326.7711394,0xba,8,033264324100000c,benign,,
1762525326.7723076,0x1a0,8,9a2000000000004b,benign,,
1762525326.7726712,0xce,8,7701770177017701,benign,,
1762525326.7741148,0x24b,8,0008000000000000,benign,,
1762525326.7764952,0x1a0,8,4e20000000000073,benign,,
1762525326.7797308,0x1a0,8,20200000000000e6,benign,,
1762525326.7836795,0x1a0,8,4220000000000066,benign,,
1762525326.787464,0x2f6,8,0800000000000000,benign,,
1762525326.7904053,0x1a0,8,05200000000000b7,benign,,
1762525326.7905092,0x1b4,8,0000000000000000,benign,,
1762525326.7945304,0x1a0,8,3420000000000099,benign,,
1762525326.7996097,0x1a0,8,6e20000000000027,benign,,
1762525326.8120708,0x1a0,8,b420000000000050,benign,,
1762525326.8159568,0x1a0,8,1120000000000009,benign,,
1762525326.821165,0x1a0,8,1c001ef12030027d,benign,,
1762525326.9153721,0xc4,8,030202020200000b,benign,,
1762525326.9184508,0x1a0,8,0220000000000042,benign,,
1762525326.9190392,0xba,8,033264324102000e,benign,,
1762525326.9200814,0xce,8,c201c201c201c201,benign,,
1762525326.9216127,0x1a0,8,8e200000000000b7,benign,,
1762525326.921748,0x24b,8,0008000000000000,benign,,
1762525326.9251163,0x1a0,8,062000000000009d,benign,,
1762525326.928368,0x1a0,8,b020000000000066,benign,,
1762525326.9340096,0x2f6,8,0800000000000000,benign,,
1762525326.9334574,0x1a0,8,98200000000000fc,benign,,
1762525326.9369433,0x1b4,8,0000000000000000,benign,,
1762525326.940175,0x1a0,8,21200000000000eb,benign,,
1762525326.9471526,0x1a0,8,1e2000000000001a,benign,,
1762525326.9548867,0x1a0,8,69200000000000d5,benign,,
1762525326.9688993,0x1a0,8,972000000000006a,benign,,
1762525326.984843,0x1a0,8,1d001ef12030027e,benign,,
1762525327.0052836,0x1a0,8,7920000000000097,benign,,
1762525327.1065345,0xc4,8,fbfdfdfdfd0000ef,benign,,
1762525327.110101,0xba,8,033264324102000e,benign,,
1762525327.1099756,0x1a0,8,2020000000000037,benign,,
1762525327.1117852,0xce,8,cb01cb01cb01cb01,benign,,
1762525327.1135004,0x24b,8,0008000000000000,benign,,
1762525327.1143005,0x1a0,8,3a20000000000020,benign,,
1762525327.1183972,0x1a0,8,1e200000000000ef,benign,,
1762525327.1217763,0x1a0,8,36200000000000c2,benign,,
1762525327.1264024,0x2f6,8,0800000000000000,benign,,
1762525327.1297848,0x1b4,8,0000000000000000,benign,,
1762525327.1300776,0x1a0,8,9a200000000000de,benign,,
1762525327.1370502,0x1a0,8,90200000000000d3,benign,,
1762525327.141574,0x1a0,8,442000000000004d,benign,,
1762525327.151222,0x1a0,8,a22000000000003a,benign,,
1762525327.1594126,0x1a0,8,932000000000000e,benign,,
1762525327.1639163,0x1a0,8,1a0000f02030025c,benign,,
1762525327.2870927,0x1a0,8,55200000000000e1,benign,,
1762525327.2869072,0xc4,8,030202020200000b,benign,,
1762525327.290209,0xba,8,033264324102000e,benign,,
1762525327.2923212,0x1a0,8,a8200000000000b9,benign,,
1762525327.2924268,0xce,8,a501a501a501a501,benign,,
1762525327.293858,0x24b,8,0008000000000000,benign,,
1762525327.2963722,0x1a0,8,57200000000000a4,benign,,
1762525327.2994344,0x1a0,8,4620000000000015,benign,,
1762525327.3041458,0x1a0,8,b620000000000047,benign,,
1762525327.3072965,0x2f6,8,0800000000000000,benign,,
1762525327.3104985,0x1b4,8,0000000000000000,benign,,
1762525327.3107119,0x1a0,8,3720000000000095,benign,,
1762525327.316961,0x1a0,8,be200000000000e8,benign,,
1762525327.3210034,0x1a0,8,972000000000004e,benign,,
1762525327.33208,0x1a0,8,2d200000000000e8,benign,,
1762525327.342609,0x1a0,8,602000000000005a,benign,,
1762525327.344811,0x1a0,8,191000f02030026b,benign,,
1762525327.4633722,0xc4,8,fbfdfdfdfd0000ef,benign,,
1762525327.4664183,0x1a0,8,9a200000000000ff,benign,,
1762525327.4670873,0xba,8,033264324102000e,benign,,
1762525327.4684672,0xce,8,9501950195019501,benign,,
1762525327.4698784,0x1a0,8,5620000000000036,benign,,
1762525327.470236,0x24b,8,0008000000000000,benign,,
1762525327.4825475,0x2f6,8,0800000000000000,benign,,
1762525327.4875295,0x1b4,8,0000000000000000,benign,,
1762525327.518124,0x1a0,8,1a1000f02030026c,benign,,
1762525327.6600382,0xc4,8,0503030303000011,benign,,
1762525327.6694798,0xba,8,033264324102000e,benign,,
1762525327.6792924,0xce,8,a701a701a701a701,benign,,
1762525327.681402,0x24b,8,0008000000000000,benign,,
1762525327.68776,0x2f6,8,0800000000000000,benign,,
1762525327.6932678,0x1b4,8,0000000000000000,benign,,
1762525327.726437,0x1a0,8,1d001ef12030027e,benign,,
1762525327.827223,0xc4,8,0f06090909000030,benign,,
1762525327.832206,0xba,8,033264324102000e,benign,,
1762525327.8338547,0xce,8,cd01cd01cd01cd01,benign,,
1762525327.8357904,0x24b,8,0008000000000000,benign,,
1762525327.8478272,0x2f6,8,0800000000000000,benign,,
1762525327.8554075,0x1b4,8,0000000000000000,benign,,
1762525327.8942742,0x1a0,8,1c001ef12030027d,benign,,
1762525328.0158536,0xc4,8,130a0b0a0b00003d,benign,,
1762525328.019878,0xba,8,033264324102000e,benign,,
1762525328.021432,0xce,8,c501c501c501c501,benign,,
1762525328.022964,0x24b,8,0008000000000000,benign,,
1762525328.0345764,0x2f6,8,0800000000000000,benign,,
1762525328.0382977,0x1b4,8,0000000000000000,benign,,
1762525328.0760467,0x1a0,8,1a1000f02030026c,benign,,
1762525328.2022552,0xc4,8,090505050500001d,benign,,
1762525328.2061858,0xba,8,033264324102000e,benign,,
1762525328.20846,0xce,8,9f019f019f019f01,benign,,
1762525328.2131217,0x24b,8,0008000000000000,benign,,
1762525328.2225447,0x2f6,8,0800000000000000,benign,,
1762525328.2262342,0x1b4,8,0000000000000000,benign,,
1762525328.2612147,0x1a0,8,191000f02030026b,benign,,
1762525328.3785555,0xc4,8,ffffffffff0000fb,benign,,
1762525328.3820539,0xba,8,033264324102000e,benign,,
1762525328.384111,0xce,8,9401940194019401,benign,,
1762525328.3859549,0x24b,8,0008000000000000,benign,,
1762525328.3987808,0x2f6,8,0800000000000000,benign,,
1762525328.4024067,0x1b4,8,0000000000000000,benign,,
1762525328.4303832,0x1a0,8,1b1000f02030026d,benign,,
1762525328.5319903,0xc4,8,0704040404000017,benign,,
1762525328.5357394,0xba,8,033264324102000e,benign,,
1762525328.5372944,0xce,8,ab01ab01ab01ab01,benign,,
1762525328.539024,0x24b,8,0008000000000000,benign,,
1762525328.5510058,0x2f6,8,0800000000000000,benign,,
1762525328.5552557,0x1b4,8,0000000000000000,benign,,
1762525328.587675,0x1a0,8,1c001ef12030027d,benign,,
1762525328.6983037,0xc4,8,feffffffff0000fa,benign,,
1762525328.7021139,0xba,8,033264324102000e,benign,,
1762525328.703562,0xce,8,c001c001c001c001,benign,,
1762525328.7050533,0x24b,8,0008000000000000,benign,,
1762525328.718968,0x2f6,8,0800000000000000,benign,,
1762525328.723264,0x1b4,8,0000000000000000,benign,,
1762525328.7574651,0x1a0,8,1b0019f120300277,benign,,
1762525328.8612416,0xc4,8,0503030303000011,benign,,
1762525328.8653715,0xba,8,033264324102000e,benign,,
1762525328.8666651,0xce,8,b001b001b001b001,benign,,
1762525328.867907,0x24b,8,0008000000000000,benign,,
1762525328.87926,0x2f6,8,0800000000000000,benign,,
1762525328.8837633,0x1b4,8,0000000000000000,benign,,
1762525328.9119763,0x1a0,8,191000f02030026b,benign,,
1762525329.003139,0xc4,8,fbfdfdfdfd0000ef,benign,,
1762525329.0062616,0xba,8,033264324102000e,benign,,
1762525329.008033,0xce,8,8f018f018f018f01,benign,,
1762525329.0095434,0x24b,8,0008000000000000,benign,,
1762525329.0205705,0x2f6,8,0800000000000000,benign,,
1762525329.0237463,0x1b4,8,0000000000000000,benign,,
1762525329.0552328,0x1a0,8,180032f12030028d,benign,,
1762525329.1599114,0xc4,8,0000000000000000,benign,,
1762525329.1638613,0xba,8,033264324102000e,benign,,
1762525329.1654282,0xce,8,8201820182018201,benign,,
1762525329.166966,0x24b,8,0008000000000000,benign,,
1762525329.1808796,0x2f6,8,0800000000000000,benign,,
1762525329.1856186,0x1b4,8,0000000000000000,benign,,
1762525329.2152407,0x1a0,8,170032f12030028c,benign,,
1762525329.3242123,0xc4,8,0000000000000000,benign,,
1762525329.327208,0xba,8,033264324102000e,benign,,
1762525329.3286538,0xce,8,6d016d016d016d01,benign,,
1762525329.3306978,0x24b,8,0008000000000000,benign,,
1762525329.3427086,0x2f6,8,0800000000000000,benign,,
1762525329.3460739,0x1b4,8,0000000000000000,benign,,
1762525329.3774908,0x1a0,8,140032f120300289,benign,,
1762525329.4942093,0xc4,8,0000000000000000,benign,,
1762525329.4965916,0xba,8,033264324101000d,benign,,
1762525329.498111,0xce,8,3c013c013c013c01,benign,,
1762525329.4996874,0x24b,8,0008000000000000,benign,,
1762525329.5115163,0x2f6,8,0800000000000000,benign,,
1762525329.5151014,0x1b4,8,0000000000000000,benign,,
1762525329.5456483,0x1a0,8,070032f12030027c,benign,,
1762525329.6492105,0xc4,8,0000000000000000,benign,,
1762525329.6526268,0xba,8,033264324101000d,benign,,
1762525329.6545856,0xce,8,6a006a006a006a00,benign,,
1762525329.657646,0x24b,8,0008000000000000,benign,,
1762525329.6670787,0x2f6,8,0800000000000000,benign,,
1762525329.6702185,0x1b4,8,0000000000000000,benign,,
1762525329.7097805,0x1a0,8,000032f120300275,benign,,
1762525329.855489,0xc4,8,0000000000000000,benign,,
1762525329.864983,0xba,8,033264324101000d,benign,,
1762525329.8721209,0xce,8,0000000000000000,benign,,
1762525329.8821194,0x24b,8,0008000000000000,benign,,
1762525329.9154017,0x2f6,8,0800000000000000,benign,,
1762525329.9173162,0x1b4,8,0000000000000000,benign,,
1762525329.9502213,0x1a0,8,000032f120300275,benign,,
1762525330.0545018,0xc4,8,0000000000000000,benign,,
1762525330.059049,0xba,8,033264324101000d,benign,,
1762525330.0616376,0xce,8,0000000000000000,benign,,
1762525330.064695,0x24b,8,0008000000000000,benign,,
1762525330.077512,0x2f6,8,0800000000000000,benign,,
1762525330.0835047,0x1b4,8,0000000000000000,benign,,
1762525330.1228306,0x1a0,8,000032f120300275,benign,,
1762525330.2415323,0xc4,8,0000000000000000,benign,,
1762525330.2456822,0xba,8,033264324101000d,benign,,
1762525330.2476058,0xce,8,0000000000000000,benign,,
1762525330.250391,0x24b,8,0008000000000000,benign,,
1762525330.2596507,0x2f6,8,0800000000000000,benign,,
1762525330.265504,0x1b4,8,0000000000000000,benign,,
1762525330.3022473,0x1a0,8,000032f120300275,benign,,
1762525330.4270284,0xc4,8,0000000000000000,benign,,
1762525330.4295633,0xba,8,033264324101000d,benign,,
1762525330.4313242,0xce,8,0000000000000000,benign,,
1762525330.4332938,0x24b,8,0008000000000000,benign,,
1762525330.4451575,0x2f6,8,0800000000000000,benign,,
1762525330.4483247,0x1b4,8,0000000000000000,benign,,
1762525330.4777193,0x1a0,8,000032f120300275,benign,,
1762525357.5448499,0xc4,8,0000000000000000,benign,,
1762525357.5472164,0xba,8,033264324101000d,benign,,
1762525357.5488274,0xce,8,0000000000000000,benign,,
1762525357.5510204,0x24b,8,0008000000000000,benign,,
1762525357.5630696,0x2f6,8,0800000000000000,benign,,
1762525357.5661302,0x1b4,8,0000000000000000,benign,,
1762525357.5943317,0x1a0,8,000032f120300275,benign,,
1762525357.6854098,0xc4,8,0000000000000000,benign,,
1762525357.6876087,0xba,8,033264324101000d,benign,,
1762525357.68919,0xce,8,0000000000000000,benign,,
1762525357.690955,0x24b,8,0008000000000000,benign,,
1762525357.7021189,0x2f6,8,0800000000000000,benign,,
1762525357.7053678,0x1b4,8,0000000000000000,benign,,
1762525357.7334673,0x1a0,8,000032f120300275,benign,,
1762525330.8634715,0xc4,8,0000000000000000,benign,,
1762525330.8660986,0xba,8,033264324101000d,benign,,
1762525330.867447,0xce,8,0000000000000000,benign,,
1762525330.8689206,0x24b,8,0008000000000000,benign,,
1762525330.8797262,0x2f6,8,0800000000000000,benign,,
1762525330.8824563,0x1b4,8,0000000000000000,benign,,
1762525330.9121017,0x1a0,8,000032f120300275,benign,,
1762525331.0150864,0xc4,8,0000000000000000,benign,,
1762525331.0184166,0xba,8,033264324101000d,benign,,
1762525331.019976,0xce,8,0000000000000000,benign,,
1762525331.0217028,0x24b,8,0008000000000000,benign,,
1762525331.0317454,0x2f6,8,0800000000000000,benign,,
1762525331.034858,0x1b4,8,0000000000000000,benign,,
1762525331.063634,0x1a0,8,000032f120300275,benign,,
1762525331.1634512,0xc4,8,0000000000000000,benign,,
1762525331.1664348,0xba,8,033264324101000d,benign,,
1762525331.1678994,0xce,8,0000000000000000,benign,,
1762525331.1694756,0x24b,8,0008000000000000,benign,,
1762525331.1825376,0x2f6,8,0800000000000000,benign,,
1762525331.1851547,0x1b4,8,0000000000000000,benign,,
1762525331.2141535,0x1a0,8,000032f120300275,benign,,
1762525331.3105175,0xc4,8,0000000000000000,benign,,
1762525331.314137,0xba,8,033264324101000d,benign,,
1762525331.3156066,0xce,8,0000000000000000,benign,,
1762525331.3178842,0x24b,8,0008000000000000,benign,,
1762525331.3283873,0x2f6,8,0800000000000000,benign,,
1762525331.3318975,0x1b4,8,0000000000000000,benign,,
1762525331.3598506,0x1a0,8,000032f120300275,benign,,
1762525331.4662857,0xc4,8,0000000000000000,benign,,
1762525331.4700823,0xba,8,033264324101000d,benign,,
1762525331.472101,0xce,8,0000000000000000,benign,,
1762525331.474205,0x24b,8,0008000000000000,benign,,
1762525331.4849582,0x2f6,8,0800000000000000,benign,,
1762525331.4892783,0x1b4,8,0000000000000000,benign,,
1762525331.528406,0x1a0,8,000032f120300275,benign,,
1762525331.6233234,0xc4,8,0000000000000000,benign,,
1762525331.6274455,0xba,8,033264324101000d,benign,,
1762525331.6290324,0xce,8,0000000000000000,benign,,
1762525331.6308177,0x24b,8,0008000000000000,benign,,
1762525331.6426525,0x2f6,8,0800000000000000,benign,,
1762525331.6472712,0x1b4,8,0000000000000000,benign,,
1762525331.6790187,0x1a0,8,000032f120300275,benign,,
1762525331.777336,0xc4,8,0000000000000000,benign,,
1762525331.7804642,0xba,8,033264324101000d,benign,,
1762525331.7820456,0xce,8,0000000000000000,benign,,
1762525331.7837412,0x24b,8,0008000000000000,benign,,
1762525331.7947967,0x2f6,8,0800000000000000,benign,,
1762525331.8014297,0x1b4,8,0000000000000000,benign,,
1762525331.8293147,0x1a0,8,000032f120300275,benign,,
1762525331.9260519,0xc4,8,0000000000000000,benign,,
1762525331.9289932,0xba,8,033264324101000d,benign,,
1762525331.930454,0xce,8,0000000000000000,benign,,
1762525331.93338,0x24b,8,0008000000000000,benign,,
1762525331.9454584,0x2f6,8,0800000000000000,benign,,
1762525331.952531,0x1b4,8,0000000000000000,benign,,
1762525332.0058968,0x1a0,8,000032f120300275,benign,,
1762525332.1396801,0xc4,8,0000000000000000,benign,,
1762525332.1457863,0xba,8,033264324101000d,benign,,
1762525332.1478822,0xce,8,0000000000000000,benign,,
1762525332.1503928,0x24b,8,0008000000000000,benign,,
1762525332.1603143,0x2f6,8,0800000000000000,benign,,
1762525332.1656451,0x1b4,8,0000000000000000,benign,,
1762525332.1949456,0x1a0,8,000032f120300275,benign,,
1762525332.3013473,0xc4,8,0000000000000000,benign,,
1762525332.3116186,0xba,8,033264324101000d,benign,,
1762525332.314846,0xce,8,0000000000000000,benign,,
1762525332.3232002,0x24b,8,0008000000000000,benign,,
1762525332.3447847,0x2f6,8,0800000000000000,benign,,
1762525332.3481936,0x1b4,8,0000000000000000,benign,,
1762525332.3881822,0x1a0,8,000032f120300275,benign,,
1762525332.4887044,0xc4,8,0000000000000000,benign,,
1762525332.4919045,0xba,8,033264324101000d,benign,,
1762525332.4938364,0xce,8,0000000000000000,benign,,
1762525332.4970615,0x24b,8,0008000000000000,benign,,
1762525332.5079074,0x2f6,8,0800000000000000,benign,,
1762525332.5135276,0x1b4,8,0000000000000000,benign,,
1762525332.5514512,0x1a0,8,000032f120300275,benign,,
1762525332.6606925,0xc4,8,0000000000000000,benign,,
1762525332.663835,0xba,8,033264324101000d,benign,,
1762525332.6651437,0xce,8,0000000000000000,benign,,
1762525332.6667836,0x24b,8,0008000000000000,benign,,
1762525332.6774583,0x2f6,8,0800000000000000,benign,,
1762525332.6802053,0x1b4,8,0000000000000000,benign,,
1762525332.7084281,0x1a0,8,000032f120300275,benign,,
1762525332.7969353,0xc4,8,0000000000000000,benign,,
1762525332.7993145,0xba,8,033264324101000d,benign,,
1762525332.80088,0xce,8,0000000000000000,benign,,
1762525332.8024487,0x24b,8,0008000000000000,benign,,
1762525332.8135319,0x2f6,8,0800000000000000,benign,,
1762525332.8161328,0x1b4,8,0000000000000000,benign,,
1762525332.8434136,0x1a0,8,000032f120300275,benign,,
1762525332.9320092,0xc4,8,0000000000000000,benign,,
1762525332.9346373,0xba,8,033264324101000d,benign,,
1762525332.935944,0xce,8,0000000000000000,benign,,
1762525332.9375138,0x24b,8,0008000000000000,benign,,
1762525332.9491415,0x2f6,8,0800000000000000,benign,,
1762525332.9523587,0x1b4,8,0000000000000000,benign,,
1762525332.9840205,0x1a0,8,000032f120300275,benign,,
1762525333.0803266,0xc4,8,0000000000000000,benign,,
1762525333.0855842,0xba,8,033264324101000d,benign,,
1762525333.0871456,0xce,8,0000000000000000,benign,,
1762525333.0885637,0x24b,8,0008000000000000,benign,,
1762525333.1029422,0x2f6,8,0800000000000000,benign,,
1762525333.1094508,0x1b4,8,0000000000000000,benign,,
1762525333.142113,0x1a0,8,000032f120300275,benign,,
1762525333.249241,0xc4,8,0000000000000000,benign,,
1762525333.2521722,0xba,8,033264324101000d,benign,,
1762525333.2537193,0xce,8,0000000000000000,benign,,
1762525333.2554169,0x24b,8,0008000000000000,benign,,
1762525333.2662146,0x2f6,8,0800000000000000,benign,,
1762525333.2698777,0x1b4,8,0000000000000000,benign,,
1762525333.2989547,0x1a0,8,000032f120300275,benign,,
1762525333.3981636,0xc4,8,0000000000000000,benign,,
1762525333.4013414,0xba,8,033264324101000d,benign,,
1762525333.402841,0xce,8,0000000000000000,benign,,
1762525333.404441,0x24b,8,0008000000000000,benign,,
1762525333.41604,0x2f6,8,0800000000000000,benign,,
1762525333.419588,0x1b4,8,0000000000000000,benign,,
1762525333.4500608,0x1a0,8,000032f120300275,benign,,
1762525333.5646005,0xc4,8,0000000000000000,benign,,
1762525333.5689652,0xba,8,033264324101000d,benign,,
1762525333.5706728,0xce,8,0000000000000000,benign,,
1762525333.5723975,0x24b,8,0008000000000000,benign,,
1762525333.5819626,0x2f6,8,0800000000000000,benign,,
1762525333.585473,0x1b4,8,0000000000000000,benign,,
1762525333.6161966,0x1a0,8,000032f120300275,benign,,
1762525333.71986,0xc4,8,0000000000000000,benign,,
1762525333.7255929,0xba,8,033264324101000d,benign,,
1762525333.7270722,0xce,8,0000000000000000,benign,,
1762525333.7287648,0x24b,8,0008000000000000,benign,,
1762525333.7401638,0x2f6,8,0800000000000000,benign,,
1762525333.744102,0x1b4,8,0000000000000000,benign,,
1762525333.7754157,0x1a0,8,000032f120300275,benign,,
1762525333.8851945,0xc4,8,0000000000000000,benign,,
1762525333.8885198,0xba,8,033264324101000d,benign,,
1762525333.8896005,0xce,8,0000000000000000,benign,,
1762525333.8911762,0x24b,8,0008000000000000,benign,,
1762525333.903724,0x2f6,8,0800000000000000,benign,,
1762525333.907695,0x1b4,8,0000000000000000,benign,,
1762525333.9371045,0x1a0,8,000032f120300275,benign,,
1762525334.042919,0xc4,8,0000000000000000,benign,,
1762525334.0454597,0xba,8,033264324101000d,benign,,
1762525334.0467625,0xce,8,0000000000000000,benign,,
1762525334.0488105,0x24b,8,0008000000000000,benign,,
1762525334.0601802,0x2f6,8,0800000000000000,benign,,
1762525334.0643954,0x1b4,8,0000000000000000,benign,,
1762525334.0964406,0x1a0,8,000032f120300275,benign,,
1762525334.2111511,0xc4,8,0000000000000000,benign,,
1762525334.214251,0xba,8,033264324101000d,benign,,
1762525334.216097,0xce,8,0000000000000000,benign,,
1762525334.219588,0x24b,8,0008000000000000,benign,,
1762525334.2293465,0x2f6,8,0800000000000000,benign,,
1762525334.2328494,0x1b4,8,0000000000000000,benign,,
1762525334.2757554,0x1a0,8,000032f120300275,benign,,
1762525334.4153762,0xc4,8,0000000000000000,benign,,
1762525334.4194078,0xba,8,033264324101000d,benign,,
1762525334.4218051,0xce,8,0000000000000000,benign,,
1762525334.424553,0x24b,8,0008000000000000,benign,,
1762525334.4358983,0x2f6,8,0800000000000000,benign,,
1762525334.4394906,0x1b4,8,0000000000000000,benign,,
1762525334.4692976,0x1a0,8,000032f120300275,benign,,
1762525334.5626113,0xc4,8,0000000000000000,benign,,
1762525334.5672035,0xba,8,033264324101000d,benign,,
1762525334.575116,0xce,8,0000000000000000,benign,,
1762525334.579127,0x24b,8,0008000000000000,benign,,
1762525334.6166272,0x2f6,8,0800000000000000,benign,,
1762525334.6262043,0xc4,8,7c8968a11709244e,attack,spoof,A1762525334_4444
1762525334.6264334,0x1b4,8,0000000000000000,benign,,
1762525334.6516683,0xc4,8,5c970ce3590c49ff,attack,spoof,A1762525334_4444
1762525334.6791503,0xc4,8,3c934a6d5a645af1,attack,spoof,A1762525334_4444
1762525334.7087617,0xc4,8,73116b0d38c2799c,attack,spoof,A1762525334_4444
1762525334.7105427,0x1a0,8,000032f120300275,benign,,
1762525334.8324091,0xc4,8,0000000000000000,benign,,
1762525334.8359988,0xc4,8,6cf506f932466d99,attack,spoof,A1762525334_4444
1762525334.837228,0xba,8,033264324101000d,benign,,
1762525334.8387558,0xce,8,0000000000000000,benign,,
1762525334.8398006,0xc4,8,5491590e5d213924,attack,spoof,A1762525334_4444
1762525334.8402832,0x24b,8,0008000000000000,benign,,
1762525334.8443632,0xc4,8,64ec79c9548b65f1,attack,spoof,A1762525334_4444
1762525334.848089,0xc4,8,0f6f068a43b64d49,attack,spoof,A1762525334_4444
1762525334.852979,0x2f6,8,0800000000000000,benign,,
1762525334.8553288,0x1b4,8,0000000000000000,benign,,
1762525334.8587978,0xc4,8,13d96d195b671f1e,attack,spoof,A1762525334_4444
1762525334.8651161,0xc4,8,79b139e16a4a7257,attack,spoof,A1762525334_4444
1762525334.9086819,0x1a0,8,000032f120300275,benign,,
1762525334.9141235,0xc4,8,417f1c5c2dd96720,attack,spoof,A1762525334_4444
1762525335.024365,0xc4,8,0000000000000000,benign,,
1762525335.0289395,0xc4,8,7c1a11d264761763,attack,spoof,A1762525334_4444
1762525335.0304062,0xba,8,033264324101000d,benign,,
1762525335.0318134,0xce,8,0000000000000000,benign,,
1762525335.0339863,0x24b,8,0008000000000000,benign,,
1762525335.0338438,0xc4,8,7edb05d418fb3336,attack,spoof,A1762525334_4444
1762525335.0380697,0xc4,8,6c76569e7e7917c7,attack,spoof,A1762525334_4444
1762525335.0423057,0xc4,8,27de0ec2783a48c0,attack,spoof,A1762525334_4444
1762525335.0461059,0x2f6,8,0800000000000000,benign,,
1762525335.046391,0xc4,8,2c813eaa48f80c15,attack,spoof,A1762525334_4444
1762525335.0505075,0x1b4,8,0000000000000000,benign,,
1762525335.0540621,0xc4,8,0f43745f3d286d7a,attack,spoof,A1762525334_4444
1762525335.0771706,0xc4,8,450613a3325b7ca6,attack,spoof,A1762525334_4444
1762525335.0925622,0xc4,8,6f18529d10ed460a,attack,spoof,A1762525334_4444
1762525335.09935,0xc4,8,5a2a7deb384a4822,attack,spoof,A1762525334_4444
1762525335.1209848,0xc4,8,064e4960079152be,attack,spoof,A1762525334_4444
1762525335.119418,0x1a0,8,000032f120300275,benign,,
1762525335.2327027,0xc4,8,73a117634ef7721d,attack,spoof,A1762525334_4444
1762525335.2321339,0xc4,8,0000000000000000,benign,,
1762525335.2371511,0xba,8,033264324101000d,benign,,
1762525335.241273,0xce,8,0000000000000000,benign,,
1762525335.2448866,0xc4,8,3b8446a367a34701,attack,spoof,A1762525334_4444
1762525335.2451527,0x24b,8,0008000000000000,benign,,
1762525335.2500665,0xc4,8,13a31eef34c701ed,attack,spoof,A1762525334_4444
1762525335.255056,0x2f6,8,0800000000000000,benign,,
1762525335.254684,0xc4,8,010f6abc673657d4,attack,spoof,A1762525334_4444
1762525335.2600827,0xc4,8,70435e333490105f,attack,spoof,A1762525334_4444
1762525335.2621684,0x1b4,8,0000000000000000,benign,,
1762525335.2685132,0xc4,8,1dda0ca47af350de,attack,spoof,A1762525334_4444
1762525335.294544,0xc4,8,6d7d4073693e75a7,attack,spoof,A1762525334_4444
1762525335.307041,0xc4,8,6d41771a632a314d,attack,spoof,A1762525334_4444
1762525335.3613582,0xc4,8,7ae344482d5d070c,attack,spoof,A1762525334_4444
1762525335.3456924,0x1a0,8,000032f120300275,benign,,
1762525335.4636376,0xc4,8,3c52114b58582b53,attack,spoof,A1762525334_4444
1762525335.485631,0xc4,8,0000000000000000,benign,,
1762525335.489532,0xba,8,033264324101000d,benign,,
1762525335.4924939,0xc4,8,6e11407f6a882839,attack,spoof,A1762525334_4444
1762525335.492381,0xce,8,0000000000000000,benign,,
1762525335.49442,0x24b,8,0008000000000000,benign,,
1762525335.4992635,0xc4,8,126058e245ae0509,attack,spoof,A1762525334_4444
1762525335.503246,0xc4,8,65203f887605571a,attack,spoof,A1762525334_4444
1762525335.5096807,0x2f6,8,0800000000000000,benign,,
1762525335.5139797,0xc4,8,707e38334cf63afd,attack,spoof,A1762525334_4444
1762525335.5149107,0x1b4,8,0000000000000000,benign,,
1762525335.5223837,0xc4,8,701c6dfc51095bb3,attack,spoof,A1762525334_4444
1762525335.5427504,0xc4,8,387b1da80dd857b2,attack,spoof,A1762525334_4444
1762525335.558248,0x1a0,8,000032f120300275,benign,,
1762525335.5702512,0xc4,8,2ef62f736a681750,attack,spoof,A1762525334_4444
1762525362.6450646,0xc4,8,0000000000000000,benign,,
1762525362.6468601,0xc4,8,61990ab337262188,benign,,
1762525362.6472073,0xba,8,033264324101000d,benign,,
1762525362.6484315,0xce,8,0000000000000000,benign,,
1762525362.6499786,0xc4,8,7f47511f7ac3272e,benign,,
1762525362.6504931,0x24b,8,0008000000000000,benign,,
1762525362.6540866,0xc4,8,464b66925e4b2116,benign,,
1762525362.6574695,0xc4,8,223775b333a97ab7,benign,,
1762525362.662891,0x2f6,8,0800000000000000,benign,,
1762525362.6666687,0xc4,8,7ab8095a166527df,benign,,
1762525362.666839,0x1b4,8,0000000000000000,benign,,
1762525362.6727617,0xc4,8,52fd367b2e5d2ec1,benign,,
1762525362.6764193,0xc4,8,0cf93ec207111796,benign,,
1762525362.6803718,0xc4,8,186209b61b56543d,benign,,
1762525362.684223,0xc4,8,26ec759637154ef5,benign,,
1762525362.6905828,0xc4,8,7ffb68801181190d,benign,,
1762525362.695452,0xc4,8,10557cdd3de4504c,benign,,
1762525362.7029781,0x1a0,8,000032f120300275,benign,,
1762525362.7063963,0xc4,8,340028aa23bf3b1d,benign,,
1762525335.848214,0xc4,8,0000000000000000,benign,,
1762525335.850383,0xc4,8,3c4172ec7e513c8d,benign,,
1762525335.850556,0xba,8,033264324101000d,benign,,
1762525335.852104,0xce,8,0000000000000000,benign,,
1762525335.8540134,0x24b,8,0008000000000000,benign,,
1762525335.8542025,0xc4,8,47ba62e9711d53ae,benign,,
1762525335.8584993,0xc4,8,4783590611615166,benign,,
1762525335.8658235,0xc4,8,20091d627b7a4fec,benign,,
1762525335.8665764,0x2f6,8,0800000000000000,benign,,
1762525335.8719096,0x1b4,8,0000000000000000,benign,,
1762525335.8732152,0xc4,8,427d2b395142207c,benign,,
1762525335.8787656,0xc4,8,21ca314369c0590d,benign,,
1762525335.8989828,0xc4,8,6dde23bc45a73e0e,benign,,
1762525335.9174016,0x1a0,8,000032f120300275,benign,,
1762525335.919448,0xc4,8,1156543e31f60b6a,benign,,
1762525336.031127,0xc4,8,0000000000000000,benign,,
1762525336.0350573,0xba,8,033264324101000d,benign,,
1762525336.034925,0xc4,8,401a5b1262f048cf,benign,,
1762525336.0363169,0xce,8,0000000000000000,benign,,
1762525336.0384521,0x24b,8,0008000000000000,benign,,
1762525336.0396924,0xc4,8,251f1ddb165050ab,benign,,
1762525336.0429032,0xc4,8,54744b4148dc43be,benign,,
1762525336.0479631,0xc4,8,56cb124f6b55094b,benign,,
1762525336.0506108,0x2f6,8,0800000000000000,benign,,
1762525336.052667,0x1b4,8,0000000000000000,benign,,
1762525336.0561962,0xc4,8,11047dbb5ce559da,benign,,
1762525336.0620315,0xc4,8,64f85c0668734cc2,benign,,
1762525336.0653868,0xc4,8,34b055e02cda7ed4,benign,,
1762525336.06892,0xc4,8,108d0faa7d4d75f6,benign,,
1762525336.078069,0xc4,8,204b18720a0b17dd,benign,,
1762525336.083984,0xc4,8,6d1f4d9e04b118a6,benign,,
1762525336.0898776,0x1a0,8,000032f120300275,benign,,
1762525336.117374,0xc4,8,5fc51cf720d6165d,benign,,
1762525336.2094557,0xc4,8,0000000000000000,benign,,
1762525336.2134433,0xba,8,033264324101000d,benign,,
1762525336.2140594,0xc4,8,5b9a0af369c645f3,benign,,
1762525336.2148228,0xce,8,0000000000000000,benign,,
1762525336.2167,0x24b,8,0008000000000000,benign,,
1762525336.219015,0xc4,8,66bf283a43b96a83,benign,,
1762525336.2229915,0xc4,8,128f5079361038ef,benign,,
1762525336.2293084,0x2f6,8,0800000000000000,benign,,
1762525336.2317224,0xc4,8,2c2275df248e6d11,benign,,
1762525336.2325234,0x1b4,8,0000000000000000,benign,,
1762525336.2354512,0xc4,8,61c1119e15e3114a,benign,,
1762525336.24002,0xc4,8,4633330a2b5070df,benign,,
1762525336.2431705,0xc4,8,59e92b9f3f642b97,benign,,
1762525336.253007,0xc4,8,14ac13e76a1108a0,benign,,
1762525336.2663116,0x1a0,8,000032f120300275,benign,,
1762525336.3507788,0xc4,8,412c01b3685b1c6c,benign,,
1762525336.370531,0xc4,8,0000000000000000,benign,,
1762525336.3730235,0xba,8,033264324101000d,benign,,
1762525336.3745387,0xc4,8,76911dcd0b7527db,benign,,
1762525336.3746705,0xce,8,0000000000000000,benign,,
1762525336.376509,0x24b,8,0008000000000000,benign,,
1762525336.37906,0xc4,8,45f359d02ede193a,benign,,
1762525336.3822894,0xc4,8,44b47a7c0e9b66f8,benign,,
1762525336.3889396,0x2f6,8,0800000000000000,benign,,
1762525336.3897076,0xc4,8,3684363a5a327206,benign,,
1762525336.3924272,0x1b4,8,0000000000000000,benign,,
1762525336.395274,0xc4,8,6c081a7e7ec61874,benign,,
1762525336.4009411,0xc4,8,3dc871556a901656,benign,,
1762525336.4145079,0xc4,8,257e3a1215b25ca3,benign,,
1762525336.4193597,0xc4,8,20146eea126b54c2,benign,,
1762525336.4256063,0x1a0,8,000032f120300275,benign,,
1762525336.50671,0xc4,8,608e20680c7c30b8,benign,,
1762525336.5263512,0xc4,8,0000000000000000,benign,,
1762525336.5307899,0xba,8,033264324101000d,benign,,
1762525336.5324204,0xce,8,0000000000000000,benign,,
1762525336.5325723,0xc4,8,3fd96bfa625362e5,benign,,
1762525336.5354836,0x24b,8,0008000000000000,benign,,
1762525336.5383565,0xc4,8,6efe0af15ac735b6,benign,,
1762525336.5460434,0x2f6,8,0800000000000000,benign,,
1762525336.5468907,0xc4,8,6d2a65a226747e6c,benign,,
1762525336.5515041,0x1b4,8,0000000000000000,benign,,
1762525336.5562136,0xc4,8,159976b20d2912d9,benign,,
1762525336.5625696,0xc4,8,62d31ca733f63831,benign,,
1762525336.5755467,0xc4,8,31e35c6378fb7d0a,benign,,
1762525336.5841837,0xc4,8,432f521a253b6836,benign,,
1762525336.599253,0xc4,8,796a09a07470421d,benign,,
1762525336.638498,0x1a0,8,000032f120300275,benign,,
1762525336.7518516,0xc4,8,5a0a4f4e1d1c64a8,benign,,
1762525336.8164618,0xc4,8,0000000000000000,benign,,
1762525336.8191712,0xba,8,033264324101000d,benign,,
1762525336.820699,0xc4,8,1e34551353c839ec,benign,,
1762525336.8221538,0xce,8,0000000000000000,benign,,
1762525336.8271499,0x24b,8,0008000000000000,benign,,
1762525336.8289924,0xc4,8,730a69a423eb499e,benign,,
1762525336.832445,0xc4,8,26593c336f3a45c3,benign,,
1762525336.8373575,0x2f6,8,0800000000000000,benign,,
1762525336.8445075,0xc4,8,39131c545f3a0f83,benign,,
1762525336.8443344,0x1b4,8,0000000000000000,benign,,
1762525336.8488069,0xc4,8,06dc6128164527bb,benign,,
1762525336.8532734,0xc4,8,73f0092e750105d8,benign,,
1762525336.8800015,0xc4,8,762c4d267196558b,benign,,
1762525336.883685,0x1a0,8,000032f120300275,benign,,
1762525337.0020802,0xc4,8,0000000000000000,benign,,
1762525337.0068398,0xc4,8,6b5212414150103f,benign,,
1762525337.0072477,0xba,8,033264324101000d,benign,,
1762525337.008363,0xce,8,0000000000000000,benign,,
1762525337.009542,0xc4,8,1d0d5493035664c6,benign,,
1762525337.0096993,0x24b,8,0008000000000000,benign,,
1762525337.0137587,0xc4,8,787965cb07a41fd8,benign,,
1762525337.0165539,0xc4,8,0f823f76155c1577,benign,,
1762525337.023308,0x2f6,8,0800000000000000,benign,,
1762525337.0277565,0xc4,8,296b2bf841ce77c5,benign,,
1762525337.0278878,0x1b4,8,0000000000000000,benign,,
1762525337.0318696,0xc4,8,48dd54b7149605cd,benign,,
1762525337.0354412,0xc4,8,6cb30fa637e47adb,benign,,
1762525337.039968,0xc4,8,2e1324f360316902,benign,,
1762525337.0441859,0xc4,8,55827e82032d7414,benign,,
1762525337.0507236,0xc4,8,66bc0db0431c2304,benign,,
1762525337.0609252,0x1a0,8,000032f120300275,benign,,
1762525337.0624216,0xc4,8,7f235ab218d65524,benign,,
1762525337.1683023,0xc4,8,0000000000000000,benign,,
1762525337.1721957,0xc4,8,5bc701ef1eb9630b,benign,,
1762525337.1720264,0xba,8,033264324101000d,benign,,
1762525337.174055,0xce,8,0000000000000000,benign,,
1762525337.1756873,0xc4,8,66130a0c5e376659,benign,,
1762525337.175887,0x24b,8,0008000000000000,benign,,
1762525337.1790175,0xc4,8,10286687221e5214,benign,,
1762525337.1851292,0xc4,8,044a746b56f64f88,benign,,
1762525337.1852856,0x2f6,8,0800000000000000,benign,,
1762525337.1904242,0x1b4,8,0000000000000000,benign,,
1762525337.1930244,0xc4,8,12c70ba731876f33,benign,,
1762525337.201946,0xc4,8,0bc6574c2274556b,benign,,
1762525337.2168288,0xc4,8,466f483835c240a3,benign,,
1762525337.2233121,0xc4,8,6d731a400482335a,benign,,
1762525337.2327738,0xc4,8,00e36cb91d7e357c,benign,,
1762525337.23706,0x1a0,8,000032f120300275,benign,,
1762525337.335864,0xc4,8,0000000000000000,benign,,
1762525337.3372514,0xc4,8,43ff009276ff0cee,benign,,
1762525337.3383765,0xba,8,033264324101000d,benign,,
1762525337.3399816,0xce,8,0000000000000000,benign,,
1762525337.340908,0xc4,8,0f8a46dc0f450905,benign,,
1762525337.3418329,0x24b,8,0008000000000000,benign,,
1762525337.3450475,0xc4,8,5b645647405d42f6,benign,,
1762525337.3484464,0xc4,8,1edf401672d71a53,benign,,
1762525337.3570452,0xc4,8,3cac03e140356b98,benign,,
1762525337.3580084,0x2f6,8,0800000000000000,benign,,
1762525337.3609111,0x1b4,8,0000000000000000,benign,,
1762525337.3656716,0xc4,8,5541479017cd5c3e,benign,,
1762525337.3861656,0xc4,8,486f545d29484cef,benign,,
1762525337.3949316,0x1a0,8,000032f120300275,benign,,
1762525337.4761777,0xc4,8,0e946d491c612816,benign,,
1762525337.5113366,0xc4,8,0000000000000000,benign,,
1762525337.5138276,0xba,8,033264324101000d,benign,,
1762525337.5156276,0xc4,8,6f6d7d252e77446a,benign,,
1762525337.5158439,0xce,8,0000000000000000,benign,,
1762525337.5176105,0x24b,8,0008000000000000,benign,,
1762525337.5199637,0xc4,8,7e601317360f4488,benign,,
1762525337.5233707,0xc4,8,0a6c0e1d6543328d,benign,,
1762525337.52661,0xc4,8,6d98376e382b1a20,benign,,
1762525337.5307224,0x2f6,8,0800000000000000,benign,,
1762525337.5344138,0xc4,8,3ec43be26f603eae,benign,,
1762525337.535554,0x1b4,8,0000000000000000,benign,,
1762525337.5398357,0xc4,8,03014eb71305678f,benign,,
1762525337.5442,0xc4,8,0fa25a3d03ad3293,benign,,
1762525337.5476031,0xc4,8,73f645ed18b813a4,benign,,
1762525337.559761,0xc4,8,3af0379345cc5b1b,benign,,
1762525337.5680044,0x1a0,8,000032f120300275,benign,,
1762525337.5695994,0xc4,8,6a86068c2b216bd8,benign,,
1762525337.5733008,0xc4,8,6f243eae656b2126,benign,,
1762525337.5760615,0xc4,8,693727d54ede397e,benign,,
1762525337.6932163,0xc4,8,0000000000000000,benign,,
1762525337.6949704,0xc4,8,03972ecd01877375,benign,,
1762525337.6967719,0xba,8,033264324101000d,benign,,
1762525337.697976,0xce,8,0000000000000000,benign,,
1762525337.6994822,0xc4,8,3b29325c50f104f9,benign,,
1762525337.6996546,0x24b,8,0008000000000000,benign,,
1762525337.703329,0xc4,8,4987060856f66bde,benign,,
1762525337.706846,0xc4,8,5aba62872aa70ff7,benign,,
1762525337.7117019,0x2f6,8,0800000000000000,benign,,
1762525337.7142987,0xc4,8,0f000b9351427102,benign,,
1762525337.7150807,0x1b4,8,0000000000000000,benign,,
1762525337.7180674,0xc4,8,2b9b72bd1fe55de8,benign,,
1762525337.7232175,0xc4,8,67a10d007b6005a9,benign,,
1762525337.7263808,0xc4,8,417b375d37a66630,benign,,
1762525337.7374063,0xc4,8,671d090c286238b1,benign,,
1762525337.746186,0xc4,8,2fcc5c827e9006a8,benign,,
1762525337.748347,0x1a0,8,000032f120300275,benign,,
1762525337.8535383,0xc4,8,0000000000000000,benign,,
1762525337.8554528,0xc4,8,5e8a663c090b0ce0,benign,,
1762525337.8561544,0xba,8,033264324101000d,benign,,
1762525337.857128,0xce,8,0000000000000000,benign,,
1762525337.8582876,0xc4,8,18d358ab797452d1,benign,,
1762525337.8586528,0x24b,8,0008000000000000,benign,,
1762525337.862622,0xc4,8,44a47f816d175f7a,benign,,
1762525337.8660293,0xc4,8,46a76e837af61722,benign,,
1762525337.8733733,0x2f6,8,0800000000000000,benign,,
1762525337.8772447,0xc4,8,35c011fb223d491a,benign,,
1762525337.8779051,0x1b4,8,0000000000000000,benign,,
1762525337.8802626,0xc4,8,7569053d13b11858,benign,,
1762525337.8860188,0xc4,8,51c5046d110c73cc,benign,,
1762525337.9028215,0xc4,8,10197ee3648d3c7d,benign,,
1762525337.9110887,0xc4,8,123f7a0415f36b32,benign,,
1762525337.9144258,0x1a0,8,000032f120300275,benign,,
1762525338.010806,0xc4,8,6173609668e11c01,benign,,
1762525338.0105903,0xc4,8,0000000000000000,benign,,
1762525338.0137002,0xba,8,033264324101000d,benign,,
1762525338.01532,0xce,8,0000000000000000,benign,,
1762525338.016015,0xc4,8,06410ce7520e04e5,benign,,
1762525338.016963,0x24b,8,0008000000000000,benign,,
1762525338.0195599,0xc4,8,263f0e6a0c963d27,benign,,
1762525338.0225675,0xc4,8,7578069561ea10ba,benign,,
1762525338.0263963,0xc4,8,130325772e680a84,benign,,
1762525338.0311842,0x2f6,8,0800000000000000,benign,,
1762525338.0340729,0x1b4,8,0000000000000000,benign,,
1762525338.033953,0xc4,8,19a56d853a75097b,benign,,
1762525338.0401604,0xc4,8,0d1158c7329c436e,benign,,
1762525338.0436842,0xc4,8,248a4b7910072490,benign,,
1762525338.0546544,0xc4,8,0b3306f84ceb2ab9,benign,,
1762525338.0611339,0x1a0,8,000032f120300275,benign,,
1762525338.0673506,0xc4,8,3a1b145618dc6bad,benign,,
1762525338.1653025,0xc4,8,0000000000000000,benign,,
1762525338.170013,0xc4,8,387b07684c9f2416,benign,,
1762525338.171499,0xba,8,033264324101000d,benign,,
1762525338.1755092,0xce,8,0000000000000000,benign,,
1762525338.177891,0xc4,8,655e1a1a6c0443ea,benign,,
1762525338.1782498,0x24b,8,0008000000000000,benign,,
1762525338.182144,0xc4,8,54555f860fe1089b,benign,,
1762525338.1908467,0x2f6,8,0800000000000000,benign,,
1762525338.194581,0x1b4,8,0000000000000000,benign,,
1762525338.1955996,0xc4,8,0fe97ccb43482408,benign,,
1762525338.207056,0xc4,8,6d20359400ae3073,benign,,
1762525338.2244096,0xc4,8,26bf2c930dbc0843,benign,,
1762525338.2360446,0xc4,8,656d35a207db2cd5,benign,,
1762525338.2404404,0xc4,8,1108282d1d8d5c56,benign,,
1762525338.2501001,0xc4,8,1d9735e8716360dc,benign,,
1762525338.2536943,0xc4,8,7cc15d4275a53356,benign,,
1762525338.2574384,0xc4,8,67a63af03ee41e7c,benign,,
1762525338.2606263,0xc4,8,20642b93680633b2,benign,,
1762525338.2674048,0xc4,8,6ba7332445781522,benign,,
1762525338.2736475,0xc4,8,03b467d123924738,benign,,
1762525338.2837455,0xc4,8,6cf36dd0057b0399,benign,,
1762525338.2969832,0xc4,8,5d6c1eef334812f3,benign,,
1762525338.304613,0xc4,8,711b081b5b003d89,benign,,
1762525338.317621,0xc4,8,3ef57a991ba51cd9,benign,,
1762525338.3259485,0xc4,8,778174d237075f60,benign,,
1762525338.3307545,0xc4,8,3ded65fa26a935a1,benign,,
1762525338.3362064,0xc4,8,2d406ce974583373,benign,,
1762525338.3410804,0xc4,8,79f47d8c1b444e62,benign,,
1762525338.3450737,0xc4,8,796366f9718e7725,benign,,
1762525338.3481464,0xc4,8,305868ab2d3967f9,benign,,
1762525338.3509805,0xc4,8,33ca0e845de87c10,benign,,
1762525338.353756,0xc4,8,1c0f3d550ce76c17,benign,,
1762525338.3567116,0xc4,8,43a25d4a037b4e73,benign,,
1762525338.360111,0xc4,8,17e131c712533bb7,benign,,
1762525338.362992,0xc4,8,6808655127de16b2,benign,,
1762525338.3659635,0xc4,8,0abf4bee6c165e6a,benign,,
1762525338.368895,0xc4,8,59801c18631341f1,benign,,
1762525338.3717108,0xc4,8,0f126e9c106a6098,benign,,
1762525338.374952,0xc4,8,6e585d817fdc20b4,benign,,
1762525338.377556,0xc4,8,2e6852ea43142be3,benign,,
1762525338.380349,0xc4,8,656b2f1c69024436,benign,,
1762525338.3831782,0xc4,8,7b66408f48a12eee,benign,,
1762525338.385843,0xc4,8,485e6a9e50cf69f4,benign,,
1762525338.3888981,0xc4,8,4fb563cf13f64242,benign,,
1762525338.391668,0xc4,8,7e14688463c0695c,benign,,
1762525338.394301,0xc4,8,6967359930105faa,benign,,
1762525338.3968792,0xc4,8,2515736548d8417f,benign,,
1762525338.3998327,0xc4,8,63b73b162bfb42c9,benign,,
1762525338.402695,0xc4,8,26b936844a1b1b94,benign,,
1762525338.4056928,0xc4,8,621b368d79b854fc,benign,,
1762525338.4085438,0xc4,8,70432cd767ea4d34,benign,,
